[2026-06-04T18:43:03.524] [DEBUG] debug-file - session manager: set active socket. socketId=itrv2o8a2fjq1swJAAAl
[2026-06-04T18:43:03.530] [DEBUG] debug-file - watch worker: worker id should be larger than 0. Nothing will be sent to any worker thread.
[2026-06-04T18:43:03.544] [DEBUG] debug-file - Workers' log level updated to INFO
[2026-06-04T18:43:03.556] [DEBUG] debug-file - Hvigor init with startParameters:{
  hvigorfileTypeCheck: false,
  parallelExecution: true,
  incrementalExecution: true,
  printStackTrace: false,
  daemon: true,
  analyze: 0,
  logLevel: Level { level: 20000, levelStr: 'INFO', colour: 'green' },
  optimizationStrategy: 'memory',
  hotCompile: undefined,
  hotReloadBuild: undefined,
  customizedParam: undefined
}
[2026-06-04T18:43:03.569] [DEBUG] debug-file - Cache service initialization finished in 13 ms 
[2026-06-04T18:43:03.570] [DEBUG] debug-file - hvigorfile, resolving /Users/wangyifan/Downloads/harmonyOS/harmonychat-main/hvigorfile.ts
[2026-06-04T18:43:03.589] [DEBUG] debug-file - hvigorfile, require result:  { default: { plugins: [] } }
[2026-06-04T18:43:03.590] [DEBUG] debug-file - hvigorfile, binding system plugins null
[2026-06-04T18:43:03.592] [DEBUG] debug-file - Starting plugin build process
[2026-06-04T18:43:03.593] [DEBUG] debug-file - App plugin prepare start...
[2026-06-04T18:43:03.593] [DEBUG] debug-file - App plugin prepare end...
[2026-06-04T18:43:03.593] [DEBUG] debug-file - App plugin creating...
[2026-06-04T18:43:03.597] [DEBUG] debug-file - App plugin register hook start...
[2026-06-04T18:43:03.597] [DEBUG] debug-file - App plugin register hook end...
[2026-06-04T18:43:03.597] [DEBUG] debug-file - Plugin build process completed
[2026-06-04T18:43:03.597] [DEBUG] debug-file - Start initialize project's product build option map with build mode debug.
[2026-06-04T18:43:03.597] [DEBUG] debug-file - Picking option from product 'default' with build mode 'debug'.
[2026-06-04T18:43:03.598] [DEBUG] debug-file - Product 'default' build option initialized
[2026-06-04T18:43:03.598] [DEBUG] debug-file - End initialize project's product build option map with build mode 'debug'.
[2026-06-04T18:43:03.598] [DEBUG] debug-file - Obtain build option for product 'default'in this build.
[2026-06-04T18:43:03.599] [DEBUG] debug-file - No signingConfig found, initRemoteHspCache failed.
[2026-06-04T18:43:03.600] [DEBUG] debug-file - Start recording SDK configuration permission data.
[2026-06-04T18:43:03.623] [DEBUG] debug-file - Sdk init in 24 ms 
[2026-06-04T18:43:03.625] [DEBUG] debug-file - Project task initialization takes 2 ms 
[2026-06-04T18:43:03.625] [DEBUG] debug-file - hvigorfile, begin to bind custom plugins...
[2026-06-04T18:43:03.626] [DEBUG] debug-file - hvigorfile, no custom plugins were found in /Users/wangyifan/Downloads/harmonyOS/harmonychat-main/hvigorfile.ts
[2026-06-04T18:43:03.626] [DEBUG] debug-file - hvigorfile, resolve finished /Users/wangyifan/Downloads/harmonyOS/harmonychat-main/hvigorfile.ts
[2026-06-04T18:43:03.626] [DEBUG] debug-file - hvigorfile, resolving /Users/wangyifan/Downloads/harmonyOS/harmonychat-main/entry/hvigorfile.ts
[2026-06-04T18:43:03.629] [DEBUG] debug-file - hvigorfile, require result:  { default: { plugins: [] } }
[2026-06-04T18:43:03.629] [DEBUG] debug-file - hvigorfile, binding system plugins null
[2026-06-04T18:43:03.629] [DEBUG] debug-file - Starting plugin build process
[2026-06-04T18:43:03.629] [DEBUG] debug-file - Hap plugin creating...
[2026-06-04T18:43:03.631] [DEBUG] debug-file - failed to load cangjie to dynamically generate schemas: Error: Cannot find module '@ohos/cangjie-build-support/index'
Require stack:
- /Applications/DevEco-Studio.app/Contents/tools/hvigor/hvigor-ohos-plugin/src/plugin/hooks/cangjie-register.js
- /Applications/DevEco-Studio.app/Contents/tools/hvigor/hvigor-ohos-plugin/src/plugin/strategy/stage-init-strategy.js
- /Applications/DevEco-Studio.app/Contents/tools/hvigor/hvigor-ohos-plugin/src/plugin/builder/abstract-plugin-builder.js
- /Applications/DevEco-Studio.app/Contents/tools/hvigor/hvigor-ohos-plugin/src/plugin/builder/app-plugin-builder.js
- /Applications/DevEco-Studio.app/Contents/tools/hvigor/hvigor-ohos-plugin/src/plugin/factory/plugin-factory.js
- /Applications/DevEco-Studio.app/Contents/tools/hvigor/hvigor-ohos-plugin/index.js
- /Users/wangyifan/Downloads/harmonyOS/harmonychat-main/hvigorfile.ts
- /Applications/DevEco-Studio.app/Contents/tools/hvigor/hvigor/src/base/internal/lifecycle/configuration.js
- /Applications/DevEco-Studio.app/Contents/tools/hvigor/hvigor/src/base/boot/index.js
- /Applications/DevEco-Studio.app/Contents/tools/hvigor/hvigor/src/base/daemon/cluster/worker-process-lifecycle.js
- /Applications/DevEco-Studio.app/Contents/tools/hvigor/hvigor/src/base/daemon/process/daemon-process-boot-script.js
[2026-06-04T18:43:03.633] [DEBUG] debug-file - Start initialize module-target build option map, moduleName=entry, buildMode=debug
[2026-06-04T18:43:03.633] [DEBUG] debug-file - Target 'default' config initialized
[2026-06-04T18:43:03.633] [DEBUG] debug-file - Module 'entry' target 'default' build option initialized
[2026-06-04T18:43:03.633] [DEBUG] debug-file - End initialize module-target build option map, moduleName=entry
[2026-06-04T18:43:03.633] [DEBUG] debug-file - Start initialize module-target build option map, moduleName=entry, buildMode=release
[2026-06-04T18:43:03.633] [DEBUG] debug-file - Target 'default' config initialized
[2026-06-04T18:43:03.634] [DEBUG] debug-file - Module 'entry' target 'default' build option initialized
[2026-06-04T18:43:03.634] [DEBUG] debug-file - End initialize module-target build option map, moduleName=entry
[2026-06-04T18:43:03.634] [DEBUG] debug-file - Start initialize module-target build option map, moduleName=entry, buildMode=debug
[2026-06-04T18:43:03.634] [DEBUG] debug-file - Target 'default' config initialized
[2026-06-04T18:43:03.634] [DEBUG] debug-file - Module 'entry' target 'default' build option initialized
[2026-06-04T18:43:03.634] [DEBUG] debug-file - End initialize module-target build option map, moduleName=entry
[2026-06-04T18:43:03.634] [DEBUG] debug-file - Obtain build option for module 'entry' target 'default'in this build.
[2026-06-04T18:43:03.635] [DEBUG] debug-file - Module entry task initialization takes 2 ms 
[2026-06-04T18:43:03.636] [DEBUG] debug-file - Hap plugin register hook start...
[2026-06-04T18:43:03.636] [DEBUG] debug-file - Hap plugin register hook end...
[2026-06-04T18:43:03.636] [DEBUG] debug-file - Plugin build process completed
[2026-06-04T18:43:03.636] [DEBUG] debug-file - hvigorfile, begin to bind custom plugins...
[2026-06-04T18:43:03.636] [DEBUG] debug-file - hvigorfile, no custom plugins were found in /Users/wangyifan/Downloads/harmonyOS/harmonychat-main/entry/hvigorfile.ts
[2026-06-04T18:43:03.636] [DEBUG] debug-file - hvigorfile, resolve finished /Users/wangyifan/Downloads/harmonyOS/harmonychat-main/entry/hvigorfile.ts
[2026-06-04T18:43:03.725] [DEBUG] debug-file - hvigorfile, resolve hvigorfile dependencies in 90 ms 
[2026-06-04T18:43:03.725] [DEBUG] debug-file - project has submodules:entry
[2026-06-04T18:43:03.727] [DEBUG] debug-file - start to load updatedOhPackageInfo to the disk
[2026-06-04T18:43:03.728] [DEBUG] debug-file - load to the disk finished
[2026-06-04T18:43:03.729] [DEBUG] debug-file - Start to initialize dependency information.
[2026-06-04T18:43:03.730] [DEBUG] debug-file - Module harmonychat-main Collected Dependency: 
[2026-06-04T18:43:03.730] [DEBUG] debug-file - Module harmonychat-main's total dependency: 0
[2026-06-04T18:43:03.730] [DEBUG] debug-file - Start to initialize dependency information.
[2026-06-04T18:43:03.730] [DEBUG] debug-file - Module entry Collected Dependency: /Users/wangyifan/Downloads/harmonyOS/harmonychat-main/oh_modules/.ohpm/mobileimsdk@hoop830zxxr8xnn6crmdrvjoor6h7alv6wz1iybybxq=/oh_modules/mobileimsdk
[2026-06-04T18:43:03.730] [DEBUG] debug-file - Module entry's total dependency: 1
[2026-06-04T18:43:03.731] [DEBUG] debug-file - Configuration phase cost:163 ms 
[2026-06-04T18:43:03.732] [DEBUG] debug-file - Configuration task cost before running: 187 ms 
[2026-06-04T18:43:03.734] [DEBUG] debug-file - Executing task :entry:default@PreBuild
[2026-06-04T18:43:03.734] [DEBUG] debug-file - Task 'entry:default@PreBuild' cost while wrapping incremental declarations: 1 ms 
[2026-06-04T18:43:03.737] [DEBUG] debug-file - Incremental task entry:default@PreBuild pre-execution cost: 2 ms .
[2026-06-04T18:43:03.737] [DEBUG] debug-file - entry : default@PreBuild cost memory 0.25276947021484375
[2026-06-04T18:43:03.738] [INFO] debug-file - UP-TO-DATE :entry:default@PreBuild...  
[2026-06-04T18:43:03.738] [DEBUG] debug-file - Executing task :entry:default@CreateModuleInfo
[2026-06-04T18:43:03.739] [DEBUG] debug-file - Task 'entry:default@CreateModuleInfo' cost while wrapping incremental declarations: 1 ms 
[2026-06-04T18:43:03.739] [DEBUG] debug-file - entry : default@CreateModuleInfo cost memory 0.03743743896484375
[2026-06-04T18:43:03.739] [DEBUG] debug-file - runTaskFromQueue task cost before running: 194 ms 
[2026-06-04T18:43:03.739] [INFO] debug-file - Finished :entry:default@CreateModuleInfo... after 1 ms 
[2026-06-04T18:43:03.740] [DEBUG] debug-file - Executing task :entry:default@GenerateMetadata
[2026-06-04T18:43:03.740] [DEBUG] debug-file - Task 'entry:default@GenerateMetadata' cost while wrapping incremental declarations: 1 ms 
[2026-06-04T18:43:03.741] [DEBUG] debug-file - Incremental task entry:default@GenerateMetadata pre-execution cost: 1 ms .
[2026-06-04T18:43:03.741] [DEBUG] debug-file - entry : default@GenerateMetadata cost memory 0.07120513916015625
[2026-06-04T18:43:03.741] [INFO] debug-file - UP-TO-DATE :entry:default@GenerateMetadata...  
[2026-06-04T18:43:03.742] [DEBUG] debug-file - Executing task :entry:default@ConfigureCmake
[2026-06-04T18:43:03.742] [DEBUG] debug-file - entry : default@ConfigureCmake cost memory 0.01384735107421875
[2026-06-04T18:43:03.742] [DEBUG] debug-file - runTaskFromQueue task cost before running: 197 ms 
[2026-06-04T18:43:03.742] [INFO] debug-file - Finished :entry:default@ConfigureCmake... after 1 ms 
[2026-06-04T18:43:03.742] [DEBUG] debug-file - Executing task :entry:default@MergeProfile
[2026-06-04T18:43:03.742] [DEBUG] debug-file - Task 'entry:default@MergeProfile' cost while wrapping incremental declarations: 1 ms 
[2026-06-04T18:43:03.743] [DEBUG] debug-file - Incremental task entry:default@MergeProfile pre-execution cost: 1 ms .
[2026-06-04T18:43:03.743] [DEBUG] debug-file - entry : default@MergeProfile cost memory 0.12110137939453125
[2026-06-04T18:43:03.743] [INFO] debug-file - UP-TO-DATE :entry:default@MergeProfile...  
[2026-06-04T18:43:03.744] [DEBUG] debug-file - Executing task :entry:default@CreateBuildProfile
[2026-06-04T18:43:03.744] [DEBUG] debug-file - Task 'entry:default@CreateBuildProfile' cost while wrapping incremental declarations: 1 ms 
[2026-06-04T18:43:03.744] [DEBUG] debug-file - Incremental task entry:default@CreateBuildProfile pre-execution cost: 1 ms .
[2026-06-04T18:43:03.744] [DEBUG] debug-file - entry : default@CreateBuildProfile cost memory 0.087921142578125
[2026-06-04T18:43:03.744] [INFO] debug-file - UP-TO-DATE :entry:default@CreateBuildProfile...  
[2026-06-04T18:43:03.745] [DEBUG] debug-file - Executing task :entry:default@PreCheckSyscap
[2026-06-04T18:43:03.745] [DEBUG] debug-file - entry : default@PreCheckSyscap cost memory 0.014068603515625
[2026-06-04T18:43:03.745] [DEBUG] debug-file - runTaskFromQueue task cost before running: 200 ms 
[2026-06-04T18:43:03.745] [INFO] debug-file - Finished :entry:default@PreCheckSyscap... after 1 ms 
[2026-06-04T18:43:03.745] [DEBUG] debug-file - Executing task :entry:default@GeneratePkgContextInfo
[2026-06-04T18:43:03.747] [DEBUG] debug-file - Task 'entry:default@GeneratePkgContextInfo' cost while wrapping incremental declarations: 1 ms 
[2026-06-04T18:43:03.748] [DEBUG] debug-file - Incremental task entry:default@GeneratePkgContextInfo pre-execution cost: 1 ms .
[2026-06-04T18:43:03.748] [DEBUG] debug-file - entry : default@GeneratePkgContextInfo cost memory 0.53192138671875
[2026-06-04T18:43:03.748] [INFO] debug-file - UP-TO-DATE :entry:default@GeneratePkgContextInfo...  
[2026-06-04T18:43:03.748] [DEBUG] debug-file - Executing task :entry:default@GeneratePkgSdkInfo
[2026-06-04T18:43:03.748] [DEBUG] debug-file - Task 'entry:default@GeneratePkgSdkInfo' cost while wrapping incremental declarations: 1 ms 
[2026-06-04T18:43:03.748] [DEBUG] debug-file - entry : default@GeneratePkgSdkInfo cost memory 0.110748291015625
[2026-06-04T18:43:03.748] [DEBUG] debug-file - runTaskFromQueue task cost before running: 203 ms 
[2026-06-04T18:43:03.748] [INFO] debug-file - Finished :entry:default@GeneratePkgSdkInfo... after 1 ms 
[2026-06-04T18:43:03.749] [DEBUG] debug-file - Executing task :entry:default@ProcessIntegratedHsp
[2026-06-04T18:43:03.749] [DEBUG] debug-file - entry:default@ProcessIntegratedHsp is not up-to-date, since the output file '/Users/wangyifan/Downloads/harmonyOS/harmonychat-main/build/cache/default/integrated_hsp/integratedHspCache.json' does not exist.
[2026-06-04T18:43:03.749] [DEBUG] debug-file - Incremental task entry:default@ProcessIntegratedHsp pre-execution cost: 1 ms .
[2026-06-04T18:43:03.749] [DEBUG] debug-file - entry : default@ProcessIntegratedHsp cost memory 0.0557098388671875
[2026-06-04T18:43:03.749] [DEBUG] debug-file - runTaskFromQueue task cost before running: 204 ms 
[2026-06-04T18:43:03.749] [INFO] debug-file - Finished :entry:default@ProcessIntegratedHsp... after 1 ms 
[2026-06-04T18:43:03.750] [DEBUG] debug-file - Executing task :entry:default@BuildNativeWithCmake
[2026-06-04T18:43:03.750] [DEBUG] debug-file - entry : default@BuildNativeWithCmake cost memory 0.01384735107421875
[2026-06-04T18:43:03.750] [DEBUG] debug-file - runTaskFromQueue task cost before running: 205 ms 
[2026-06-04T18:43:03.750] [INFO] debug-file - Finished :entry:default@BuildNativeWithCmake... after 1 ms 
[2026-06-04T18:43:03.750] [DEBUG] debug-file - Executing task :entry:default@MakePackInfo
[2026-06-04T18:43:03.750] [DEBUG] debug-file - Incremental task entry:default@MakePackInfo pre-execution cost: 1 ms .
[2026-06-04T18:43:03.750] [DEBUG] debug-file - entry : default@MakePackInfo cost memory 0.09424591064453125
[2026-06-04T18:43:03.751] [INFO] debug-file - UP-TO-DATE :entry:default@MakePackInfo...  
[2026-06-04T18:43:03.751] [DEBUG] debug-file - Executing task :entry:default@SyscapTransform
[2026-06-04T18:43:03.751] [DEBUG] debug-file - File: '/Users/wangyifan/Downloads/harmonyOS/harmonychat-main/entry/src/main/syscap.json' from 'sysCapJsonPath' is not exists, just ignore.
[2026-06-04T18:43:03.751] [DEBUG] debug-file - Task 'entry:default@SyscapTransform' cost while wrapping incremental declarations: 1 ms 
[2026-06-04T18:43:03.753] [DEBUG] debug-file - entry:default@SyscapTransform is not up-to-date, since the output file '/Users/wangyifan/Downloads/harmonyOS/harmonychat-main/entry/build/default/intermediates/syscap/default/rpcid.sc' does not exist.
[2026-06-04T18:43:03.753] [DEBUG] debug-file - Incremental task entry:default@SyscapTransform pre-execution cost: 2 ms .
[2026-06-04T18:43:03.753] [DEBUG] debug-file - entry : default@SyscapTransform cost memory 0.10866546630859375
[2026-06-04T18:43:03.753] [DEBUG] debug-file - runTaskFromQueue task cost before running: 208 ms 
[2026-06-04T18:43:03.753] [INFO] debug-file - Finished :entry:default@SyscapTransform... after 2 ms 
[2026-06-04T18:43:03.754] [DEBUG] debug-file - Executing task :entry:default@ProcessProfile
[2026-06-04T18:43:03.755] [DEBUG] debug-file - Task 'entry:default@ProcessProfile' cost while wrapping incremental declarations: 1 ms 
[2026-06-04T18:43:03.755] [DEBUG] debug-file - Incremental task entry:default@ProcessProfile pre-execution cost: 1 ms .
[2026-06-04T18:43:03.755] [DEBUG] debug-file - entry : default@ProcessProfile cost memory 0.11774444580078125
[2026-06-04T18:43:03.755] [INFO] debug-file - UP-TO-DATE :entry:default@ProcessProfile...  
[2026-06-04T18:43:03.756] [DEBUG] debug-file - Executing task :entry:default@ProcessRouterMap
[2026-06-04T18:43:03.756] [DEBUG] debug-file - Incremental task entry:default@ProcessRouterMap pre-execution cost: 1 ms .
[2026-06-04T18:43:03.757] [DEBUG] debug-file - entry : default@ProcessRouterMap cost memory 0.1434783935546875
[2026-06-04T18:43:03.757] [INFO] debug-file - UP-TO-DATE :entry:default@ProcessRouterMap...  
[2026-06-04T18:43:03.757] [DEBUG] debug-file - Executing task :entry:default@ProcessShareConfig
[2026-06-04T18:43:03.758] [DEBUG] debug-file - Incremental task entry:default@ProcessShareConfig pre-execution cost: 1 ms .
[2026-06-04T18:43:03.758] [DEBUG] debug-file - entry : default@ProcessShareConfig cost memory 0.12703704833984375
[2026-06-04T18:43:03.758] [INFO] debug-file - UP-TO-DATE :entry:default@ProcessShareConfig...  
[2026-06-04T18:43:03.758] [DEBUG] debug-file - Executing task :entry:default@ProcessStartupConfig
[2026-06-04T18:43:03.758] [DEBUG] debug-file - Task 'entry:default@ProcessStartupConfig' cost while wrapping incremental declarations: 1 ms 
[2026-06-04T18:43:03.759] [DEBUG] debug-file - entry:default@ProcessStartupConfig is not up-to-date, since the output file '/Users/wangyifan/Downloads/harmonyOS/harmonychat-main/entry/build/default/intermediates/startup/default/startup_config.json' does not exist.
[2026-06-04T18:43:03.759] [DEBUG] debug-file - Incremental task entry:default@ProcessStartupConfig pre-execution cost: 1 ms .
[2026-06-04T18:43:03.759] [DEBUG] debug-file - entry : default@ProcessStartupConfig cost memory 0.2315216064453125
[2026-06-04T18:43:03.759] [DEBUG] debug-file - runTaskFromQueue task cost before running: 214 ms 
[2026-06-04T18:43:03.759] [INFO] debug-file - Finished :entry:default@ProcessStartupConfig... after 2 ms 
[2026-06-04T18:43:03.760] [DEBUG] debug-file - Executing task :entry:default@BuildNativeWithNinja
[2026-06-04T18:43:03.760] [DEBUG] debug-file - entry : default@BuildNativeWithNinja cost memory 0.0194549560546875
[2026-06-04T18:43:03.760] [DEBUG] debug-file - runTaskFromQueue task cost before running: 215 ms 
[2026-06-04T18:43:03.760] [INFO] debug-file - Finished :entry:default@BuildNativeWithNinja... after 1 ms 
[2026-06-04T18:43:03.761] [DEBUG] debug-file - restool module names: entry; moduleName=entry, taskName=default@ProcessResource
[2026-06-04T18:43:03.762] [DEBUG] debug-file - Executing task :entry:default@ProcessResource
[2026-06-04T18:43:03.762] [DEBUG] debug-file - Task 'entry:default@ProcessResource' cost while wrapping incremental declarations: 1 ms 
[2026-06-04T18:43:03.764] [DEBUG] debug-file - Incremental task entry:default@ProcessResource pre-execution cost: 2 ms .
[2026-06-04T18:43:03.764] [DEBUG] debug-file - entry : default@ProcessResource cost memory -4.729866027832031
[2026-06-04T18:43:03.765] [INFO] debug-file - UP-TO-DATE :entry:default@ProcessResource...  
[2026-06-04T18:43:03.765] [DEBUG] debug-file - Executing task :entry:default@GenerateLoaderJson
[2026-06-04T18:43:03.766] [DEBUG] debug-file - Task 'entry:default@GenerateLoaderJson' cost while wrapping incremental declarations: 1 ms 
[2026-06-04T18:43:03.769] [DEBUG] debug-file - Incremental task entry:default@GenerateLoaderJson pre-execution cost: 3 ms .
[2026-06-04T18:43:03.770] [DEBUG] debug-file - entry : default@GenerateLoaderJson cost memory 0.5238800048828125
[2026-06-04T18:43:03.771] [INFO] debug-file - UP-TO-DATE :entry:default@GenerateLoaderJson...  
[2026-06-04T18:43:03.771] [DEBUG] debug-file - Executing task :entry:default@ProcessLibs
[2026-06-04T18:43:03.772] [DEBUG] debug-file - Incremental task entry:default@ProcessLibs pre-execution cost: 1 ms .
[2026-06-04T18:43:03.772] [DEBUG] debug-file - entry : default@ProcessLibs cost memory 0.15976715087890625
[2026-06-04T18:43:03.773] [INFO] debug-file - UP-TO-DATE :entry:default@ProcessLibs...  
[2026-06-04T18:43:03.773] [DEBUG] debug-file - restool module names: entry; moduleName=entry, taskName=default@CompileResource
[2026-06-04T18:43:03.773] [DEBUG] debug-file - Executing task :entry:default@CompileResource
[2026-06-04T18:43:03.779] [DEBUG] debug-file - Incremental task entry:default@CompileResource pre-execution cost: 5 ms .
[2026-06-04T18:43:03.779] [DEBUG] debug-file - entry : default@CompileResource cost memory 0.5830917358398438
[2026-06-04T18:43:03.780] [INFO] debug-file - UP-TO-DATE :entry:default@CompileResource...  
[2026-06-04T18:43:03.780] [DEBUG] debug-file - Executing task :entry:default@DoNativeStrip
[2026-06-04T18:43:03.780] [DEBUG] debug-file - File: '/Users/wangyifan/Downloads/harmonyOS/harmonychat-main/entry/build/default/intermediates/binxo/default' from 'doBinxoNativeLibs' is not exists, just ignore.
[2026-06-04T18:43:03.780] [DEBUG] debug-file - Task 'entry:default@DoNativeStrip' cost while wrapping incremental declarations: 1 ms 
[2026-06-04T18:43:03.781] [DEBUG] debug-file - Incremental task entry:default@DoNativeStrip pre-execution cost: 1 ms .
[2026-06-04T18:43:03.781] [DEBUG] debug-file - entry : default@DoNativeStrip cost memory 0.07407379150390625
[2026-06-04T18:43:03.781] [INFO] debug-file - UP-TO-DATE :entry:default@DoNativeStrip...  
[2026-06-04T18:43:03.781] [DEBUG] debug-file - Executing task :entry:default@CompileArkTS
[2026-06-04T18:43:03.782] [DEBUG] debug-file - obfuscationOptions: undefined
[2026-06-04T18:43:03.782] [DEBUG] debug-file - Task 'entry:default@CompileArkTS' cost while wrapping incremental declarations: 1 ms 
[2026-06-04T18:43:03.787] [DEBUG] debug-file - Incremental task entry:default@CompileArkTS pre-execution cost: 5 ms .
[2026-06-04T18:43:03.787] [DEBUG] debug-file - entry : default@CompileArkTS cost memory 0.8663558959960938
[2026-06-04T18:43:03.788] [INFO] debug-file - UP-TO-DATE :entry:default@CompileArkTS...  
[2026-06-04T18:43:03.789] [DEBUG] debug-file - Executing task :entry:default@BuildJS
[2026-06-04T18:43:03.789] [DEBUG] debug-file - Task 'entry:default@BuildJS' cost while wrapping incremental declarations: 1 ms 
[2026-06-04T18:43:03.789] [DEBUG] debug-file - entry : default@BuildJS cost memory 0.13143157958984375
[2026-06-04T18:43:03.789] [DEBUG] debug-file - runTaskFromQueue task cost before running: 244 ms 
[2026-06-04T18:43:03.789] [INFO] debug-file - Finished :entry:default@BuildJS... after 1 ms 
[2026-06-04T18:43:03.790] [DEBUG] debug-file - Executing task :entry:default@CacheNativeLibs
[2026-06-04T18:43:03.790] [DEBUG] debug-file - File: '/Users/wangyifan/Downloads/harmonyOS/harmonychat-main/entry/build/default/intermediates/binxo/default' from 'cacheBinxoNativeLibs' is not exists, just ignore.
[2026-06-04T18:43:03.790] [DEBUG] debug-file - Task 'entry:default@CacheNativeLibs' cost while wrapping incremental declarations: 1 ms 
[2026-06-04T18:43:03.790] [DEBUG] debug-file - Incremental task entry:default@CacheNativeLibs pre-execution cost: 1 ms .
[2026-06-04T18:43:03.790] [DEBUG] debug-file - entry : default@CacheNativeLibs cost memory 0.0861663818359375
[2026-06-04T18:43:03.790] [INFO] debug-file - UP-TO-DATE :entry:default@CacheNativeLibs...  
[2026-06-04T18:43:03.791] [DEBUG] debug-file - Executing task :entry:default@GeneratePkgModuleJson
[2026-06-04T18:43:03.791] [DEBUG] debug-file - File: '/Users/wangyifan/Downloads/harmonyOS/harmonychat-main/entry/build/default/intermediates/preload/default/preload.json' from 'preloadSoJsonPath' is not exists, just ignore.
[2026-06-04T18:43:03.791] [DEBUG] debug-file - Error occurs while handling @Input 'shouldDeduplicateHar': The "data" argument must be of type string or an instance of Buffer, TypedArray, or DataView. Received undefined
[2026-06-04T18:43:03.791] [DEBUG] debug-file - Task 'entry:default@GeneratePkgModuleJson' cost while wrapping incremental declarations: 1 ms 
[2026-06-04T18:43:03.791] [DEBUG] debug-file - Incremental task entry:default@GeneratePkgModuleJson pre-execution cost: 1 ms .
[2026-06-04T18:43:03.791] [DEBUG] debug-file - entry : default@GeneratePkgModuleJson cost memory 0.086181640625
[2026-06-04T18:43:03.791] [INFO] debug-file - UP-TO-DATE :entry:default@GeneratePkgModuleJson...  
[2026-06-04T18:43:03.792] [DEBUG] debug-file - Executing task :entry:default@ProcessCompiledResources
[2026-06-04T18:43:03.792] [DEBUG] debug-file - File: '/Users/wangyifan/Downloads/harmonyOS/harmonychat-main/entry/build/default/intermediates/preload/default/preload.json' from 'preloadSoJsonPath' is not exists, just ignore.
[2026-06-04T18:43:03.792] [DEBUG] debug-file - Task 'entry:default@ProcessCompiledResources' cost while wrapping incremental declarations: 1 ms 
[2026-06-04T18:43:03.792] [DEBUG] debug-file - entry : default@ProcessCompiledResources cost memory 0.055389404296875
[2026-06-04T18:43:03.792] [DEBUG] debug-file - runTaskFromQueue task cost before running: 247 ms 
[2026-06-04T18:43:03.792] [INFO] debug-file - Finished :entry:default@ProcessCompiledResources... after 1 ms 
[2026-06-04T18:43:03.793] [DEBUG] debug-file - Executing task :entry:default@PackageHap
[2026-06-04T18:43:03.797] [DEBUG] debug-file - Incremental task entry:default@PackageHap pre-execution cost: 5 ms .
[2026-06-04T18:43:03.798] [DEBUG] debug-file - entry : default@PackageHap cost memory 0.32511138916015625
[2026-06-04T18:43:03.798] [INFO] debug-file - UP-TO-DATE :entry:default@PackageHap...  
[2026-06-04T18:43:03.799] [DEBUG] debug-file - Executing task :entry:default@PackingCheck
[2026-06-04T18:43:03.801] [DEBUG] debug-file - entry : default@PackingCheck cost memory 0.3826446533203125
[2026-06-04T18:43:03.802] [DEBUG] debug-file - runTaskFromQueue task cost before running: 257 ms 
[2026-06-04T18:43:03.802] [INFO] debug-file - Finished :entry:default@PackingCheck... after 3 ms 
[2026-06-04T18:43:03.803] [DEBUG] debug-file - Executing task :entry:default@SignHap
[2026-06-04T18:43:03.803] [WARN] debug-file - Will skip sign 'hos_hap'. No signingConfigs profile is configured in current project.
             If needed, configure the signingConfigs in /Users/wangyifan/Downloads/harmonyOS/harmonychat-main/build-profile.json5.
[2026-06-04T18:43:03.803] [DEBUG] debug-file - entry:default@SignHap is not up-to-date, since the output file '/Users/wangyifan/Downloads/harmonyOS/harmonychat-main/entry/build/default/outputs/default/entry-default-signed.hap' does not exist.
[2026-06-04T18:43:03.803] [DEBUG] debug-file - Incremental task entry:default@SignHap pre-execution cost: 1 ms .
[2026-06-04T18:43:03.803] [DEBUG] debug-file - entry : default@SignHap cost memory 0.0736083984375
[2026-06-04T18:43:03.803] [DEBUG] debug-file - runTaskFromQueue task cost before running: 259 ms 
[2026-06-04T18:43:03.804] [INFO] debug-file - Finished :entry:default@SignHap... after 1 ms 
[2026-06-04T18:43:03.804] [DEBUG] debug-file - Executing task :entry:default@CollectDebugSymbol
[2026-06-04T18:43:03.805] [DEBUG] debug-file - entry : default@CollectDebugSymbol cost memory 0.08731842041015625
[2026-06-04T18:43:03.805] [DEBUG] debug-file - runTaskFromQueue task cost before running: 260 ms 
[2026-06-04T18:43:03.805] [INFO] debug-file - Finished :entry:default@CollectDebugSymbol... after 1 ms 
[2026-06-04T18:43:03.805] [DEBUG] debug-file - Executing task :entry:assembleHap
[2026-06-04T18:43:03.805] [DEBUG] debug-file - entry : assembleHap cost memory 0.01200103759765625
[2026-06-04T18:43:03.805] [DEBUG] debug-file - runTaskFromQueue task cost before running: 260 ms 
[2026-06-04T18:43:03.805] [INFO] debug-file - Finished :entry:assembleHap... after 1 ms 
[2026-06-04T18:43:03.805] [INFO] debug-file - BUILD SUCCESSFUL in 261 ms 
[2026-06-04T18:43:03.806] [DEBUG] debug-file - There is no need to refresh cache, since the incremental task entry:default@PreBuild is up-to-date.
[2026-06-04T18:43:03.806] [DEBUG] debug-file - Update task entry:default@CreateModuleInfo output file:/Users/wangyifan/Downloads/harmonyOS/harmonychat-main/entry/build/default/generated/profile/default/ModuleInfo.ts cache.
[2026-06-04T18:43:03.806] [DEBUG] debug-file - Incremental task entry:default@CreateModuleInfo post-execution cost:1 ms .
[2026-06-04T18:43:03.806] [DEBUG] debug-file - There is no need to refresh cache, since the incremental task entry:default@GenerateMetadata is up-to-date.
[2026-06-04T18:43:03.806] [DEBUG] debug-file - There is no need to refresh cache, since the incremental task entry:default@MergeProfile is up-to-date.
[2026-06-04T18:43:03.806] [DEBUG] debug-file - There is no need to refresh cache, since the incremental task entry:default@CreateBuildProfile is up-to-date.
[2026-06-04T18:43:03.806] [DEBUG] debug-file - There is no need to refresh cache, since the incremental task entry:default@GeneratePkgContextInfo is up-to-date.
[2026-06-04T18:43:03.808] [DEBUG] debug-file - Update task entry:default@GeneratePkgSdkInfo output file:/Users/wangyifan/Downloads/harmonyOS/harmonychat-main/entry/build/default/intermediates/loader/default/pkgSdkInfo.json cache.
[2026-06-04T18:43:03.808] [DEBUG] debug-file - Incremental task entry:default@GeneratePkgSdkInfo post-execution cost:2 ms .
[2026-06-04T18:43:03.808] [DEBUG] debug-file - Update task entry:default@ProcessIntegratedHsp output file:/Users/wangyifan/Downloads/harmonyOS/harmonychat-main/build/cache/default/integrated_hsp/integratedHspCache.json cache.
[2026-06-04T18:43:03.808] [DEBUG] debug-file - Incremental task entry:default@ProcessIntegratedHsp post-execution cost:1 ms .
[2026-06-04T18:43:03.808] [DEBUG] debug-file - There is no need to refresh cache, since the incremental task entry:default@MakePackInfo is up-to-date.
[2026-06-04T18:43:03.808] [DEBUG] debug-file - Update task entry:default@SyscapTransform input file:/Applications/DevEco-Studio.app/Contents/sdk/default/openharmony/toolchains/syscap_tool cache by regenerate.
[2026-06-04T18:43:03.808] [DEBUG] debug-file - Update task entry:default@SyscapTransform input file:/Applications/DevEco-Studio.app/Contents/sdk/default/openharmony/ets/api/device-define cache by regenerate.
[2026-06-04T18:43:03.808] [DEBUG] debug-file - Update task entry:default@SyscapTransform output file:/Users/wangyifan/Downloads/harmonyOS/harmonychat-main/entry/build/default/intermediates/syscap/default/rpcid.sc cache.
[2026-06-04T18:43:03.808] [DEBUG] debug-file - Incremental task entry:default@SyscapTransform post-execution cost:1 ms .
[2026-06-04T18:43:03.808] [DEBUG] debug-file - There is no need to refresh cache, since the incremental task entry:default@ProcessProfile is up-to-date.
[2026-06-04T18:43:03.809] [DEBUG] debug-file - There is no need to refresh cache, since the incremental task entry:default@ProcessRouterMap is up-to-date.
[2026-06-04T18:43:03.809] [DEBUG] debug-file - There is no need to refresh cache, since the incremental task entry:default@ProcessShareConfig is up-to-date.
[2026-06-04T18:43:03.809] [DEBUG] debug-file - Update task entry:default@ProcessStartupConfig input file:/Users/wangyifan/Downloads/harmonyOS/harmonychat-main/entry/build/default/intermediates/loader/default/pkgContextInfo.json cache by regenerate.
[2026-06-04T18:43:03.809] [DEBUG] debug-file - Update task entry:default@ProcessStartupConfig output file:/Users/wangyifan/Downloads/harmonyOS/harmonychat-main/entry/build/default/intermediates/startup/default/startup_config.json cache.
[2026-06-04T18:43:03.809] [DEBUG] debug-file - Incremental task entry:default@ProcessStartupConfig post-execution cost:1 ms .
[2026-06-04T18:43:03.809] [DEBUG] debug-file - There is no need to refresh cache, since the incremental task entry:default@ProcessResource is up-to-date.
[2026-06-04T18:43:03.810] [DEBUG] debug-file - There is no need to refresh cache, since the incremental task entry:default@GenerateLoaderJson is up-to-date.
[2026-06-04T18:43:03.810] [DEBUG] debug-file - There is no need to refresh cache, since the incremental task entry:default@ProcessLibs is up-to-date.
[2026-06-04T18:43:03.810] [DEBUG] debug-file - There is no need to refresh cache, since the incremental task entry:default@CompileResource is up-to-date.
[2026-06-04T18:43:03.810] [DEBUG] debug-file - There is no need to refresh cache, since the incremental task entry:default@DoNativeStrip is up-to-date.
[2026-06-04T18:43:03.810] [DEBUG] debug-file - There is no need to refresh cache, since the incremental task entry:default@CompileArkTS is up-to-date.
[2026-06-04T18:43:03.810] [DEBUG] debug-file - Update task entry:default@BuildJS input file:/Users/wangyifan/Downloads/harmonyOS/harmonychat-main/entry/build/default/intermediates/loader/default cache by regenerate.
[2026-06-04T18:43:03.810] [DEBUG] debug-file - Update task entry:default@BuildJS input file:/Users/wangyifan/Downloads/harmonyOS/harmonychat-main/entry/build/default/intermediates/res/default/resources/rawfile cache by regenerate.
[2026-06-04T18:43:03.810] [DEBUG] debug-file - Update task entry:default@BuildJS input file:/Users/wangyifan/Downloads/harmonyOS/harmonychat-main/entry/build/default/intermediates/res/default/ResourceTable.txt cache by regenerate.
[2026-06-04T18:43:03.810] [DEBUG] debug-file - Update task entry:default@BuildJS input file:/Users/wangyifan/Downloads/harmonyOS/harmonychat-main/entry/build/default/intermediates/res/default/ark_module.json cache by regenerate.
[2026-06-04T18:43:03.810] [DEBUG] debug-file - Update task entry:default@BuildJS input file:/Users/wangyifan/Downloads/harmonyOS/harmonychat-main/entry/build/default/intermediates/res/default/resources/base/profile cache by regenerate.
[2026-06-04T18:43:03.811] [DEBUG] debug-file - Update task entry:default@BuildJS input file:/Users/wangyifan/Downloads/harmonyOS/harmonychat-main/entry/build/default/intermediates/loader/default/pkgContextInfo.json cache by regenerate.
[2026-06-04T18:43:03.811] [DEBUG] debug-file - Update task entry:default@BuildJS output file:/Users/wangyifan/Downloads/harmonyOS/harmonychat-main/entry/build/default/intermediates/loader_out/default/js cache.
[2026-06-04T18:43:03.811] [DEBUG] debug-file - Incremental task entry:default@BuildJS post-execution cost:1 ms .
[2026-06-04T18:43:03.811] [DEBUG] debug-file - There is no need to refresh cache, since the incremental task entry:default@CacheNativeLibs is up-to-date.
[2026-06-04T18:43:03.811] [DEBUG] debug-file - There is no need to refresh cache, since the incremental task entry:default@GeneratePkgModuleJson is up-to-date.
[2026-06-04T18:43:03.811] [DEBUG] debug-file - Incremental task entry:default@ProcessCompiledResources post-execution cost:1 ms .
[2026-06-04T18:43:03.811] [DEBUG] debug-file - There is no need to refresh cache, since the incremental task entry:default@PackageHap is up-to-date.
[2026-06-04T18:43:03.811] [DEBUG] debug-file - Update task entry:default@SignHap input file:/Users/wangyifan/Downloads/harmonyOS/harmonychat-main/entry/build/default/outputs/default/entry-default-unsigned.hap cache by regenerate.
[2026-06-04T18:43:03.811] [DEBUG] debug-file - Update task entry:default@SignHap output file:/Users/wangyifan/Downloads/harmonyOS/harmonychat-main/entry/build/default/outputs/default/entry-default-signed.hap cache.
[2026-06-04T18:43:03.811] [DEBUG] debug-file - Incremental task entry:default@SignHap post-execution cost:1 ms .
[2026-06-04T18:43:03.811] [DEBUG] debug-file - Update task entry:default@CollectDebugSymbol input file:/Users/wangyifan/Downloads/harmonyOS/harmonychat-main/entry/build/default/intermediates/loader_out/default/ets/sourceMaps.map cache by regenerate.
[2026-06-04T18:43:03.811] [DEBUG] debug-file - Update task entry:default@CollectDebugSymbol input file:/Users/wangyifan/Downloads/harmonyOS/harmonychat-main/entry/build/default/intermediates/libs/default cache by regenerate.
[2026-06-04T18:43:03.811] [DEBUG] debug-file - Update task entry:default@CollectDebugSymbol output file:/Users/wangyifan/Downloads/harmonyOS/harmonychat-main/entry/build/default/outputs/default/symbol cache.
[2026-06-04T18:43:03.812] [DEBUG] debug-file - Incremental task entry:default@CollectDebugSymbol post-execution cost:1 ms .
[2026-06-04T18:43:03.821] [DEBUG] debug-file - hvigor build process will be closed.
[2026-06-04T18:43:03.882] [DEBUG] debug-file - session manager: send message to worker process.
[2026-06-04T18:43:03.882] [DEBUG] debug-file - session manager: send message to worker process.
[2026-06-04T18:43:03.883] [DEBUG] debug-file - watch worker: worker id should be larger than 0. Nothing will be sent to any worker thread.
[2026-06-04T18:43:03.883] [DEBUG] debug-file - watch worker: worker id should be larger than 0. Nothing will be sent to any worker thread.
[2026-06-05T12:25:40.105] [DEBUG] debug-file - env: nodejsVersion=v18.20.1
[2026-06-05T12:25:40.124] [DEBUG] debug-file - env: daemon=true
[2026-06-05T12:25:40.108] [DEBUG] debug-file - env: hvigor-config.json5 content = {
  modelVersion: '5.0.1',
  dependencies: {},
  execution: {},
  logging: {},
  debugging: {},
  nodeOptions: {}
}
[2026-06-05T12:25:40.407] [DEBUG] debug-file - java daemon tryConnect failed Error: connect ECONNREFUSED 127.0.0.1:45050
[2026-06-05T12:25:40.412] [DEBUG] debug-file - java daemon started at port 45050 pid 73987
[2026-06-05T12:25:40.430] [DEBUG] debug-file - session manager: set active socket. socketId=y3TmTmsIduUADoC3AAAB
[2026-06-05T12:25:40.960] [DEBUG] debug-file - watch worker: worker id should be larger than 0. Nothing will be sent to any worker thread.
[2026-06-05T12:25:40.963] [DEBUG] debug-file - Since there is no instance or instance is terminated, create a new worker pool.
[2026-06-05T12:25:40.963] [DEBUG] debug-file - Worker pool is initialized with config:  {
  minPoolNum: 2,
  maxPoolNum: undefined,
  maxCoreSize: undefined,
  cacheCapacity: undefined,
  cacheTtl: undefined
}
[2026-06-05T12:25:40.963] [DEBUG] debug-file - Create  resident worker with id: 0.
[2026-06-05T12:25:40.965] [DEBUG] debug-file - Create  resident worker with id: 1.
[2026-06-05T12:25:40.967] [DEBUG] debug-file - Workers' log level updated to INFO
[2026-06-05T12:25:40.974] [DEBUG] debug-file - Hvigor init with startParameters:{
  hvigorfileTypeCheck: false,
  parallelExecution: true,
  incrementalExecution: true,
  printStackTrace: false,
  daemon: true,
  analyze: 0,
  logLevel: Level { level: 20000, levelStr: 'INFO', colour: 'green' },
  optimizationStrategy: 'memory',
  hotCompile: undefined,
  hotReloadBuild: undefined,
  customizedParam: undefined
}
[2026-06-05T12:25:40.979] [DEBUG] debug-file - Cache service initialization finished in 6 ms 
[2026-06-05T12:25:40.980] [DEBUG] debug-file - hvigorfile, resolving /Users/wangyifan/Downloads/harmonyOS/harmonychat-main/hvigorfile.ts
[2026-06-05T12:25:41.886] [DEBUG] debug-file - hvigorfile, require result:  { default: { plugins: [] } }
[2026-06-05T12:25:41.886] [DEBUG] debug-file - hvigorfile, binding system plugins null
[2026-06-05T12:25:41.886] [DEBUG] debug-file - Starting plugin build process
[2026-06-05T12:25:41.886] [DEBUG] debug-file - App plugin prepare start...
[2026-06-05T12:25:41.886] [DEBUG] debug-file - App plugin prepare end...
[2026-06-05T12:25:41.886] [DEBUG] debug-file - App plugin creating...
[2026-06-05T12:25:41.972] [DEBUG] debug-file - App plugin register hook start...
[2026-06-05T12:25:41.972] [DEBUG] debug-file - App plugin register hook end...
[2026-06-05T12:25:41.972] [DEBUG] debug-file - Plugin build process completed
[2026-06-05T12:25:41.973] [DEBUG] debug-file - Start initialize project's product build option map with build mode debug.
[2026-06-05T12:25:41.973] [DEBUG] debug-file - Picking option from product 'default' with build mode 'debug'.
[2026-06-05T12:25:41.973] [DEBUG] debug-file - Product 'default' build option initialized
[2026-06-05T12:25:41.973] [DEBUG] debug-file - End initialize project's product build option map with build mode 'debug'.
[2026-06-05T12:25:41.974] [DEBUG] debug-file - Obtain build option for product 'default'in this build.
[2026-06-05T12:25:41.975] [DEBUG] debug-file - No signingConfig found, initRemoteHspCache failed.
[2026-06-05T12:25:41.976] [DEBUG] debug-file - Local scan or download HarmonyOS sdk components toolchains,ets,js,native,previewer
[2026-06-05T12:25:41.981] [DEBUG] debug-file - Local scan or download hmscore sdk components toolchains,ets,native
[2026-06-05T12:25:41.982] [DEBUG] debug-file - Start recording SDK configuration permission data.
[2026-06-05T12:25:42.010] [DEBUG] debug-file - Sdk init in 34 ms 
[2026-06-05T12:25:42.012] [DEBUG] debug-file - Project task initialization takes 2 ms 
[2026-06-05T12:25:42.012] [DEBUG] debug-file - hvigorfile, begin to bind custom plugins...
[2026-06-05T12:25:42.012] [DEBUG] debug-file - hvigorfile, no custom plugins were found in /Users/wangyifan/Downloads/harmonyOS/harmonychat-main/hvigorfile.ts
[2026-06-05T12:25:42.012] [DEBUG] debug-file - hvigorfile, resolve finished /Users/wangyifan/Downloads/harmonyOS/harmonychat-main/hvigorfile.ts
[2026-06-05T12:25:42.013] [DEBUG] debug-file - hvigorfile, resolving /Users/wangyifan/Downloads/harmonyOS/harmonychat-main/entry/hvigorfile.ts
[2026-06-05T12:25:42.015] [DEBUG] debug-file - hvigorfile, require result:  { default: { plugins: [] } }
[2026-06-05T12:25:42.015] [DEBUG] debug-file - hvigorfile, binding system plugins null
[2026-06-05T12:25:42.016] [DEBUG] debug-file - Starting plugin build process
[2026-06-05T12:25:42.016] [DEBUG] debug-file - Hap plugin creating...
[2026-06-05T12:25:42.016] [DEBUG] debug-file - failed to load cangjie to dynamically generate schemas: Error: Cannot find module '@ohos/cangjie-build-support/index'
Require stack:
- /Applications/DevEco-Studio.app/Contents/tools/hvigor/hvigor-ohos-plugin/src/plugin/hooks/cangjie-register.js
- /Applications/DevEco-Studio.app/Contents/tools/hvigor/hvigor-ohos-plugin/src/plugin/strategy/stage-init-strategy.js
- /Applications/DevEco-Studio.app/Contents/tools/hvigor/hvigor-ohos-plugin/src/plugin/builder/abstract-plugin-builder.js
- /Applications/DevEco-Studio.app/Contents/tools/hvigor/hvigor-ohos-plugin/src/plugin/builder/app-plugin-builder.js
- /Applications/DevEco-Studio.app/Contents/tools/hvigor/hvigor-ohos-plugin/src/plugin/factory/plugin-factory.js
- /Applications/DevEco-Studio.app/Contents/tools/hvigor/hvigor-ohos-plugin/index.js
- /Users/wangyifan/Downloads/harmonyOS/harmonychat-main/hvigorfile.ts
- /Applications/DevEco-Studio.app/Contents/tools/hvigor/hvigor/src/base/internal/lifecycle/configuration.js
- /Applications/DevEco-Studio.app/Contents/tools/hvigor/hvigor/src/base/boot/index.js
- /Applications/DevEco-Studio.app/Contents/tools/hvigor/hvigor/src/base/daemon/cluster/worker-process-lifecycle.js
- /Applications/DevEco-Studio.app/Contents/tools/hvigor/hvigor/src/base/daemon/process/daemon-process-boot-script.js
[2026-06-05T12:25:42.022] [DEBUG] debug-file - Start initialize module-target build option map, moduleName=entry, buildMode=debug
[2026-06-05T12:25:42.022] [DEBUG] debug-file - Target 'default' config initialized
[2026-06-05T12:25:42.022] [DEBUG] debug-file - Module 'entry' target 'default' build option initialized
[2026-06-05T12:25:42.022] [DEBUG] debug-file - End initialize module-target build option map, moduleName=entry
[2026-06-05T12:25:42.022] [DEBUG] debug-file - Start initialize module-target build option map, moduleName=entry, buildMode=release
[2026-06-05T12:25:42.022] [DEBUG] debug-file - Target 'default' config initialized
[2026-06-05T12:25:42.022] [DEBUG] debug-file - Module 'entry' target 'default' build option initialized
[2026-06-05T12:25:42.022] [DEBUG] debug-file - End initialize module-target build option map, moduleName=entry
[2026-06-05T12:25:42.022] [DEBUG] debug-file - Start initialize module-target build option map, moduleName=entry, buildMode=debug
[2026-06-05T12:25:42.022] [DEBUG] debug-file - Target 'default' config initialized
[2026-06-05T12:25:42.022] [DEBUG] debug-file - Module 'entry' target 'default' build option initialized
[2026-06-05T12:25:42.022] [DEBUG] debug-file - End initialize module-target build option map, moduleName=entry
[2026-06-05T12:25:42.023] [DEBUG] debug-file - Obtain build option for module 'entry' target 'default'in this build.
[2026-06-05T12:25:42.024] [DEBUG] debug-file - Module entry task initialization takes 2 ms 
[2026-06-05T12:25:42.025] [DEBUG] debug-file - Hap plugin register hook start...
[2026-06-05T12:25:42.025] [DEBUG] debug-file - Hap plugin register hook end...
[2026-06-05T12:25:42.025] [DEBUG] debug-file - Plugin build process completed
[2026-06-05T12:25:42.025] [DEBUG] debug-file - hvigorfile, begin to bind custom plugins...
[2026-06-05T12:25:42.025] [DEBUG] debug-file - hvigorfile, no custom plugins were found in /Users/wangyifan/Downloads/harmonyOS/harmonychat-main/entry/hvigorfile.ts
[2026-06-05T12:25:42.025] [DEBUG] debug-file - hvigorfile, resolve finished /Users/wangyifan/Downloads/harmonyOS/harmonychat-main/entry/hvigorfile.ts
[2026-06-05T12:25:42.059] [DEBUG] debug-file - hvigorfile, resolve hvigorfile dependencies in 35 ms 
[2026-06-05T12:25:42.059] [DEBUG] debug-file - project has submodules:entry
[2026-06-05T12:25:42.060] [DEBUG] debug-file - start to load updatedOhPackageInfo to the disk
[2026-06-05T12:25:42.060] [DEBUG] debug-file - load to the disk finished
[2026-06-05T12:25:42.061] [DEBUG] debug-file - Start to initialize dependency information.
[2026-06-05T12:25:42.064] [DEBUG] debug-file - Module harmonychat-main Collected Dependency: 
[2026-06-05T12:25:42.064] [DEBUG] debug-file - Module harmonychat-main's total dependency: 0
[2026-06-05T12:25:42.064] [DEBUG] debug-file - Start to initialize dependency information.
[2026-06-05T12:25:42.067] [DEBUG] debug-file - Module entry Collected Dependency: /Users/wangyifan/Downloads/harmonyOS/harmonychat-main/oh_modules/.ohpm/mobileimsdk@hoop830zxxr8xnn6crmdrvjoor6h7alv6wz1iybybxq=/oh_modules/mobileimsdk
[2026-06-05T12:25:42.067] [DEBUG] debug-file - Module entry's total dependency: 1
[2026-06-05T12:25:42.068] [DEBUG] debug-file - Configuration phase cost:1 s 89 ms 
[2026-06-05T12:25:42.069] [DEBUG] debug-file - Configuration task cost before running: 1 s 103 ms 
[2026-06-05T12:25:42.072] [DEBUG] debug-file - Executing task :entry:default@PreBuild
[2026-06-05T12:25:42.072] [DEBUG] debug-file - Task 'entry:default@PreBuild' cost while wrapping incremental declarations: 1 ms 
[2026-06-05T12:25:42.074] [DEBUG] debug-file - Incremental task entry:default@PreBuild pre-execution cost: 2 ms .
[2026-06-05T12:25:42.074] [DEBUG] debug-file - entry : default@PreBuild cost memory 0.2874298095703125
[2026-06-05T12:25:42.074] [INFO] debug-file - UP-TO-DATE :entry:default@PreBuild...  
[2026-06-05T12:25:42.075] [DEBUG] debug-file - Executing task :entry:default@CreateModuleInfo
[2026-06-05T12:25:42.075] [DEBUG] debug-file - Task 'entry:default@CreateModuleInfo' cost while wrapping incremental declarations: 1 ms 
[2026-06-05T12:25:42.075] [DEBUG] debug-file - entry : default@CreateModuleInfo cost memory 0.04106903076171875
[2026-06-05T12:25:42.076] [DEBUG] debug-file - runTaskFromQueue task cost before running: 1 s 109 ms 
[2026-06-05T12:25:42.076] [INFO] debug-file - Finished :entry:default@CreateModuleInfo... after 1 ms 
[2026-06-05T12:25:42.076] [DEBUG] debug-file - Executing task :entry:default@GenerateMetadata
[2026-06-05T12:25:42.076] [DEBUG] debug-file - Task 'entry:default@GenerateMetadata' cost while wrapping incremental declarations: 1 ms 
[2026-06-05T12:25:42.077] [DEBUG] debug-file - Incremental task entry:default@GenerateMetadata pre-execution cost: 1 ms .
[2026-06-05T12:25:42.077] [DEBUG] debug-file - entry : default@GenerateMetadata cost memory 0.07952880859375
[2026-06-05T12:25:42.077] [INFO] debug-file - UP-TO-DATE :entry:default@GenerateMetadata...  
[2026-06-05T12:25:42.077] [DEBUG] debug-file - Executing task :entry:default@ConfigureCmake
[2026-06-05T12:25:42.077] [DEBUG] debug-file - entry : default@ConfigureCmake cost memory 0.0145111083984375
[2026-06-05T12:25:42.077] [DEBUG] debug-file - runTaskFromQueue task cost before running: 1 s 110 ms 
[2026-06-05T12:25:42.077] [INFO] debug-file - Finished :entry:default@ConfigureCmake... after 1 ms 
[2026-06-05T12:25:42.077] [DEBUG] debug-file - Executing task :entry:default@MergeProfile
[2026-06-05T12:25:42.078] [DEBUG] debug-file - Task 'entry:default@MergeProfile' cost while wrapping incremental declarations: 1 ms 
[2026-06-05T12:25:42.078] [DEBUG] debug-file - Incremental task entry:default@MergeProfile pre-execution cost: 1 ms .
[2026-06-05T12:25:42.078] [DEBUG] debug-file - entry : default@MergeProfile cost memory 0.133453369140625
[2026-06-05T12:25:42.078] [INFO] debug-file - UP-TO-DATE :entry:default@MergeProfile...  
[2026-06-05T12:25:42.079] [DEBUG] debug-file - Executing task :entry:default@CreateBuildProfile
[2026-06-05T12:25:42.079] [DEBUG] debug-file - Task 'entry:default@CreateBuildProfile' cost while wrapping incremental declarations: 1 ms 
[2026-06-05T12:25:42.079] [DEBUG] debug-file - Incremental task entry:default@CreateBuildProfile pre-execution cost: 1 ms .
[2026-06-05T12:25:42.079] [DEBUG] debug-file - entry : default@CreateBuildProfile cost memory 0.09735107421875
[2026-06-05T12:25:42.079] [INFO] debug-file - UP-TO-DATE :entry:default@CreateBuildProfile...  
[2026-06-05T12:25:42.080] [DEBUG] debug-file - Executing task :entry:default@PreCheckSyscap
[2026-06-05T12:25:42.080] [DEBUG] debug-file - entry : default@PreCheckSyscap cost memory 0.0148162841796875
[2026-06-05T12:25:42.080] [DEBUG] debug-file - runTaskFromQueue task cost before running: 1 s 113 ms 
[2026-06-05T12:25:42.080] [INFO] debug-file - Finished :entry:default@PreCheckSyscap... after 1 ms 
[2026-06-05T12:25:42.080] [DEBUG] debug-file - Executing task :entry:default@GeneratePkgContextInfo
[2026-06-05T12:25:42.087] [DEBUG] debug-file - Task 'entry:default@GeneratePkgContextInfo' cost while wrapping incremental declarations: 1 ms 
[2026-06-05T12:25:42.088] [DEBUG] debug-file - Incremental task entry:default@GeneratePkgContextInfo pre-execution cost: 1 ms .
[2026-06-05T12:25:42.090] [DEBUG] debug-file - entry : default@GeneratePkgContextInfo cost memory -5.936439514160156
[2026-06-05T12:25:42.090] [INFO] debug-file - UP-TO-DATE :entry:default@GeneratePkgContextInfo...  
[2026-06-05T12:25:42.090] [DEBUG] debug-file - Executing task :entry:default@GeneratePkgSdkInfo
[2026-06-05T12:25:42.091] [DEBUG] debug-file - Task 'entry:default@GeneratePkgSdkInfo' cost while wrapping incremental declarations: 1 ms 
[2026-06-05T12:25:42.091] [DEBUG] debug-file - entry : default@GeneratePkgSdkInfo cost memory 0.12381744384765625
[2026-06-05T12:25:42.091] [DEBUG] debug-file - runTaskFromQueue task cost before running: 1 s 124 ms 
[2026-06-05T12:25:42.091] [INFO] debug-file - Finished :entry:default@GeneratePkgSdkInfo... after 1 ms 
[2026-06-05T12:25:42.092] [DEBUG] debug-file - Executing task :entry:default@ProcessIntegratedHsp
[2026-06-05T12:25:42.092] [DEBUG] debug-file - entry:default@ProcessIntegratedHsp is not up-to-date, since the output file '/Users/wangyifan/Downloads/harmonyOS/harmonychat-main/build/cache/default/integrated_hsp/integratedHspCache.json' does not exist.
[2026-06-05T12:25:42.092] [DEBUG] debug-file - Incremental task entry:default@ProcessIntegratedHsp pre-execution cost: 1 ms .
[2026-06-05T12:25:42.092] [DEBUG] debug-file - entry : default@ProcessIntegratedHsp cost memory 0.05821990966796875
[2026-06-05T12:25:42.092] [DEBUG] debug-file - runTaskFromQueue task cost before running: 1 s 125 ms 
[2026-06-05T12:25:42.092] [INFO] debug-file - Finished :entry:default@ProcessIntegratedHsp... after 1 ms 
[2026-06-05T12:25:42.092] [DEBUG] debug-file - Executing task :entry:default@BuildNativeWithCmake
[2026-06-05T12:25:42.092] [DEBUG] debug-file - entry : default@BuildNativeWithCmake cost memory 0.0150909423828125
[2026-06-05T12:25:42.092] [DEBUG] debug-file - runTaskFromQueue task cost before running: 1 s 126 ms 
[2026-06-05T12:25:42.092] [INFO] debug-file - Finished :entry:default@BuildNativeWithCmake... after 1 ms 
[2026-06-05T12:25:42.093] [DEBUG] debug-file - Executing task :entry:default@MakePackInfo
[2026-06-05T12:25:42.093] [DEBUG] debug-file - Incremental task entry:default@MakePackInfo pre-execution cost: 1 ms .
[2026-06-05T12:25:42.093] [DEBUG] debug-file - entry : default@MakePackInfo cost memory 0.1015625
[2026-06-05T12:25:42.093] [INFO] debug-file - UP-TO-DATE :entry:default@MakePackInfo...  
[2026-06-05T12:25:42.093] [DEBUG] debug-file - Executing task :entry:default@SyscapTransform
[2026-06-05T12:25:42.094] [DEBUG] debug-file - File: '/Users/wangyifan/Downloads/harmonyOS/harmonychat-main/entry/src/main/syscap.json' from 'sysCapJsonPath' is not exists, just ignore.
[2026-06-05T12:25:42.094] [DEBUG] debug-file - Task 'entry:default@SyscapTransform' cost while wrapping incremental declarations: 1 ms 
[2026-06-05T12:25:42.109] [DEBUG] debug-file - entry:default@SyscapTransform is not up-to-date, since the output file '/Users/wangyifan/Downloads/harmonyOS/harmonychat-main/entry/build/default/intermediates/syscap/default/rpcid.sc' does not exist.
[2026-06-05T12:25:42.109] [DEBUG] debug-file - Incremental task entry:default@SyscapTransform pre-execution cost: 16 ms .
[2026-06-05T12:25:42.110] [DEBUG] debug-file - entry : default@SyscapTransform cost memory 0.12160491943359375
[2026-06-05T12:25:42.110] [DEBUG] debug-file - runTaskFromQueue task cost before running: 1 s 143 ms 
[2026-06-05T12:25:42.110] [INFO] debug-file - Finished :entry:default@SyscapTransform... after 17 ms 
[2026-06-05T12:25:42.110] [DEBUG] debug-file - Executing task :entry:default@ProcessProfile
[2026-06-05T12:25:42.112] [DEBUG] debug-file - Task 'entry:default@ProcessProfile' cost while wrapping incremental declarations: 1 ms 
[2026-06-05T12:25:42.113] [DEBUG] debug-file - Incremental task entry:default@ProcessProfile pre-execution cost: 1 ms .
[2026-06-05T12:25:42.113] [DEBUG] debug-file - entry : default@ProcessProfile cost memory 0.12923431396484375
[2026-06-05T12:25:42.113] [INFO] debug-file - UP-TO-DATE :entry:default@ProcessProfile...  
[2026-06-05T12:25:42.113] [DEBUG] debug-file - Executing task :entry:default@ProcessRouterMap
[2026-06-05T12:25:42.114] [DEBUG] debug-file - Incremental task entry:default@ProcessRouterMap pre-execution cost: 1 ms .
[2026-06-05T12:25:42.114] [DEBUG] debug-file - entry : default@ProcessRouterMap cost memory 0.15506744384765625
[2026-06-05T12:25:42.114] [INFO] debug-file - UP-TO-DATE :entry:default@ProcessRouterMap...  
[2026-06-05T12:25:42.114] [DEBUG] debug-file - Executing task :entry:default@ProcessShareConfig
[2026-06-05T12:25:42.114] [DEBUG] debug-file - Incremental task entry:default@ProcessShareConfig pre-execution cost: 1 ms .
[2026-06-05T12:25:42.114] [DEBUG] debug-file - entry : default@ProcessShareConfig cost memory 0.13361358642578125
[2026-06-05T12:25:42.114] [INFO] debug-file - UP-TO-DATE :entry:default@ProcessShareConfig...  
[2026-06-05T12:25:42.115] [DEBUG] debug-file - Executing task :entry:default@ProcessStartupConfig
[2026-06-05T12:25:42.115] [DEBUG] debug-file - Task 'entry:default@ProcessStartupConfig' cost while wrapping incremental declarations: 1 ms 
[2026-06-05T12:25:42.115] [DEBUG] debug-file - entry:default@ProcessStartupConfig is not up-to-date, since the output file '/Users/wangyifan/Downloads/harmonyOS/harmonychat-main/entry/build/default/intermediates/startup/default/startup_config.json' does not exist.
[2026-06-05T12:25:42.115] [DEBUG] debug-file - Incremental task entry:default@ProcessStartupConfig pre-execution cost: 1 ms .
[2026-06-05T12:25:42.116] [DEBUG] debug-file - entry : default@ProcessStartupConfig cost memory 0.14717864990234375
[2026-06-05T12:25:42.116] [DEBUG] debug-file - runTaskFromQueue task cost before running: 1 s 149 ms 
[2026-06-05T12:25:42.116] [INFO] debug-file - Finished :entry:default@ProcessStartupConfig... after 2 ms 
[2026-06-05T12:25:42.116] [DEBUG] debug-file - Executing task :entry:default@BuildNativeWithNinja
[2026-06-05T12:25:42.116] [DEBUG] debug-file - entry : default@BuildNativeWithNinja cost memory 0.02022552490234375
[2026-06-05T12:25:42.116] [DEBUG] debug-file - runTaskFromQueue task cost before running: 1 s 149 ms 
[2026-06-05T12:25:42.116] [INFO] debug-file - Finished :entry:default@BuildNativeWithNinja... after 1 ms 
[2026-06-05T12:25:42.117] [DEBUG] debug-file - restool module names: entry; moduleName=entry, taskName=default@ProcessResource
[2026-06-05T12:25:42.117] [DEBUG] debug-file - Executing task :entry:default@ProcessResource
[2026-06-05T12:25:42.118] [DEBUG] debug-file - Task 'entry:default@ProcessResource' cost while wrapping incremental declarations: 1 ms 
[2026-06-05T12:25:42.118] [DEBUG] debug-file - Incremental task entry:default@ProcessResource pre-execution cost: 1 ms .
[2026-06-05T12:25:42.118] [DEBUG] debug-file - entry : default@ProcessResource cost memory 0.12841033935546875
[2026-06-05T12:25:42.118] [INFO] debug-file - UP-TO-DATE :entry:default@ProcessResource...  
[2026-06-05T12:25:42.119] [DEBUG] debug-file - Executing task :entry:default@GenerateLoaderJson
[2026-06-05T12:25:42.120] [DEBUG] debug-file - Task 'entry:default@GenerateLoaderJson' cost while wrapping incremental declarations: 1 ms 
[2026-06-05T12:25:42.122] [DEBUG] debug-file - Incremental task entry:default@GenerateLoaderJson pre-execution cost: 1 ms .
[2026-06-05T12:25:42.122] [DEBUG] debug-file - entry : default@GenerateLoaderJson cost memory 0.5594100952148438
[2026-06-05T12:25:42.123] [INFO] debug-file - UP-TO-DATE :entry:default@GenerateLoaderJson...  
[2026-06-05T12:25:42.123] [DEBUG] debug-file - Executing task :entry:default@ProcessLibs
[2026-06-05T12:25:42.124] [DEBUG] debug-file - Incremental task entry:default@ProcessLibs pre-execution cost: 1 ms .
[2026-06-05T12:25:42.124] [DEBUG] debug-file - entry : default@ProcessLibs cost memory 0.16472625732421875
[2026-06-05T12:25:42.124] [INFO] debug-file - UP-TO-DATE :entry:default@ProcessLibs...  
[2026-06-05T12:25:42.125] [DEBUG] debug-file - restool module names: entry; moduleName=entry, taskName=default@CompileResource
[2026-06-05T12:25:42.125] [DEBUG] debug-file - Executing task :entry:default@CompileResource
[2026-06-05T12:25:42.130] [DEBUG] debug-file - Incremental task entry:default@CompileResource pre-execution cost: 5 ms .
[2026-06-05T12:25:42.130] [DEBUG] debug-file - entry : default@CompileResource cost memory 0.8899459838867188
[2026-06-05T12:25:42.130] [INFO] debug-file - UP-TO-DATE :entry:default@CompileResource...  
[2026-06-05T12:25:42.130] [DEBUG] debug-file - Executing task :entry:default@DoNativeStrip
[2026-06-05T12:25:42.130] [DEBUG] debug-file - File: '/Users/wangyifan/Downloads/harmonyOS/harmonychat-main/entry/build/default/intermediates/binxo/default' from 'doBinxoNativeLibs' is not exists, just ignore.
[2026-06-05T12:25:42.130] [DEBUG] debug-file - Task 'entry:default@DoNativeStrip' cost while wrapping incremental declarations: 1 ms 
[2026-06-05T12:25:42.130] [DEBUG] debug-file - Incremental task entry:default@DoNativeStrip pre-execution cost: 1 ms .
[2026-06-05T12:25:42.130] [DEBUG] debug-file - entry : default@DoNativeStrip cost memory 0.08016204833984375
[2026-06-05T12:25:42.131] [INFO] debug-file - UP-TO-DATE :entry:default@DoNativeStrip...  
[2026-06-05T12:25:42.131] [DEBUG] debug-file - Executing task :entry:default@CompileArkTS
[2026-06-05T12:25:42.131] [DEBUG] debug-file - obfuscationOptions: undefined
[2026-06-05T12:25:42.132] [DEBUG] debug-file - Task 'entry:default@CompileArkTS' cost while wrapping incremental declarations: 1 ms 
[2026-06-05T12:25:42.134] [DEBUG] debug-file - entry:default@CompileArkTS is not up-to-date, since the input file '/Users/wangyifan/Downloads/harmonyOS/harmonychat-main/entry/src/main/ets' has been changed.
[2026-06-05T12:25:42.134] [DEBUG] debug-file - Incremental task entry:default@CompileArkTS pre-execution cost: 2 ms .
[2026-06-05T12:25:42.139] [DEBUG] debug-file - build config:
[2026-06-05T12:25:42.139] [DEBUG] debug-file - {
  moduleType: 'entry',
  perf: 0,
  targetName: '.default',
  packageManagerType: 'ohpm',
  localPropertiesPath: '/Users/wangyifan/Downloads/harmonyOS/harmonychat-main/local.properties',
  isPreview: false,
  isOhosTest: false,
  isLocalTest: false,
  buildMode: 'Debug',
  hotReloadBuild: undefined,
  watchMode: 'false',
  aceProfilePath: '/Users/wangyifan/Downloads/harmonyOS/harmonychat-main/entry/build/default/intermediates/res/default/resources/base/profile',
  etsLoaderPath: '/Applications/DevEco-Studio.app/Contents/sdk/default/openharmony/ets/build-tools/ets-loader',
  modulePath: '/Users/wangyifan/Downloads/harmonyOS/harmonychat-main/entry',
  testFrameworkPar: {
    testMode: undefined,
    coveragePathFilter: undefined,
    coverageMode: undefined
  },
  needCoverageInsert: false,
  debugLine: false,
  projectTopDir: '/Users/wangyifan/Downloads/harmonyOS/harmonychat-main',
  compileSdkVersion: 23,
  compatibleSdkVersion: 13,
  originCompatibleSdkVersion: '5.0.1(13)',
  compatibleSdkVersionStage: undefined,
  bundleName: 'c***t',
  etsLoaderVersion: '6.1.0.105',
  etsLoaderReleaseType: 'Release',
  aotCompileMode: 'type',
  apPath: '/Users/wangyifan/Downloads/harmonyOS/harmonychat-main/entry/modules.ap',
  entryModuleName: 'entry',
  entryModuleVersion: '1.0.0',
  entryPackageName: 'entry',
  allModuleNameHash: '52b4b82f65d9c3d301d0ced3931a74f60219238c22e18d0976c12b0c3363a29e',
  externalApiPaths: [ '/Applications/DevEco-Studio.app/Contents/sdk/default/hms/ets' ],
  compilerTypes: [],
  isCrossplatform: false,
  hvigorPluginFile: undefined,
  compilePluginPath: undefined,
  buildGeneratedProfilePath: '/Users/wangyifan/Downloads/harmonyOS/harmonychat-main/entry/build/default/generated/profile/default',
  bundleType: 'app',
  arkTSVersion: undefined,
  apiVersion: 23,
  needCompleteSourcesMap: false,
  isFaMode: false,
  buildDir: '/Users/wangyifan/Downloads/harmonyOS/harmonychat-main/entry/build',
  deviceTypes: [ 'phone', 'tablet', '2in1' ],
  pkgContextInfo: {
    mobileimsdk: {
      packageName: 'mobileimsdk',
      bundleName: '*****',
      moduleName: '',
      version: '1.0.0',
      entryPath: 'Index',
      isSO: false,
      dependencyAlias: ''
    },
    '@ohos/hypium': {
      packageName: '@ohos/hypium',
      bundleName: '*****',
      moduleName: '',
      version: '1.0.19',
      entryPath: 'index.js',
      isSO: false,
      dependencyAlias: ''
    },
    '@ohos/hamock': {
      packageName: '@ohos/hamock',
      bundleName: '*****',
      moduleName: '',
      version: '1.0.0',
      entryPath: 'index.ets',
      isSO: false,
      dependencyAlias: ''
    },
    entry: {
      packageName: 'entry',
      bundleName: '*****',
      moduleName: '',
      version: '',
      entryPath: 'src/main/',
      isSO: false,
      dependencyAlias: ''
    }
  },
  ohPackagePathMap: {},
  dependencyAliasMap: {},
  permission: {
    requestPermissions: [ [Object], [Object] ],
    definePermissions: undefined
  },
  useGetCurrentBundleName: false,
  projectArkOption: undefined,
  sourceMapDir: undefined,
  branchElimination: false,
  transformLib: undefined,
  tsImportSendable: false,
  resolveConflictMode: true,
  depName2RootPath: {},
  depName2DepInfo: {},
  depName2OhExports: {},
  rootPathSet: [ '/Users/wangyifan/Downloads/harmonyOS/harmonychat-main' ],
  useNativeResolver: true,
  shouldEmitJs: true,
  useTscResolve: false,
  singleFileEmit: false,
  userProjectConfig: {
    autoLazyImport: false,
    allowEmptyBundleName: false,
    reExportCheckMode: 'noCheck',
    executionMode: 'memory',
    usePathPlaceholder: false,
    writeRollupCache: true,
    isExpandImportEnabled: false,
    expandImportExclude: '',
    lazyImportExclude: '',
    lazyImportInclude: '',
    ignoreCrossplatformCheck: false,
    isHarDeduplicateEnabled: false,
    skipOhModulesLint: false,
    enableStrictCheckOHModule: false,
    disableSendableCheckRules: [],
    useDeclarationFileSignature: false,
    customizedOptions: undefined,
    integratedHsp: false,
    isPreloadSoEnabled: false
  },
  executionMode: 'memory',
  arkCompileCachePath: '/Users/wangyifan/Downloads/harmonyOS/harmonychat-main/entry/build/default/cache/default/default@CompileArkTS/esmodule',
  autoLazyFilter: undefined,
  isHarDeduplicateEnabled: false,
  intermediateHarDuplicateDirPath: '/Users/wangyifan/Downloads/harmonyOS/harmonychat-main/entry/build/default/intermediates/har_duplicate/default',
  autoLazyImport: false,
  allowEmptyBundleName: false,
  reExportCheckMode: 'noCheck',
  usePathPlaceholder: false,
  writeRollupCache: true,
  isExpandImportEnabled: false,
  expandImportExclude: '',
  lazyImportExclude: '',
  lazyImportInclude: '',
  ignoreCrossplatformCheck: false,
  skipOhModulesLint: false,
  enableStrictCheckOHModule: false,
  disableSendableCheckRules: [],
  useDeclarationFileSignature: false,
  customizedOptions: undefined,
  integratedHsp: false,
  isPreloadSoEnabled: false,
  strictMode: {
    caseSensitiveCheck: true,
    useNormalizedOHMUrl: true,
    noExternalImportByPath: true
  },
  useNormalizedOHMUrl: true,
  caseSensitiveCheck: true,
  aceModuleJsonPath: '/Users/wangyifan/Downloads/harmonyOS/harmonychat-main/entry/build/default/intermediates/res/default/ark_module.json',
  appResource: '/Users/wangyifan/Downloads/harmonyOS/harmonychat-main/entry/build/default/intermediates/res/default/ResourceTable.txt',
  rawFileResource: '/Users/wangyifan/Downloads/harmonyOS/harmonychat-main/entry/build/default/intermediates/res/default/resources/rawfile',
  resourceTableHash: 'c08cf2ccc4b7e67ffe92ac2b3578cff1fc93b83b68ee06731fcd45ac20e5f038',
  runtimeOS: 'HarmonyOS',
  sdkInfo: 'false:23:6.1.0.105:Release',
  aceModuleRoot: '/Users/wangyifan/Downloads/harmonyOS/harmonychat-main/entry/src/main/ets',
  compileMode: 'esmodule',
  aceSuperVisualPath: '/Users/wangyifan/Downloads/harmonyOS/harmonychat-main/entry/src/main/supervisual',
  aceBuildJson: '/Users/wangyifan/Downloads/harmonyOS/harmonychat-main/entry/build/default/intermediates/loader/default/loader.json',
  cachePath: '/Users/wangyifan/Downloads/harmonyOS/harmonychat-main/entry/build/default/cache/default/default@CompileArkTS/esmodule/debug',
  aceModuleBuild: '/Users/wangyifan/Downloads/harmonyOS/harmonychat-main/entry/build/default/intermediates/loader_out/default/ets',
  supportChunks: true,
  declaredFilesPath: undefined,
  shouldCollectDirectImportees: false,
  isByteCodeHarOptimize: false,
  expandImportPath: undefined,
  resourceTableTs: '/Users/wangyifan/Downloads/harmonyOS/harmonychat-main/entry/build/default/generated/r/default/ResourceTable.ts',
  moduleMetaInfoFiles: [
    {
      filePath: '/Users/wangyifan/Downloads/harmonyOS/harmonychat-main/entry/build/default/generated/r/default/ResourceTable.ts',
      ohmurl: '&entry/build/generated/r/ResourceTable&'
    }
  ],
  pkgNameToPkgBriefInfo: {
    mobileimsdk: {
      pkgRoot: '/Users/wangyifan/Downloads/harmonyOS/harmonychat-main/oh_modules/.ohpm/mobileimsdk@hoop830zxxr8xnn6crmdrvjoor6h7alv6wz1iybybxq=/oh_modules/mobileimsdk',
      pkgName: 'mobileimsdk',
      sourceRoots: [Array]
    },
    entry: {
      pkgRoot: '/Users/wangyifan/Downloads/harmonyOS/harmonychat-main/entry',
      originalSourceRoots: undefined,
      sourceRoots: [Array],
      pkgName: 'entry'
    }
  },
  projectModel: {
    '/Users/wangyifan/Downloads/harmonyOS/harmonychat-main/entry/src/main': {
      moduleName: 'entry',
      modulePkgPath: '/Users/wangyifan/Downloads/harmonyOS/harmonychat-main/entry',
      belongProjectPath: '/Users/wangyifan/Downloads/harmonyOS/harmonychat-main'
    },
    '/Users/wangyifan/Downloads/harmonyOS/harmonychat-main/entry': {
      moduleName: 'entry',
      modulePkgPath: '/Users/wangyifan/Downloads/harmonyOS/harmonychat-main/entry',
      belongProjectPath: '/Users/wangyifan/Downloads/harmonyOS/harmonychat-main'
    },
    '/Users/wangyifan/Downloads/harmonyOS/harmonychat-main': {
      moduleName: 'harmonychat-main',
      modulePkgPath: '/Users/wangyifan/Downloads/harmonyOS/harmonychat-main',
      belongProjectPath: '/Users/wangyifan/Downloads/harmonyOS/harmonychat-main'
    }
  },
  pkgJsonFileHash: 'a11a3b67bb8b0ff7a0222bf8ba1e3ad61b8c0340796aa6972a518570330421f2',
  allModulePaths: [ '/Users/wangyifan/Downloads/harmonyOS/harmonychat-main/entry' ],
  routerMap: {},
  obfuscationOptions: undefined,
  byteCodeHarToDependencyKeys: undefined,
  compileBlockPkg: [ 'mobileimsdk' ],
  mockParams: {
    decorator: '@MockSetup',
    packageName: '@ohos/hamock',
    etsSourceRootPath: 'src/main/ets',
    mockConfigPath: undefined,
    mockConfigKey2ModuleInfo: {},
    source2ModuleIdMap: {}
  },
  copyCodeResourceEnable: true,
  copyCodeResourceExcludes: [],
  copyCodeResourceIncludes: undefined,
  uiTransformOptimization: false,
  sdkPath: '/Applications/DevEco-Studio.app/Contents/sdk',
  needPreloadSoFileSet: {},
  preloadSoFilePath: '/Users/wangyifan/Downloads/harmonyOS/harmonychat-main/entry/build/default/intermediates/preload/default/preload.json',
  useSourceHash: false,
  localModuleParamMap: {},
  otherPaths: {
    'mobileimsdk/*': [
      '../../../../oh_modules/.ohpm/mobileimsdk@hoop830zxxr8xnn6crmdrvjoor6h7alv6wz1iybybxq=/oh_modules/mobileimsdk/src/main/*'
    ],
    'entry/*': [ '../*', '../../../build/default/generated/profile/default/*' ]
  },
  collectImportersConfig: undefined
}
[2026-06-05T12:25:42.142] [DEBUG] debug-file - Compile arkts with external api path: /Applications/DevEco-Studio.app/Contents/sdk/default/hms/ets
[2026-06-05T12:25:42.142] [DEBUG] debug-file - default@CompileArkTS work[0] is submitted.
[2026-06-05T12:25:42.143] [DEBUG] debug-file - default@CompileArkTS work[0] is pushed to ready queue.
[2026-06-05T12:25:42.143] [DEBUG] debug-file - A work dispatched to worker[9] failed because unable to get work from ready queue.
[2026-06-05T12:25:42.143] [DEBUG] debug-file - A work dispatched to worker[8] failed because unable to get work from ready queue.
[2026-06-05T12:25:42.143] [DEBUG] debug-file - A work dispatched to worker[7] failed because unable to get work from ready queue.
[2026-06-05T12:25:42.143] [DEBUG] debug-file - A work dispatched to worker[6] failed because unable to get work from ready queue.
[2026-06-05T12:25:42.143] [DEBUG] debug-file - A work dispatched to worker[5] failed because unable to get work from ready queue.
[2026-06-05T12:25:42.143] [DEBUG] debug-file - Create  resident worker with id: 4.
[2026-06-05T12:25:42.143] [DEBUG] debug-file - default@CompileArkTS work[0] has been dispatched to worker[4].
[2026-06-05T12:25:42.143] [DEBUG] debug-file - default@CompileArkTS work[0] is dispatched.
[2026-06-05T12:25:42.143] [DEBUG] debug-file - CopyResources startTime: 231291794295041
[2026-06-05T12:25:42.143] [DEBUG] debug-file - default@CompileArkTS work[1] is submitted.
[2026-06-05T12:25:42.143] [DEBUG] debug-file - default@CompileArkTS work[1] is pushed to ready queue.
[2026-06-05T12:25:42.143] [DEBUG] debug-file - A work dispatched to worker[9] failed because unable to get work from ready queue.
[2026-06-05T12:25:42.143] [DEBUG] debug-file - Create  resident worker with id: 8.
[2026-06-05T12:25:42.144] [DEBUG] debug-file - default@CompileArkTS work[1] has been dispatched to worker[8].
[2026-06-05T12:25:42.144] [DEBUG] debug-file - default@CompileArkTS work[1] is dispatched.
[2026-06-05T12:25:42.144] [DEBUG] debug-file - entry : default@CompileArkTS cost memory -4.4111328125
[2026-06-05T12:25:42.145] [DEBUG] debug-file - Executing task :entry:default@BuildJS
[2026-06-05T12:25:42.145] [DEBUG] debug-file - Task 'entry:default@BuildJS' cost while wrapping incremental declarations: 1 ms 
[2026-06-05T12:25:42.147] [DEBUG] debug-file - entry : default@BuildJS cost memory 0.1385955810546875
[2026-06-05T12:25:42.147] [DEBUG] debug-file - runTaskFromQueue task cost before running: 1 s 180 ms 
[2026-06-05T12:25:42.147] [INFO] debug-file - Finished :entry:default@BuildJS... after 2 ms 
[2026-06-05T12:25:42.148] [DEBUG] debug-file - Executing task :entry:default@CacheNativeLibs
[2026-06-05T12:25:42.148] [DEBUG] debug-file - File: '/Users/wangyifan/Downloads/harmonyOS/harmonychat-main/entry/build/default/intermediates/binxo/default' from 'cacheBinxoNativeLibs' is not exists, just ignore.
[2026-06-05T12:25:42.148] [DEBUG] debug-file - Task 'entry:default@CacheNativeLibs' cost while wrapping incremental declarations: 1 ms 
[2026-06-05T12:25:42.149] [DEBUG] debug-file - Incremental task entry:default@CacheNativeLibs pre-execution cost: 1 ms .
[2026-06-05T12:25:42.149] [DEBUG] debug-file - entry : default@CacheNativeLibs cost memory 0.0960845947265625
[2026-06-05T12:25:42.149] [INFO] debug-file - UP-TO-DATE :entry:default@CacheNativeLibs...  
[2026-06-05T12:25:42.446] [DEBUG] debug-file - worker[8] has one work done.
[2026-06-05T12:25:42.446] [DEBUG] debug-file - CopyResources is end, endTime: 231292097087250
[2026-06-05T12:25:42.446] [DEBUG] debug-file - default@CompileArkTS work[1] done.
[2026-06-05T12:25:42.446] [DEBUG] debug-file - A work dispatched to worker[8] failed because unable to get work from ready queue.
[2026-06-05T12:25:46.633] [WARN] debug-file - [33mWARN: [33m[33mArkTS:WARN File: /Users/wangyifan/Downloads/harmonyOS/harmonychat-main/oh_modules/.ohpm/mobileimsdk@hoop830zxxr8xnn6crmdrvjoor6h7alv6wz1iybybxq=/oh_modules/mobileimsdk/src/main/ets/d1/f1/k1.d.ets:2:1
 Switching off type checks with in-place comments is not allowed (arkts-strict-typing-required)
[39m[39m
[33mWARN: [33m[33mArkTS:WARN File: /Users/wangyifan/Downloads/harmonyOS/harmonychat-main/oh_modules/.ohpm/mobileimsdk@hoop830zxxr8xnn6crmdrvjoor6h7alv6wz1iybybxq=/oh_modules/mobileimsdk/src/main/ets/d1/f1/g1.d.ets:2:1
 Switching off type checks with in-place comments is not allowed (arkts-strict-typing-required)
[39m[39m
[33mWARN: [33m[33mArkTS:WARN File: /Users/wangyifan/Downloads/harmonyOS/harmonychat-main/oh_modules/.ohpm/mobileimsdk@hoop830zxxr8xnn6crmdrvjoor6h7alv6wz1iybybxq=/oh_modules/mobileimsdk/src/main/ets/o/p/r.d.ets:2:1
 Switching off type checks with in-place comments is not allowed (arkts-strict-typing-required)
[39m[39m
[33mWARN: [33m[33mArkTS:WARN File: /Users/wangyifan/Downloads/harmonyOS/harmonychat-main/oh_modules/.ohpm/mobileimsdk@hoop830zxxr8xnn6crmdrvjoor6h7alv6wz1iybybxq=/oh_modules/mobileimsdk/src/main/ets/d.d.ets:2:1
 Switching off type checks with in-place comments is not allowed (arkts-strict-typing-required)
[39m[39m
[33mWARN: [33m[33mArkTS:WARN File: /Users/wangyifan/Downloads/harmonyOS/harmonychat-main/oh_modules/.ohpm/mobileimsdk@hoop830zxxr8xnn6crmdrvjoor6h7alv6wz1iybybxq=/oh_modules/mobileimsdk/src/main/ets/e/f.d.ets:2:1
 Switching off type checks with in-place comments is not allowed (arkts-strict-typing-required)
[39m[39m
[33mWARN: [33m[33mArkTS:WARN File: /Users/wangyifan/Downloads/harmonyOS/harmonychat-main/oh_modules/.ohpm/mobileimsdk@hoop830zxxr8xnn6crmdrvjoor6h7alv6wz1iybybxq=/oh_modules/mobileimsdk/src/main/ets/e/g.d.ets:2:1
 Switching off type checks with in-place comments is not allowed (arkts-strict-typing-required)
[39m[39m
[33mWARN: [33m[33mArkTS:WARN File: /Users/wangyifan/Downloads/harmonyOS/harmonychat-main/oh_modules/.ohpm/mobileimsdk@hoop830zxxr8xnn6crmdrvjoor6h7alv6wz1iybybxq=/oh_modules/mobileimsdk/src/main/ets/o/z.d.ets:2:1
 Switching off type checks with in-place comments is not allowed (arkts-strict-typing-required)
[39m[39m
[33mWARN: [33m[33mArkTS:WARN File: /Users/wangyifan/Downloads/harmonyOS/harmonychat-main/oh_modules/.ohpm/mobileimsdk@hoop830zxxr8xnn6crmdrvjoor6h7alv6wz1iybybxq=/oh_modules/mobileimsdk/src/main/ets/e/h.d.ets:2:1
 Switching off type checks with in-place comments is not allowed (arkts-strict-typing-required)
[39m[39m
[33mWARN: [33m[33mArkTS:WARN File: /Users/wangyifan/Downloads/harmonyOS/harmonychat-main/oh_modules/.ohpm/mobileimsdk@hoop830zxxr8xnn6crmdrvjoor6h7alv6wz1iybybxq=/oh_modules/mobileimsdk/src/main/ets/e/i.d.ets:2:1
 Switching off type checks with in-place comments is not allowed (arkts-strict-typing-required)
[39m[39m
[33mWARN: [33m[33mArkTS:WARN File: /Users/wangyifan/Downloads/harmonyOS/harmonychat-main/oh_modules/.ohpm/mobileimsdk@hoop830zxxr8xnn6crmdrvjoor6h7alv6wz1iybybxq=/oh_modules/mobileimsdk/src/main/ets/e/j.d.ets:2:1
 Switching off type checks with in-place comments is not allowed (arkts-strict-typing-required)
[39m[39m
[33mWARN: [33m[33mArkTS:WARN File: /Users/wangyifan/Downloads/harmonyOS/harmonychat-main/oh_modules/.ohpm/mobileimsdk@hoop830zxxr8xnn6crmdrvjoor6h7alv6wz1iybybxq=/oh_modules/mobileimsdk/src/main/ets/e/k.d.ets:2:1
 Switching off type checks with in-place comments is not allowed (arkts-strict-typing-required)
[39m[39m
[33mWARN: [33m[33mArkTS:WARN File: /Users/wangyifan/Downloads/harmonyOS/harmonychat-main/oh_modules/.ohpm/mobileimsdk@hoop830zxxr8xnn6crmdrvjoor6h7alv6wz1iybybxq=/oh_modules/mobileimsdk/src/main/ets/e/l.d.ets:2:1
 Switching off type checks with in-place comments is not allowed (arkts-strict-typing-required)
[39m[39m
[33mWARN: [33m[33mArkTS:WARN File: /Users/wangyifan/Downloads/harmonyOS/harmonychat-main/oh_modules/.ohpm/mobileimsdk@hoop830zxxr8xnn6crmdrvjoor6h7alv6wz1iybybxq=/oh_modules/mobileimsdk/src/main/ets/m/n.d.ets:2:1
 Switching off type checks with in-place comments is not allowed (arkts-strict-typing-required)
[39m[39m
[33mWARN: [33m[33mArkTS:WARN File: /Users/wangyifan/Downloads/harmonyOS/harmonychat-main/oh_modules/.ohpm/mobileimsdk@hoop830zxxr8xnn6crmdrvjoor6h7alv6wz1iybybxq=/oh_modules/mobileimsdk/src/main/ets/o/p/q.d.ets:2:1
 Switching off type checks with in-place comments is not allowed (arkts-strict-typing-required)
[39m[39m
[33mWARN: [33m[33mArkTS:WARN File: /Users/wangyifan/Downloads/harmonyOS/harmonychat-main/oh_modules/.ohpm/mobileimsdk@hoop830zxxr8xnn6crmdrvjoor6h7alv6wz1iybybxq=/oh_modules/mobileimsdk/src/main/ets/o/t/u.d.ets:2:1
 Switching off type checks with in-place comments is not allowed (arkts-strict-typing-required)
[39m[39m
[33mWARN: [33m[33mArkTS:WARN File: /Users/wangyifan/Downloads/harmonyOS/harmonychat-main/oh_modules/.ohpm/mobileimsdk@hoop830zxxr8xnn6crmdrvjoor6h7alv6wz1iybybxq=/oh_modules/mobileimsdk/src/main/ets/o/t/v.d.ets:2:1
 Switching off type checks with in-place comments is not allowed (arkts-strict-typing-required)
[39m[39m
[33mWARN: [33m[33mArkTS:WARN File: /Users/wangyifan/Downloads/harmonyOS/harmonychat-main/oh_modules/.ohpm/mobileimsdk@hoop830zxxr8xnn6crmdrvjoor6h7alv6wz1iybybxq=/oh_modules/mobileimsdk/src/main/ets/o/t/w.d.ets:2:1
 Switching off type checks with in-place comments is not allowed (arkts-strict-typing-required)
[39m[39m
[33mWARN: [33m[33mArkTS:WARN File: /Users/wangyifan/Downloads/harmonyOS/harmonychat-main/oh_modules/.ohpm/mobileimsdk@hoop830zxxr8xnn6crmdrvjoor6h7alv6wz1iybybxq=/oh_modules/mobileimsdk/src/main/ets/o/t/x.d.ets:2:1
 Switching off type checks with in-place comments is not allowed (arkts-strict-typing-required)
[39m[39m
[33mWARN: [33m[33mArkTS:WARN File: /Users/wangyifan/Downloads/harmonyOS/harmonychat-main/oh_modules/.ohpm/mobileimsdk@hoop830zxxr8xnn6crmdrvjoor6h7alv6wz1iybybxq=/oh_modules/mobileimsdk/src/main/ets/o/y.d.ets:2:1
 Switching off type checks with in-place comments is not allowed (arkts-strict-typing-required)
[39m[39m
[33mWARN: [33m[33mArkTS:WARN File: /Users/wangyifan/Downloads/harmonyOS/harmonychat-main/oh_modules/.ohpm/mobileimsdk@hoop830zxxr8xnn6crmdrvjoor6h7alv6wz1iybybxq=/oh_modules/mobileimsdk/src/main/ets/o/a1.d.ets:2:1
 Switching off type checks with in-place comments is not allowed (arkts-strict-typing-required)
[39m[39m
[33mWARN: [33m[33mArkTS:WARN File: /Users/wangyifan/Downloads/harmonyOS/harmonychat-main/oh_modules/.ohpm/mobileimsdk@hoop830zxxr8xnn6crmdrvjoor6h7alv6wz1iybybxq=/oh_modules/mobileimsdk/src/main/ets/o/b1.d.ets:2:1
 Switching off type checks with in-place comments is not allowed (arkts-strict-typing-required)
[39m[39m
[33mWARN: [33m[33mArkTS:WARN File: /Users/wangyifan/Downloads/harmonyOS/harmonychat-main/oh_modules/.ohpm/mobileimsdk@hoop830zxxr8xnn6crmdrvjoor6h7alv6wz1iybybxq=/oh_modules/mobileimsdk/src/main/ets/o/c1.d.ets:2:1
 Switching off type checks with in-place comments is not allowed (arkts-strict-typing-required)
[39m[39m
[33mWARN: [33m[33mArkTS:WARN File: /Users/wangyifan/Downloads/harmonyOS/harmonychat-main/oh_modules/.ohpm/mobileimsdk@hoop830zxxr8xnn6crmdrvjoor6h7alv6wz1iybybxq=/oh_modules/mobileimsdk/src/main/ets/d1/e1.d.ets:2:1
 Switching off type checks with in-place comments is not allowed (arkts-strict-typing-required)
[39m[39m
[33mWARN: [33m[33mArkTS:WARN File: /Users/wangyifan/Downloads/harmonyOS/harmonychat-main/oh_modules/.ohpm/mobileimsdk@hoop830zxxr8xnn6crmdrvjoor6h7alv6wz1iybybxq=/oh_modules/mobileimsdk/src/main/ets/d1/i1.d.ets:2:1
 Switching off type checks with in-place comments is not allowed (arkts-strict-typing-required)
[39m[39m
[33mWARN: [33m[33mArkTS:WARN File: /Users/wangyifan/Downloads/harmonyOS/harmonychat-main/oh_modules/.ohpm/mobileimsdk@hoop830zxxr8xnn6crmdrvjoor6h7alv6wz1iybybxq=/oh_modules/mobileimsdk/src/main/ets/d1/j1.d.ets:2:1
 Switching off type checks with in-place comments is not allowed (arkts-strict-typing-required)
[39m[39m
[33mWARN: [33m[33mArkTS:WARN File: /Users/wangyifan/Downloads/harmonyOS/harmonychat-main/oh_modules/.ohpm/mobileimsdk@hoop830zxxr8xnn6crmdrvjoor6h7alv6wz1iybybxq=/oh_modules/mobileimsdk/Index.d.ets:2:1
 Switching off type checks with in-place comments is not allowed (arkts-strict-typing-required)
[39m[39m
[33mWARN: [33m[33mArkTS:WARN: For details about ArkTS syntax errors, see FAQs[39m[39m
[33mWARN: [33m[33mArkTS:WARN File: /Users/wangyifan/Downloads/harmonyOS/harmonychat-main/entry/src/main/ets/pages/utils/ToolKits.ets:38:5
 Function may throw exceptions. Special handling is required.
[39m[39m
[33mWARN: [33m[33mArkTS:WARN File: /Users/wangyifan/Downloads/harmonyOS/harmonychat-main/entry/src/main/ets/pages/utils/ToolKits.ets:120:5
 Function may throw exceptions. Special handling is required.
[39m[39m
[33mWARN: [33m[33mArkTS:WARN File: /Users/wangyifan/Downloads/harmonyOS/harmonychat-main/entry/src/main/ets/pages/utils/ToolKits.ets:120:18
 'showToast' has been deprecated.
[39m[39m
[33mWARN: [33m[33mArkTS:WARN File: /Users/wangyifan/Downloads/harmonyOS/harmonychat-main/entry/src/main/ets/pages/utils/ToolKits.ets:143:17
 'show' has been deprecated.
[39m[39m
[33mWARN: [33m[33mArkTS:WARN File: /Users/wangyifan/Downloads/harmonyOS/harmonychat-main/entry/src/main/ets/entryability/EntryAbility.ets:61:53
 Function may throw exceptions. Special handling is required.
[39m[39m
[33mWARN: [33m[33mArkTS:WARN File: /Users/wangyifan/Downloads/harmonyOS/harmonychat-main/entry/src/main/ets/pages/SafePage.ets:89:24
 'pushUrl' has been deprecated.
[39m[39m
[33mWARN: [33m[33mArkTS:WARN File: /Users/wangyifan/Downloads/harmonyOS/harmonychat-main/entry/src/main/ets/pages/SafePage.ets:111:56
 'getContext' has been deprecated.
[39m[39m
[33mWARN: [33m[33mArkTS:WARN File: /Users/wangyifan/Downloads/harmonyOS/harmonychat-main/entry/src/main/ets/pages/SafePage.ets:121:24
 'replaceUrl' has been deprecated.
[39m[39m
[33mWARN: [33m[33mArkTS:WARN File: /Users/wangyifan/Downloads/harmonyOS/harmonychat-main/entry/src/main/ets/pages/components/ChatInputView.ets:53:22
 'getContext' has been deprecated.
[39m[39m
[33mWARN: [33m[33mArkTS:WARN File: /Users/wangyifan/Downloads/harmonyOS/harmonychat-main/entry/src/main/ets/pages/components/msg_view/NormalMsgView.ets:53:22
 'getContext' has been deprecated.
[39m[39m
[33mWARN: [33m[33mArkTS:WARN File: /Users/wangyifan/Downloads/harmonyOS/harmonychat-main/entry/src/main/ets/pages/ChatPage.ets:87:32
 'getContext' has been deprecated.
[39m[39m
[33mWARN: [33m[33mArkTS:WARN File: /Users/wangyifan/Downloads/harmonyOS/harmonychat-main/entry/src/main/ets/pages/ChatPage.ets:209:46
 'getContext' has been deprecated.
[39m[39m
[33mWARN: [33m[33mArkTS:WARN File: /Users/wangyifan/Downloads/harmonyOS/harmonychat-main/entry/src/main/ets/pages/ChatPage.ets:222:51
 'getContext' has been deprecated.
[39m[39m
[33mWARN: [33m[33mArkTS:WARN File: /Users/wangyifan/Downloads/harmonyOS/harmonychat-main/entry/src/main/ets/pages/ChatPage.ets:222:93
 'getContext' has been deprecated.
[39m[39m
[33mWARN: [33m[33mArkTS:WARN File: /Users/wangyifan/Downloads/harmonyOS/harmonychat-main/entry/src/main/ets/pages/ChatPage.ets:224:5
 Function may throw exceptions. Special handling is required.
[39m[39m
[33mWARN: [33m[33mArkTS:WARN File: /Users/wangyifan/Downloads/harmonyOS/harmonychat-main/entry/src/main/ets/pages/ChatPage.ets:224:12
 'replaceUrl' has been deprecated.
[39m[39m
[33mWARN: [33m[33mArkTS:WARN File: /Users/wangyifan/Downloads/harmonyOS/harmonychat-main/entry/src/main/ets/pages/LoginPage.ets:60:19
 'getContext' has been deprecated.
[39m[39m
[33mWARN: [33m[33mArkTS:WARN File: /Users/wangyifan/Downloads/harmonyOS/harmonychat-main/entry/src/main/ets/pages/LoginPage.ets:76:16
 'replaceUrl' has been deprecated.
[39m[39m
[33mWARN: [33m[33mArkTS:WARN File: /Users/wangyifan/Downloads/harmonyOS/harmonychat-main/entry/src/main/ets/pages/LoginPage.ets:223:21
 'getContext' has been deprecated.
[39m[39m
[33mWARN: [33m[33mArkTS:WARN File: /Users/wangyifan/Downloads/harmonyOS/harmonychat-main/entry/src/main/ets/pages/LoginPage.ets:235:5
 Function may throw exceptions. Special handling is required.
[39m[39m
[33mWARN: [33m[33mArkTS:WARN File: /Users/wangyifan/Downloads/harmonyOS/harmonychat-main/entry/src/main/ets/pages/LoginPage.ets:235:12
 'pushUrl' has been deprecated.
[39m[39m
[33mWARN: [33m[33mArkTS:WARN File: /Users/wangyifan/Downloads/harmonyOS/harmonychat-main/entry/src/main/ets/pages/RegisterPage.ets:51:19
 'getContext' has been deprecated.
[39m[39m
[33mWARN: [33m[33mArkTS:WARN File: /Users/wangyifan/Downloads/harmonyOS/harmonychat-main/entry/src/main/ets/pages/RegisterPage.ets:110:20
 'back' has been deprecated.
[39m[39m
[33mWARN: [33m[33mArkTS:WARN File: /Users/wangyifan/Downloads/harmonyOS/harmonychat-main/entry/src/main/ets/pages/RegisterPage.ets:135:12
 'back' has been deprecated.
[39m[39m
[33mWARN: [33m[33mArkTS:WARN File: /Users/wangyifan/Downloads/harmonyOS/harmonychat-main/entry/src/main/ets/pages/utils/PreferenceManager.ets:23:21
 'getContext' has been deprecated.
[39m[39m
[33mWARN: [33m[33mArkTS:WARN File: /Users/wangyifan/Downloads/harmonyOS/harmonychat-main/entry/src/main/ets/pages/utils/PreferenceManager.ets:38:12
 Function may throw exceptions. Special handling is required.
[39m[39m
[33mWARN: [33m[33mArkTS:WARN File: /Users/wangyifan/Downloads/harmonyOS/harmonychat-main/entry/src/main/ets/pages/utils/PreferenceManager.ets:46:7
 Function may throw exceptions. Special handling is required.
[39m[39m
[33mWARN: [33m[33mArkTS:WARN File: /Users/wangyifan/Downloads/harmonyOS/harmonychat-main/entry/src/main/ets/pages/utils/PreferenceManager.ets:58:14
 Function may throw exceptions. Special handling is required.
[39m[39m
[33mWARN: [33m[33mArkTS:WARN File: /Users/wangyifan/Downloads/harmonyOS/harmonychat-main/entry/src/main/ets/pages/utils/PreferenceManager.ets:74:14
 Function may throw exceptions. Special handling is required.
[39m[39m
[33mWARN: [33m[33mArkTS:WARN File: /Users/wangyifan/Downloads/harmonyOS/harmonychat-main/entry/src/main/ets/pages/utils/PreferenceManager.ets:84:7
 Function may throw exceptions. Special handling is required.
[39m[39m
[33mWARN: [33m[33mArkTS:WARN File: /Users/wangyifan/Downloads/harmonyOS/harmonychat-main/entry/src/main/ets/pages/utils/PreferenceManager.ets:95:5
 Function may throw exceptions. Special handling is required.
[39m[39m
[33mWARN: [33m[33mArkTS:WARN File: /Users/wangyifan/Downloads/harmonyOS/harmonychat-main/entry/src/main/ets/pages/SplashPage.ets:29:37
 'getParams' has been deprecated.
[39m[39m
[33mWARN: [33m[33mArkTS:WARN File: /Users/wangyifan/Downloads/harmonyOS/harmonychat-main/entry/src/main/ets/pages/SplashPage.ets:29:59
 'getParams' has been deprecated.
[39m[39m
[33mWARN: [33m[33mArkTS:WARN File: /Users/wangyifan/Downloads/harmonyOS/harmonychat-main/entry/src/main/ets/pages/SplashPage.ets:65:18
 'replaceUrl' has been deprecated.
[39m[39m
[33mWARN: [33m[33mArkTS:WARN File: /Users/wangyifan/Downloads/harmonyOS/harmonychat-main/entry/src/main/ets/pages/SplashPage.ets:75:5
 Function may throw exceptions. Special handling is required.
[39m[39m
[33mWARN: [33m[33mArkTS:WARN File: /Users/wangyifan/Downloads/harmonyOS/harmonychat-main/entry/src/main/ets/pages/SplashPage.ets:75:12
 'replaceUrl' has been deprecated.
[39m[39m
[33mWARN: [33m[33mArkTS:WARN File: /Users/wangyifan/Downloads/harmonyOS/harmonychat-main/entry/src/main/ets/pages/ChatComponent.ets:79:56
 'getContext' has been deprecated.
[39m[39m
[33mWARN: [33m[33mArkTS:WARN File: /Users/wangyifan/Downloads/harmonyOS/harmonychat-main/entry/src/main/ets/pages/ChatComponent.ets:256:46
 'getContext' has been deprecated.
[39m[39m
[33mWARN: [33m[33mArkTS:WARN File: /Users/wangyifan/Downloads/harmonyOS/harmonychat-main/entry/src/main/ets/pages/ChatComponent.ets:269:51
 'getContext' has been deprecated.
[39m[39m
[33mWARN: [33m[33mArkTS:WARN File: /Users/wangyifan/Downloads/harmonyOS/harmonychat-main/entry/src/main/ets/pages/ChatComponent.ets:269:93
 'getContext' has been deprecated.
[39m[39m
[33mWARN: [33m[33mArkTS:WARN File: /Users/wangyifan/Downloads/harmonyOS/harmonychat-main/entry/src/main/ets/pages/ChatComponent.ets:271:5
 Function may throw exceptions. Special handling is required.
[39m[39m
[33mWARN: [33m[33mArkTS:WARN File: /Users/wangyifan/Downloads/harmonyOS/harmonychat-main/entry/src/main/ets/pages/ChatComponent.ets:271:12
 'replaceUrl' has been deprecated.
[39m[39m
[33mWARN: [33m[33mArkTS:WARN File: /Users/wangyifan/Downloads/harmonyOS/harmonychat-main/entry/src/main/ets/pages/MineComponent.ets:400:20
 'getContext' has been deprecated.
[39m[39m
[33mWARN: [33m[33mArkTS:WARN File: /Users/wangyifan/Downloads/harmonyOS/harmonychat-main/entry/src/main/ets/pages/MineComponent.ets:528:55
 'getContext' has been deprecated.
[39m[39m
[33mWARN: [33m[33mArkTS:WARN File: /Users/wangyifan/Downloads/harmonyOS/harmonychat-main/entry/src/main/ets/pages/MineComponent.ets:528:97
 'getContext' has been deprecated.
[39m[39m
[33mWARN: [33m[33mArkTS:WARN File: /Users/wangyifan/Downloads/harmonyOS/harmonychat-main/entry/src/main/ets/pages/MineComponent.ets:529:16
 'replaceUrl' has been deprecated.
[39m[39m
[33mWARN: [33m[33mArkTS:WARN File: /Users/wangyifan/Downloads/harmonyOS/harmonychat-main/entry/src/main/ets/pages/MineComponent.ets:558:61
 'getContext' has been deprecated.
[39m[39m
[33mWARN: [33m[33mArkTS:WARN File: /Users/wangyifan/Downloads/harmonyOS/harmonychat-main/entry/src/main/ets/pages/MineComponent.ets:558:103
 'getContext' has been deprecated.
[39m[39m
[33mWARN: [33m[33mArkTS:WARN File: /Users/wangyifan/Downloads/harmonyOS/harmonychat-main/entry/src/main/ets/pages/MineComponent.ets:559:22
 'replaceUrl' has been deprecated.
[39m[39m
[33mWARN: [33m[33mArkTS:WARN File: /Users/wangyifan/Downloads/harmonyOS/harmonychat-main/entry/src/main/ets/pages/MainPage.ets:45:20
 'getContext' has been deprecated.
[39m[39m
[33mWARN: [33m[33mArkTS:WARN File: /Users/wangyifan/Downloads/harmonyOS/harmonychat-main/entry/src/main/ets/pages/MainPage.ets:77:32
 'getContext' has been deprecated.
[39m[39m
[33mWARN: [33m[33m[39m [33mArkTS:WARN Property 'sourceMapsPath' not found in 'mobileimsdk'.[39m [33m[39m[39m[39m

[2026-06-05T12:25:46.634] [DEBUG] debug-file - worker[4] has one work done.
[2026-06-05T12:25:46.633] [DEBUG] debug-file - Ark compile task finished.finished time is 231296284586375
[2026-06-05T12:25:46.635] [DEBUG] debug-file - default@CompileArkTS work[0] done.
[2026-06-05T12:25:46.635] [INFO] debug-file - Finished :entry:default@CompileArkTS... after 3 s 889 ms 
[2026-06-05T12:25:46.636] [DEBUG] debug-file - Executing task :entry:default@GeneratePkgModuleJson
[2026-06-05T12:25:46.636] [DEBUG] debug-file - File: '/Users/wangyifan/Downloads/harmonyOS/harmonychat-main/entry/build/default/intermediates/preload/default/preload.json' from 'preloadSoJsonPath' is not exists, just ignore.
[2026-06-05T12:25:46.636] [DEBUG] debug-file - Error occurs while handling @Input 'shouldDeduplicateHar': The "data" argument must be of type string or an instance of Buffer, TypedArray, or DataView. Received undefined
[2026-06-05T12:25:46.636] [DEBUG] debug-file - Task 'entry:default@GeneratePkgModuleJson' cost while wrapping incremental declarations: 1 ms 
[2026-06-05T12:25:46.636] [DEBUG] debug-file - Incremental task entry:default@GeneratePkgModuleJson pre-execution cost: 1 ms .
[2026-06-05T12:25:46.636] [DEBUG] debug-file - entry : default@GeneratePkgModuleJson cost memory 0.088104248046875
[2026-06-05T12:25:46.636] [INFO] debug-file - UP-TO-DATE :entry:default@GeneratePkgModuleJson...  
[2026-06-05T12:25:46.636] [DEBUG] debug-file - Executing task :entry:default@ProcessCompiledResources
[2026-06-05T12:25:46.636] [DEBUG] debug-file - File: '/Users/wangyifan/Downloads/harmonyOS/harmonychat-main/entry/build/default/intermediates/preload/default/preload.json' from 'preloadSoJsonPath' is not exists, just ignore.
[2026-06-05T12:25:46.636] [DEBUG] debug-file - Task 'entry:default@ProcessCompiledResources' cost while wrapping incremental declarations: 1 ms 
[2026-06-05T12:25:46.637] [DEBUG] debug-file - entry : default@ProcessCompiledResources cost memory 0.05730438232421875
[2026-06-05T12:25:46.637] [DEBUG] debug-file - runTaskFromQueue task cost before running: 5 s 670 ms 
[2026-06-05T12:25:46.637] [INFO] debug-file - Finished :entry:default@ProcessCompiledResources... after 1 ms 
[2026-06-05T12:25:46.637] [DEBUG] debug-file - Executing task :entry:default@PackageHap
[2026-06-05T12:25:46.638] [DEBUG] debug-file - entry:default@PackageHap is not up-to-date, since the input file '/Users/wangyifan/Downloads/harmonyOS/harmonychat-main/entry/build/default/intermediates/loader_out/default/ets' has been changed.
[2026-06-05T12:25:46.638] [DEBUG] debug-file - Incremental task entry:default@PackageHap pre-execution cost: 1 ms .
[2026-06-05T12:25:46.639] [DEBUG] debug-file - Use tool [/Applications/DevEco-Studio.app/Contents/sdk/default/openharmony/toolchains/lib/app_packing_tool.jar]
 [
  'java',
  '-Dfile.encoding=utf-8',
  '-jar',
  '/Applications/DevEco-Studio.app/Contents/sdk/default/openharmony/toolchains/lib/app_packing_tool.jar',
  '--mode',
  'hap',
  '--force',
  'true',
  '--lib-path',
  '/Users/wangyifan/Downloads/harmonyOS/harmonychat-main/entry/build/default/intermediates/stripped_native_libs/default',
  '--json-path',
  '/Users/wangyifan/Downloads/harmonyOS/harmonychat-main/entry/build/default/intermediates/package/default/module.json',
  '--resources-path',
  '/Users/wangyifan/Downloads/harmonyOS/harmonychat-main/entry/build/default/intermediates/res/default/resources',
  '--index-path',
  '/Users/wangyifan/Downloads/harmonyOS/harmonychat-main/entry/build/default/intermediates/res/default/resources.index',
  '--pack-info-path',
  '/Users/wangyifan/Downloads/harmonyOS/harmonychat-main/entry/build/default/outputs/default/pack.info',
  '--out-path',
  '/Users/wangyifan/Downloads/harmonyOS/harmonychat-main/entry/build/default/outputs/default/entry-default-unsigned.hap',
  '--ets-path',
  '/Users/wangyifan/Downloads/harmonyOS/harmonychat-main/entry/build/default/intermediates/loader_out/default/ets',
  '--pkg-context-path',
  '/Users/wangyifan/Downloads/harmonyOS/harmonychat-main/entry/build/default/intermediates/loader/default/pkgContextInfo.json'
]
[2026-06-05T12:25:46.639] [DEBUG] debug-file - default@PackageHap work[2] is submitted.
[2026-06-05T12:25:46.639] [DEBUG] debug-file - default@PackageHap work[2] is pushed to ready queue.
[2026-06-05T12:25:46.639] [DEBUG] debug-file - default@PackageHap work[2] is not dispatched.
[2026-06-05T12:25:46.640] [DEBUG] debug-file - entry : default@PackageHap cost memory 0.6995162963867188
[2026-06-05T12:25:46.841] [DEBUG] debug-file - A work dispatched to worker[9] failed because unable to get work from ready queue.
[2026-06-05T12:25:46.841] [DEBUG] debug-file - default@PackageHap work[2] has been dispatched to worker[8].
[2026-06-05T12:25:46.887] [DEBUG] debug-file - current process  memoryUsage: {
  rss: 723435520,
  heapTotal: 81821696,
  heapUsed: 50123864,
  external: 2225992,
  arrayBuffers: 72538
} os memoryUsage :15.582382202148438
[2026-06-05T12:25:47.039] [DEBUG] debug-file - A work dispatched to worker[4] failed because unable to get work from ready queue.
[2026-06-05T12:25:47.113] [DEBUG] debug-file - worker[8] has one work done.
[2026-06-05T12:25:47.113] [DEBUG] debug-file - default@PackageHap work[2] done.
[2026-06-05T12:25:47.113] [DEBUG] debug-file - A work dispatched to worker[8] failed because unable to get work from ready queue.
[2026-06-05T12:25:47.113] [INFO] debug-file - Finished :entry:default@PackageHap... after 229 ms 
[2026-06-05T12:25:47.114] [DEBUG] debug-file - Executing task :entry:default@PackingCheck
[2026-06-05T12:25:47.117] [DEBUG] debug-file - entry : default@PackingCheck cost memory 0.5774688720703125
[2026-06-05T12:25:47.117] [DEBUG] debug-file - runTaskFromQueue task cost before running: 6 s 150 ms 
[2026-06-05T12:25:47.117] [INFO] debug-file - Finished :entry:default@PackingCheck... after 3 ms 
[2026-06-05T12:25:47.118] [DEBUG] debug-file - Executing task :entry:default@SignHap
[2026-06-05T12:25:47.118] [WARN] debug-file - Will skip sign 'hos_hap'. No signingConfigs profile is configured in current project.
             If needed, configure the signingConfigs in /Users/wangyifan/Downloads/harmonyOS/harmonychat-main/build-profile.json5.
[2026-06-05T12:25:47.118] [DEBUG] debug-file - entry:default@SignHap is not up-to-date, since the input file '/Users/wangyifan/Downloads/harmonyOS/harmonychat-main/entry/build/default/outputs/default/entry-default-unsigned.hap' has been changed.
[2026-06-05T12:25:47.118] [DEBUG] debug-file - Incremental task entry:default@SignHap pre-execution cost: 1 ms .
[2026-06-05T12:25:47.118] [DEBUG] debug-file - entry : default@SignHap cost memory 0.077056884765625
[2026-06-05T12:25:47.118] [DEBUG] debug-file - runTaskFromQueue task cost before running: 6 s 151 ms 
[2026-06-05T12:25:47.118] [INFO] debug-file - Finished :entry:default@SignHap... after 1 ms 
[2026-06-05T12:25:47.118] [DEBUG] debug-file - Executing task :entry:default@CollectDebugSymbol
[2026-06-05T12:25:47.119] [DEBUG] debug-file - entry : default@CollectDebugSymbol cost memory 0.09021759033203125
[2026-06-05T12:25:47.119] [DEBUG] debug-file - runTaskFromQueue task cost before running: 6 s 152 ms 
[2026-06-05T12:25:47.119] [INFO] debug-file - Finished :entry:default@CollectDebugSymbol... after 1 ms 
[2026-06-05T12:25:47.119] [DEBUG] debug-file - Executing task :entry:assembleHap
[2026-06-05T12:25:47.119] [DEBUG] debug-file - entry : assembleHap cost memory 0.01279449462890625
[2026-06-05T12:25:47.119] [DEBUG] debug-file - runTaskFromQueue task cost before running: 6 s 152 ms 
[2026-06-05T12:25:47.119] [INFO] debug-file - Finished :entry:assembleHap... after 1 ms 
[2026-06-05T12:25:47.120] [INFO] debug-file - BUILD SUCCESSFUL in 6 s 153 ms 
[2026-06-05T12:25:47.120] [DEBUG] debug-file - There is no need to refresh cache, since the incremental task entry:default@PreBuild is up-to-date.
[2026-06-05T12:25:47.120] [DEBUG] debug-file - Update task entry:default@CreateModuleInfo output file:/Users/wangyifan/Downloads/harmonyOS/harmonychat-main/entry/build/default/generated/profile/default/ModuleInfo.ts cache.
[2026-06-05T12:25:47.120] [DEBUG] debug-file - Incremental task entry:default@CreateModuleInfo post-execution cost:1 ms .
[2026-06-05T12:25:47.120] [DEBUG] debug-file - There is no need to refresh cache, since the incremental task entry:default@GenerateMetadata is up-to-date.
[2026-06-05T12:25:47.120] [DEBUG] debug-file - There is no need to refresh cache, since the incremental task entry:default@MergeProfile is up-to-date.
[2026-06-05T12:25:47.120] [DEBUG] debug-file - There is no need to refresh cache, since the incremental task entry:default@CreateBuildProfile is up-to-date.
[2026-06-05T12:25:47.120] [DEBUG] debug-file - There is no need to refresh cache, since the incremental task entry:default@GeneratePkgContextInfo is up-to-date.
[2026-06-05T12:25:47.120] [DEBUG] debug-file - Update task entry:default@GeneratePkgSdkInfo output file:/Users/wangyifan/Downloads/harmonyOS/harmonychat-main/entry/build/default/intermediates/loader/default/pkgSdkInfo.json cache.
[2026-06-05T12:25:47.120] [DEBUG] debug-file - Incremental task entry:default@GeneratePkgSdkInfo post-execution cost:1 ms .
[2026-06-05T12:25:47.120] [DEBUG] debug-file - Update task entry:default@ProcessIntegratedHsp output file:/Users/wangyifan/Downloads/harmonyOS/harmonychat-main/build/cache/default/integrated_hsp/integratedHspCache.json cache.
[2026-06-05T12:25:47.120] [DEBUG] debug-file - Incremental task entry:default@ProcessIntegratedHsp post-execution cost:1 ms .
[2026-06-05T12:25:47.120] [DEBUG] debug-file - There is no need to refresh cache, since the incremental task entry:default@MakePackInfo is up-to-date.
[2026-06-05T12:25:47.120] [DEBUG] debug-file - Update task entry:default@SyscapTransform input file:/Applications/DevEco-Studio.app/Contents/sdk/default/openharmony/toolchains/syscap_tool cache by regenerate.
[2026-06-05T12:25:47.120] [DEBUG] debug-file - Update task entry:default@SyscapTransform input file:/Applications/DevEco-Studio.app/Contents/sdk/default/openharmony/ets/api/device-define cache by regenerate.
[2026-06-05T12:25:47.121] [DEBUG] debug-file - Update task entry:default@SyscapTransform output file:/Users/wangyifan/Downloads/harmonyOS/harmonychat-main/entry/build/default/intermediates/syscap/default/rpcid.sc cache.
[2026-06-05T12:25:47.121] [DEBUG] debug-file - Incremental task entry:default@SyscapTransform post-execution cost:1 ms .
[2026-06-05T12:25:47.121] [DEBUG] debug-file - There is no need to refresh cache, since the incremental task entry:default@ProcessProfile is up-to-date.
[2026-06-05T12:25:47.121] [DEBUG] debug-file - There is no need to refresh cache, since the incremental task entry:default@ProcessRouterMap is up-to-date.
[2026-06-05T12:25:47.121] [DEBUG] debug-file - There is no need to refresh cache, since the incremental task entry:default@ProcessShareConfig is up-to-date.
[2026-06-05T12:25:47.121] [DEBUG] debug-file - Update task entry:default@ProcessStartupConfig input file:/Users/wangyifan/Downloads/harmonyOS/harmonychat-main/entry/build/default/intermediates/loader/default/pkgContextInfo.json cache by regenerate.
[2026-06-05T12:25:47.121] [DEBUG] debug-file - Update task entry:default@ProcessStartupConfig output file:/Users/wangyifan/Downloads/harmonyOS/harmonychat-main/entry/build/default/intermediates/startup/default/startup_config.json cache.
[2026-06-05T12:25:47.121] [DEBUG] debug-file - Incremental task entry:default@ProcessStartupConfig post-execution cost:1 ms .
[2026-06-05T12:25:47.121] [DEBUG] debug-file - There is no need to refresh cache, since the incremental task entry:default@ProcessResource is up-to-date.
[2026-06-05T12:25:47.121] [DEBUG] debug-file - There is no need to refresh cache, since the incremental task entry:default@GenerateLoaderJson is up-to-date.
[2026-06-05T12:25:47.121] [DEBUG] debug-file - There is no need to refresh cache, since the incremental task entry:default@ProcessLibs is up-to-date.
[2026-06-05T12:25:47.121] [DEBUG] debug-file - There is no need to refresh cache, since the incremental task entry:default@CompileResource is up-to-date.
[2026-06-05T12:25:47.121] [DEBUG] debug-file - There is no need to refresh cache, since the incremental task entry:default@DoNativeStrip is up-to-date.
[2026-06-05T12:25:47.122] [DEBUG] debug-file - Update task entry:default@CompileArkTS input file:/Users/wangyifan/Downloads/harmonyOS/harmonychat-main/entry/build/default/intermediates/loader/default cache by regenerate.
[2026-06-05T12:25:47.122] [DEBUG] debug-file - Update task entry:default@CompileArkTS input file:/Users/wangyifan/Downloads/harmonyOS/harmonychat-main/oh_modules/.ohpm/mobileimsdk@hoop830zxxr8xnn6crmdrvjoor6h7alv6wz1iybybxq=/oh_modules/mobileimsdk/src/main/ets cache by regenerate.
[2026-06-05T12:25:47.123] [DEBUG] debug-file - Update task entry:default@CompileArkTS input file:/Users/wangyifan/Downloads/harmonyOS/harmonychat-main/entry/build/default/intermediates/res/default/resources/rawfile cache by regenerate.
[2026-06-05T12:25:47.123] [DEBUG] debug-file - Update task entry:default@CompileArkTS input file:/Users/wangyifan/Downloads/harmonyOS/harmonychat-main/entry/build/default/intermediates/res/default/ResourceTable.txt cache by regenerate.
[2026-06-05T12:25:47.123] [DEBUG] debug-file - Update task entry:default@CompileArkTS input file:/Users/wangyifan/Downloads/harmonyOS/harmonychat-main/entry/build/default/intermediates/res/default/ark_module.json cache by regenerate.
[2026-06-05T12:25:47.123] [DEBUG] debug-file - Update task entry:default@CompileArkTS input file:/Users/wangyifan/Downloads/harmonyOS/harmonychat-main/entry/build/default/intermediates/res/default/resources/base/profile cache by regenerate.
[2026-06-05T12:25:47.123] [DEBUG] debug-file - Update task entry:default@CompileArkTS input file:/Users/wangyifan/Downloads/harmonyOS/harmonychat-main/entry/src/main/ets cache from map.
[2026-06-05T12:25:47.123] [DEBUG] debug-file - Update task entry:default@CompileArkTS input file:/Users/wangyifan/Downloads/harmonyOS/harmonychat-main/entry/build/default/intermediates/loader/default/pkgContextInfo.json cache by regenerate.
[2026-06-05T12:25:47.123] [DEBUG] debug-file - Update task entry:default@CompileArkTS input file:/Users/wangyifan/Downloads/harmonyOS/harmonychat-main/entry/build/default/generated/profile/default/BuildProfile.ets cache by regenerate.
[2026-06-05T12:25:47.123] [DEBUG] debug-file - Update task entry:default@CompileArkTS output file:/Users/wangyifan/Downloads/harmonyOS/harmonychat-main/entry/build/default/intermediates/loader_out/default/ets cache.
[2026-06-05T12:25:47.123] [DEBUG] debug-file - Incremental task entry:default@CompileArkTS post-execution cost:2 ms .
[2026-06-05T12:25:47.123] [DEBUG] debug-file - Update task entry:default@BuildJS input file:/Users/wangyifan/Downloads/harmonyOS/harmonychat-main/entry/build/default/intermediates/loader/default cache by regenerate.
[2026-06-05T12:25:47.123] [DEBUG] debug-file - Update task entry:default@BuildJS input file:/Users/wangyifan/Downloads/harmonyOS/harmonychat-main/entry/build/default/intermediates/res/default/resources/rawfile cache by regenerate.
[2026-06-05T12:25:47.124] [DEBUG] debug-file - Update task entry:default@BuildJS input file:/Users/wangyifan/Downloads/harmonyOS/harmonychat-main/entry/build/default/intermediates/res/default/ResourceTable.txt cache by regenerate.
[2026-06-05T12:25:47.124] [DEBUG] debug-file - Update task entry:default@BuildJS input file:/Users/wangyifan/Downloads/harmonyOS/harmonychat-main/entry/build/default/intermediates/res/default/ark_module.json cache by regenerate.
[2026-06-05T12:25:47.124] [DEBUG] debug-file - Update task entry:default@BuildJS input file:/Users/wangyifan/Downloads/harmonyOS/harmonychat-main/entry/build/default/intermediates/res/default/resources/base/profile cache by regenerate.
[2026-06-05T12:25:47.124] [DEBUG] debug-file - Update task entry:default@BuildJS input file:/Users/wangyifan/Downloads/harmonyOS/harmonychat-main/entry/build/default/intermediates/loader/default/pkgContextInfo.json cache by regenerate.
[2026-06-05T12:25:47.124] [DEBUG] debug-file - Update task entry:default@BuildJS output file:/Users/wangyifan/Downloads/harmonyOS/harmonychat-main/entry/build/default/intermediates/loader_out/default/js cache.
[2026-06-05T12:25:47.124] [DEBUG] debug-file - Incremental task entry:default@BuildJS post-execution cost:1 ms .
[2026-06-05T12:25:47.124] [DEBUG] debug-file - There is no need to refresh cache, since the incremental task entry:default@CacheNativeLibs is up-to-date.
[2026-06-05T12:25:47.124] [DEBUG] debug-file - There is no need to refresh cache, since the incremental task entry:default@GeneratePkgModuleJson is up-to-date.
[2026-06-05T12:25:47.124] [DEBUG] debug-file - Incremental task entry:default@ProcessCompiledResources post-execution cost:1 ms .
[2026-06-05T12:25:47.124] [DEBUG] debug-file - Update task entry:default@PackageHap input file:/Users/wangyifan/Downloads/harmonyOS/harmonychat-main/entry/build/default/intermediates/stripped_native_libs/default cache by regenerate.
[2026-06-05T12:25:47.124] [DEBUG] debug-file - Update task entry:default@PackageHap input file:/Users/wangyifan/Downloads/harmonyOS/harmonychat-main/entry/build/default/intermediates/res/default/module.json cache by regenerate.
[2026-06-05T12:25:47.124] [DEBUG] debug-file - Update task entry:default@PackageHap input file:/Users/wangyifan/Downloads/harmonyOS/harmonychat-main/entry/build/default/intermediates/res/default/resources cache by regenerate.
[2026-06-05T12:25:47.124] [DEBUG] debug-file - Update task entry:default@PackageHap input file:/Users/wangyifan/Downloads/harmonyOS/harmonychat-main/entry/build/default/intermediates/res/default/resources.index cache by regenerate.
[2026-06-05T12:25:47.124] [DEBUG] debug-file - Update task entry:default@PackageHap input file:/Users/wangyifan/Downloads/harmonyOS/harmonychat-main/entry/build/default/outputs/default/pack.info cache by regenerate.
[2026-06-05T12:25:47.124] [DEBUG] debug-file - Update task entry:default@PackageHap input file:/Users/wangyifan/Downloads/harmonyOS/harmonychat-main/entry/build/default/intermediates/loader_out/default/ets cache from map.
[2026-06-05T12:25:47.124] [DEBUG] debug-file - Update task entry:default@PackageHap input file:/Users/wangyifan/Downloads/harmonyOS/harmonychat-main/entry/build/default/intermediates/loader/default/pkgContextInfo.json cache by regenerate.
[2026-06-05T12:25:47.124] [DEBUG] debug-file - Update task entry:default@PackageHap input file:/Users/wangyifan/Downloads/harmonyOS/harmonychat-main/entry/build/default/intermediates/loader_out/default/ets/sourceMaps.map cache by regenerate.
[2026-06-05T12:25:47.125] [DEBUG] debug-file - Update task entry:default@PackageHap input file:/Users/wangyifan/Downloads/harmonyOS/harmonychat-main/entry/build/default/generated/profile/default/BuildProfile.ets cache by regenerate.
[2026-06-05T12:25:47.125] [DEBUG] debug-file - Update task entry:default@PackageHap output file:/Users/wangyifan/Downloads/harmonyOS/harmonychat-main/entry/build/default/outputs/default/entry-default-unsigned.hap cache.
[2026-06-05T12:25:47.125] [DEBUG] debug-file - Update task entry:default@PackageHap output file:/Users/wangyifan/Downloads/harmonyOS/harmonychat-main/entry/build/default/intermediates/source_map/default/sourceMaps.map cache.
[2026-06-05T12:25:47.125] [DEBUG] debug-file - Update task entry:default@PackageHap output file:/Users/wangyifan/Downloads/harmonyOS/harmonychat-main/entry/build/default/outputs/default/mapping/sourceMaps.map cache.
[2026-06-05T12:25:47.125] [DEBUG] debug-file - Incremental task entry:default@PackageHap post-execution cost:1 ms .
[2026-06-05T12:25:47.125] [DEBUG] debug-file - Update task entry:default@SignHap input file:/Users/wangyifan/Downloads/harmonyOS/harmonychat-main/entry/build/default/outputs/default/entry-default-unsigned.hap cache from map.
[2026-06-05T12:25:47.125] [DEBUG] debug-file - Update task entry:default@SignHap output file:/Users/wangyifan/Downloads/harmonyOS/harmonychat-main/entry/build/default/outputs/default/entry-default-signed.hap cache.
[2026-06-05T12:25:47.125] [DEBUG] debug-file - Incremental task entry:default@SignHap post-execution cost:1 ms .
[2026-06-05T12:25:47.125] [DEBUG] debug-file - Update task entry:default@CollectDebugSymbol input file:/Users/wangyifan/Downloads/harmonyOS/harmonychat-main/entry/build/default/intermediates/loader_out/default/ets/sourceMaps.map cache by regenerate.
[2026-06-05T12:25:47.125] [DEBUG] debug-file - Update task entry:default@CollectDebugSymbol input file:/Users/wangyifan/Downloads/harmonyOS/harmonychat-main/entry/build/default/intermediates/libs/default cache by regenerate.
[2026-06-05T12:25:47.125] [DEBUG] debug-file - Update task entry:default@CollectDebugSymbol output file:/Users/wangyifan/Downloads/harmonyOS/harmonychat-main/entry/build/default/outputs/default/symbol cache.
[2026-06-05T12:25:47.125] [DEBUG] debug-file - Incremental task entry:default@CollectDebugSymbol post-execution cost:1 ms .
[2026-06-05T12:25:47.133] [DEBUG] debug-file - Cleanup worker 0.
[2026-06-05T12:25:47.133] [DEBUG] debug-file - Worker 0 has been cleaned up.
[2026-06-05T12:25:47.133] [DEBUG] debug-file - Current idle worker size: 3.
[2026-06-05T12:25:47.133] [DEBUG] debug-file - Current resident worker size: 4.
[2026-06-05T12:25:47.133] [DEBUG] debug-file - Cleanup worker 1.
[2026-06-05T12:25:47.133] [DEBUG] debug-file - Worker 1 has been cleaned up.
[2026-06-05T12:25:47.133] [DEBUG] debug-file - Current idle worker size: 2.
[2026-06-05T12:25:47.133] [DEBUG] debug-file - Current resident worker size: 4.
[2026-06-05T12:25:47.133] [DEBUG] debug-file - Cleanup worker 8.
[2026-06-05T12:25:47.133] [DEBUG] debug-file - Worker 8 has been cleaned up.
[2026-06-05T12:25:47.133] [DEBUG] debug-file - Current idle worker size: 1.
[2026-06-05T12:25:47.133] [DEBUG] debug-file - Current resident worker size: 4.
[2026-06-05T12:25:47.133] [DEBUG] debug-file - hvigor build process will be closed.
[2026-06-05T12:25:47.136] [DEBUG] debug-file - session manager: send message to worker process.
[2026-06-05T12:25:47.137] [DEBUG] debug-file - session manager: send message to worker process.
[2026-06-05T12:25:47.137] [DEBUG] debug-file - watch worker: worker id should be larger than 0. Nothing will be sent to any worker thread.
[2026-06-05T12:25:47.137] [DEBUG] debug-file - watch worker: worker id should be larger than 0. Nothing will be sent to any worker thread.
[2026-06-05T12:25:47.139] [DEBUG] debug-file - worker[8] exits with exit code 1.
[2026-06-05T12:25:47.139] [DEBUG] debug-file - worker[1] exits with exit code 1.
[2026-06-05T12:25:47.140] [DEBUG] debug-file - worker[0] exits with exit code 1.
[2026-06-05T12:39:42.785] [DEBUG] debug-file - env: nodejsVersion=v18.20.1
[2026-06-05T12:39:42.795] [DEBUG] debug-file - env: daemon=true
[2026-06-05T12:39:42.786] [DEBUG] debug-file - env: hvigor-config.json5 content = {
  modelVersion: '5.0.1',
  dependencies: {},
  execution: {},
  logging: {},
  debugging: {},
  nodeOptions: {}
}
[2026-06-05T12:39:42.964] [DEBUG] debug-file - session manager: set active socket. socketId=oN7IJqd54H7M-GQjAAAD
[2026-06-05T12:39:42.965] [DEBUG] debug-file - watch worker: worker id should be larger than 0. Nothing will be sent to any worker thread.
[2026-06-05T12:39:42.972] [DEBUG] debug-file - Workers' log level updated to INFO
[2026-06-05T12:39:42.974] [DEBUG] debug-file - Hvigor init with startParameters:{
  hvigorfileTypeCheck: false,
  parallelExecution: true,
  incrementalExecution: true,
  printStackTrace: false,
  daemon: true,
  analyze: 0,
  logLevel: Level { level: 20000, levelStr: 'INFO', colour: 'green' },
  optimizationStrategy: 'memory',
  hotCompile: undefined,
  hotReloadBuild: undefined,
  customizedParam: undefined
}
[2026-06-05T12:39:42.979] [DEBUG] debug-file - Cache service initialization finished in 6 ms 
[2026-06-05T12:39:42.980] [DEBUG] debug-file - hvigorfile, resolving /Users/wangyifan/Downloads/harmonyOS/harmonychat-main/hvigorfile.ts
[2026-06-05T12:39:42.985] [DEBUG] debug-file - hvigorfile, require result:  { default: { plugins: [] } }
[2026-06-05T12:39:42.985] [DEBUG] debug-file - hvigorfile, binding system plugins null
[2026-06-05T12:39:42.985] [DEBUG] debug-file - Starting plugin build process
[2026-06-05T12:39:42.985] [DEBUG] debug-file - App plugin prepare start...
[2026-06-05T12:39:42.985] [DEBUG] debug-file - App plugin prepare end...
[2026-06-05T12:39:42.985] [DEBUG] debug-file - App plugin creating...
[2026-06-05T12:39:42.988] [DEBUG] debug-file - App plugin register hook start...
[2026-06-05T12:39:42.988] [DEBUG] debug-file - App plugin register hook end...
[2026-06-05T12:39:42.988] [DEBUG] debug-file - Plugin build process completed
[2026-06-05T12:39:42.988] [DEBUG] debug-file - Start initialize project's product build option map with build mode debug.
[2026-06-05T12:39:42.988] [DEBUG] debug-file - Picking option from product 'default' with build mode 'debug'.
[2026-06-05T12:39:42.988] [DEBUG] debug-file - Product 'default' build option initialized
[2026-06-05T12:39:42.988] [DEBUG] debug-file - End initialize project's product build option map with build mode 'debug'.
[2026-06-05T12:39:42.989] [DEBUG] debug-file - Obtain build option for product 'default'in this build.
[2026-06-05T12:39:42.989] [DEBUG] debug-file - No signingConfig found, initRemoteHspCache failed.
[2026-06-05T12:39:42.990] [DEBUG] debug-file - Start recording SDK configuration permission data.
[2026-06-05T12:39:43.003] [DEBUG] debug-file - Sdk init in 14 ms 
[2026-06-05T12:39:43.004] [DEBUG] debug-file - Project task initialization takes 2 ms 
[2026-06-05T12:39:43.004] [DEBUG] debug-file - hvigorfile, begin to bind custom plugins...
[2026-06-05T12:39:43.004] [DEBUG] debug-file - hvigorfile, no custom plugins were found in /Users/wangyifan/Downloads/harmonyOS/harmonychat-main/hvigorfile.ts
[2026-06-05T12:39:43.004] [DEBUG] debug-file - hvigorfile, resolve finished /Users/wangyifan/Downloads/harmonyOS/harmonychat-main/hvigorfile.ts
[2026-06-05T12:39:43.004] [DEBUG] debug-file - hvigorfile, resolving /Users/wangyifan/Downloads/harmonyOS/harmonychat-main/entry/hvigorfile.ts
[2026-06-05T12:39:43.006] [DEBUG] debug-file - hvigorfile, require result:  { default: { plugins: [] } }
[2026-06-05T12:39:43.007] [DEBUG] debug-file - hvigorfile, binding system plugins null
[2026-06-05T12:39:43.007] [DEBUG] debug-file - Starting plugin build process
[2026-06-05T12:39:43.007] [DEBUG] debug-file - Hap plugin creating...
[2026-06-05T12:39:43.007] [DEBUG] debug-file - failed to load cangjie to dynamically generate schemas: Error: Cannot find module '@ohos/cangjie-build-support/index'
Require stack:
- /Applications/DevEco-Studio.app/Contents/tools/hvigor/hvigor-ohos-plugin/src/plugin/hooks/cangjie-register.js
- /Applications/DevEco-Studio.app/Contents/tools/hvigor/hvigor-ohos-plugin/src/plugin/strategy/stage-init-strategy.js
- /Applications/DevEco-Studio.app/Contents/tools/hvigor/hvigor-ohos-plugin/src/plugin/builder/abstract-plugin-builder.js
- /Applications/DevEco-Studio.app/Contents/tools/hvigor/hvigor-ohos-plugin/src/plugin/builder/app-plugin-builder.js
- /Applications/DevEco-Studio.app/Contents/tools/hvigor/hvigor-ohos-plugin/src/plugin/factory/plugin-factory.js
- /Applications/DevEco-Studio.app/Contents/tools/hvigor/hvigor-ohos-plugin/index.js
- /Users/wangyifan/Downloads/harmonyOS/harmonychat-main/hvigorfile.ts
- /Applications/DevEco-Studio.app/Contents/tools/hvigor/hvigor/src/base/internal/lifecycle/configuration.js
- /Applications/DevEco-Studio.app/Contents/tools/hvigor/hvigor/src/base/boot/index.js
- /Applications/DevEco-Studio.app/Contents/tools/hvigor/hvigor/src/base/daemon/cluster/worker-process-lifecycle.js
- /Applications/DevEco-Studio.app/Contents/tools/hvigor/hvigor/src/base/daemon/process/daemon-process-boot-script.js
[2026-06-05T12:39:43.008] [DEBUG] debug-file - Start initialize module-target build option map, moduleName=entry, buildMode=debug
[2026-06-05T12:39:43.008] [DEBUG] debug-file - Target 'default' config initialized
[2026-06-05T12:39:43.008] [DEBUG] debug-file - Module 'entry' target 'default' build option initialized
[2026-06-05T12:39:43.008] [DEBUG] debug-file - End initialize module-target build option map, moduleName=entry
[2026-06-05T12:39:43.008] [DEBUG] debug-file - Start initialize module-target build option map, moduleName=entry, buildMode=release
[2026-06-05T12:39:43.008] [DEBUG] debug-file - Target 'default' config initialized
[2026-06-05T12:39:43.008] [DEBUG] debug-file - Module 'entry' target 'default' build option initialized
[2026-06-05T12:39:43.008] [DEBUG] debug-file - End initialize module-target build option map, moduleName=entry
[2026-06-05T12:39:43.008] [DEBUG] debug-file - Start initialize module-target build option map, moduleName=entry, buildMode=debug
[2026-06-05T12:39:43.008] [DEBUG] debug-file - Target 'default' config initialized
[2026-06-05T12:39:43.008] [DEBUG] debug-file - Module 'entry' target 'default' build option initialized
[2026-06-05T12:39:43.008] [DEBUG] debug-file - End initialize module-target build option map, moduleName=entry
[2026-06-05T12:39:43.009] [DEBUG] debug-file - Obtain build option for module 'entry' target 'default'in this build.
[2026-06-05T12:39:43.009] [DEBUG] debug-file - Module entry task initialization takes 1 ms 
[2026-06-05T12:39:43.009] [DEBUG] debug-file - Hap plugin register hook start...
[2026-06-05T12:39:43.009] [DEBUG] debug-file - Hap plugin register hook end...
[2026-06-05T12:39:43.009] [DEBUG] debug-file - Plugin build process completed
[2026-06-05T12:39:43.009] [DEBUG] debug-file - hvigorfile, begin to bind custom plugins...
[2026-06-05T12:39:43.009] [DEBUG] debug-file - hvigorfile, no custom plugins were found in /Users/wangyifan/Downloads/harmonyOS/harmonychat-main/entry/hvigorfile.ts
[2026-06-05T12:39:43.009] [DEBUG] debug-file - hvigorfile, resolve finished /Users/wangyifan/Downloads/harmonyOS/harmonychat-main/entry/hvigorfile.ts
[2026-06-05T12:39:43.043] [DEBUG] debug-file - hvigorfile, resolve hvigorfile dependencies in 34 ms 
[2026-06-05T12:39:43.043] [DEBUG] debug-file - project has submodules:entry
[2026-06-05T12:39:43.044] [DEBUG] debug-file - start to load updatedOhPackageInfo to the disk
[2026-06-05T12:39:43.044] [DEBUG] debug-file - load to the disk finished
[2026-06-05T12:39:43.045] [DEBUG] debug-file - Start to initialize dependency information.
[2026-06-05T12:39:43.045] [DEBUG] debug-file - Module harmonychat-main Collected Dependency: 
[2026-06-05T12:39:43.045] [DEBUG] debug-file - Module harmonychat-main's total dependency: 0
[2026-06-05T12:39:43.045] [DEBUG] debug-file - Start to initialize dependency information.
[2026-06-05T12:39:43.046] [DEBUG] debug-file - Module entry Collected Dependency: /Users/wangyifan/Downloads/harmonyOS/harmonychat-main/oh_modules/.ohpm/mobileimsdk@hoop830zxxr8xnn6crmdrvjoor6h7alv6wz1iybybxq=/oh_modules/mobileimsdk
[2026-06-05T12:39:43.046] [DEBUG] debug-file - Module entry's total dependency: 1
[2026-06-05T12:39:43.046] [DEBUG] debug-file - Configuration phase cost:67 ms 
[2026-06-05T12:39:43.047] [DEBUG] debug-file - Configuration task cost before running: 75 ms 
[2026-06-05T12:39:43.050] [DEBUG] debug-file - Executing task :entry:default@PreBuild
[2026-06-05T12:39:43.050] [DEBUG] debug-file - Task 'entry:default@PreBuild' cost while wrapping incremental declarations: 1 ms 
[2026-06-05T12:39:43.050] [DEBUG] debug-file - entry:default@PreBuild is not up-to-date, since the task snapshots are different.
[2026-06-05T12:39:43.051] [DEBUG] debug-file - Incremental task entry:default@PreBuild pre-execution cost: 1 ms .
[2026-06-05T12:39:43.144] [DEBUG] debug-file - current product is not Atomic service.
[2026-06-05T12:39:43.144] [DEBUG] debug-file - Use tool [darwin: JAVA_HOME, CLASSPATH]
 [
  {
    JAVA_HOME: '/Applications/DevEco-Studio.app/Contents/jbr/Contents/Home'
  },
  { CLASSPATH: undefined }
]
[2026-06-05T12:39:43.144] [DEBUG] debug-file - Use tool [darwin: NODE_HOME]
 [
  {
    NODE_HOME: '/Applications/DevEco-Studio.app/Contents/tools/node/bin'
  }
]
[2026-06-05T12:39:43.144] [DEBUG] debug-file - entry : default@PreBuild cost memory 9.050048828125
[2026-06-05T12:39:43.144] [DEBUG] debug-file - runTaskFromQueue task cost before running: 173 ms 
[2026-06-05T12:39:43.145] [INFO] debug-file - Finished :entry:default@PreBuild... after 95 ms 
[2026-06-05T12:39:43.145] [DEBUG] debug-file - Executing task :entry:default@CreateModuleInfo
[2026-06-05T12:39:43.145] [DEBUG] debug-file - Task 'entry:default@CreateModuleInfo' cost while wrapping incremental declarations: 1 ms 
[2026-06-05T12:39:43.145] [DEBUG] debug-file - entry : default@CreateModuleInfo cost memory 0.04541778564453125
[2026-06-05T12:39:43.145] [DEBUG] debug-file - runTaskFromQueue task cost before running: 174 ms 
[2026-06-05T12:39:43.145] [INFO] debug-file - Finished :entry:default@CreateModuleInfo... after 1 ms 
[2026-06-05T12:39:43.145] [DEBUG] debug-file - Executing task :entry:default@GenerateMetadata
[2026-06-05T12:39:43.145] [DEBUG] debug-file - Task 'entry:default@GenerateMetadata' cost while wrapping incremental declarations: 1 ms 
[2026-06-05T12:39:43.146] [DEBUG] debug-file - Incremental task entry:default@GenerateMetadata pre-execution cost: 1 ms .
[2026-06-05T12:39:43.146] [DEBUG] debug-file - entry : default@GenerateMetadata cost memory 0.0850982666015625
[2026-06-05T12:39:43.146] [INFO] debug-file - UP-TO-DATE :entry:default@GenerateMetadata...  
[2026-06-05T12:39:43.146] [DEBUG] debug-file - Executing task :entry:default@ConfigureCmake
[2026-06-05T12:39:43.146] [DEBUG] debug-file - entry : default@ConfigureCmake cost memory 0.0145263671875
[2026-06-05T12:39:43.146] [DEBUG] debug-file - runTaskFromQueue task cost before running: 175 ms 
[2026-06-05T12:39:43.146] [INFO] debug-file - Finished :entry:default@ConfigureCmake... after 1 ms 
[2026-06-05T12:39:43.146] [DEBUG] debug-file - Executing task :entry:default@MergeProfile
[2026-06-05T12:39:43.146] [DEBUG] debug-file - Task 'entry:default@MergeProfile' cost while wrapping incremental declarations: 1 ms 
[2026-06-05T12:39:43.147] [DEBUG] debug-file - Incremental task entry:default@MergeProfile pre-execution cost: 1 ms .
[2026-06-05T12:39:43.147] [DEBUG] debug-file - entry : default@MergeProfile cost memory 0.13767242431640625
[2026-06-05T12:39:43.147] [INFO] debug-file - UP-TO-DATE :entry:default@MergeProfile...  
[2026-06-05T12:39:43.147] [DEBUG] debug-file - Executing task :entry:default@CreateBuildProfile
[2026-06-05T12:39:43.147] [DEBUG] debug-file - Task 'entry:default@CreateBuildProfile' cost while wrapping incremental declarations: 1 ms 
[2026-06-05T12:39:43.147] [DEBUG] debug-file - Incremental task entry:default@CreateBuildProfile pre-execution cost: 1 ms .
[2026-06-05T12:39:43.147] [DEBUG] debug-file - entry : default@CreateBuildProfile cost memory 0.09857177734375
[2026-06-05T12:39:43.147] [INFO] debug-file - UP-TO-DATE :entry:default@CreateBuildProfile...  
[2026-06-05T12:39:43.147] [DEBUG] debug-file - Executing task :entry:default@PreCheckSyscap
[2026-06-05T12:39:43.148] [DEBUG] debug-file - entry : default@PreCheckSyscap cost memory 0.0184173583984375
[2026-06-05T12:39:43.148] [DEBUG] debug-file - runTaskFromQueue task cost before running: 176 ms 
[2026-06-05T12:39:43.148] [INFO] debug-file - Finished :entry:default@PreCheckSyscap... after 1 ms 
[2026-06-05T12:39:43.148] [DEBUG] debug-file - Executing task :entry:default@GeneratePkgContextInfo
[2026-06-05T12:39:43.150] [DEBUG] debug-file - Task 'entry:default@GeneratePkgContextInfo' cost while wrapping incremental declarations: 1 ms 
[2026-06-05T12:39:43.150] [DEBUG] debug-file - Incremental task entry:default@GeneratePkgContextInfo pre-execution cost: 1 ms .
[2026-06-05T12:39:43.150] [DEBUG] debug-file - entry : default@GeneratePkgContextInfo cost memory 0.430389404296875
[2026-06-05T12:39:43.150] [INFO] debug-file - UP-TO-DATE :entry:default@GeneratePkgContextInfo...  
[2026-06-05T12:39:43.151] [DEBUG] debug-file - Executing task :entry:default@GeneratePkgSdkInfo
[2026-06-05T12:39:43.151] [DEBUG] debug-file - Task 'entry:default@GeneratePkgSdkInfo' cost while wrapping incremental declarations: 1 ms 
[2026-06-05T12:39:43.151] [DEBUG] debug-file - entry : default@GeneratePkgSdkInfo cost memory 0.1254119873046875
[2026-06-05T12:39:43.151] [DEBUG] debug-file - runTaskFromQueue task cost before running: 180 ms 
[2026-06-05T12:39:43.151] [INFO] debug-file - Finished :entry:default@GeneratePkgSdkInfo... after 1 ms 
[2026-06-05T12:39:43.151] [DEBUG] debug-file - Executing task :entry:default@ProcessIntegratedHsp
[2026-06-05T12:39:43.152] [DEBUG] debug-file - entry:default@ProcessIntegratedHsp is not up-to-date, since the output file '/Users/wangyifan/Downloads/harmonyOS/harmonychat-main/build/cache/default/integrated_hsp/integratedHspCache.json' does not exist.
[2026-06-05T12:39:43.152] [DEBUG] debug-file - Incremental task entry:default@ProcessIntegratedHsp pre-execution cost: 1 ms .
[2026-06-05T12:39:43.152] [DEBUG] debug-file - entry : default@ProcessIntegratedHsp cost memory 0.06200408935546875
[2026-06-05T12:39:43.152] [DEBUG] debug-file - runTaskFromQueue task cost before running: 180 ms 
[2026-06-05T12:39:43.152] [INFO] debug-file - Finished :entry:default@ProcessIntegratedHsp... after 1 ms 
[2026-06-05T12:39:43.152] [DEBUG] debug-file - Executing task :entry:default@BuildNativeWithCmake
[2026-06-05T12:39:43.152] [DEBUG] debug-file - entry : default@BuildNativeWithCmake cost memory 0.0176849365234375
[2026-06-05T12:39:43.152] [DEBUG] debug-file - runTaskFromQueue task cost before running: 181 ms 
[2026-06-05T12:39:43.152] [INFO] debug-file - Finished :entry:default@BuildNativeWithCmake... after 1 ms 
[2026-06-05T12:39:43.152] [DEBUG] debug-file - Executing task :entry:default@MakePackInfo
[2026-06-05T12:39:43.152] [DEBUG] debug-file - Incremental task entry:default@MakePackInfo pre-execution cost: 1 ms .
[2026-06-05T12:39:43.152] [DEBUG] debug-file - entry : default@MakePackInfo cost memory 0.1046142578125
[2026-06-05T12:39:43.153] [INFO] debug-file - UP-TO-DATE :entry:default@MakePackInfo...  
[2026-06-05T12:39:43.153] [DEBUG] debug-file - Executing task :entry:default@SyscapTransform
[2026-06-05T12:39:43.153] [DEBUG] debug-file - File: '/Users/wangyifan/Downloads/harmonyOS/harmonychat-main/entry/src/main/syscap.json' from 'sysCapJsonPath' is not exists, just ignore.
[2026-06-05T12:39:43.153] [DEBUG] debug-file - Task 'entry:default@SyscapTransform' cost while wrapping incremental declarations: 1 ms 
[2026-06-05T12:39:43.153] [DEBUG] debug-file - entry:default@SyscapTransform is not up-to-date, since the output file '/Users/wangyifan/Downloads/harmonyOS/harmonychat-main/entry/build/default/intermediates/syscap/default/rpcid.sc' does not exist.
[2026-06-05T12:39:43.153] [DEBUG] debug-file - Incremental task entry:default@SyscapTransform pre-execution cost: 1 ms .
[2026-06-05T12:39:43.153] [DEBUG] debug-file - entry : default@SyscapTransform cost memory 0.12931060791015625
[2026-06-05T12:39:43.153] [DEBUG] debug-file - runTaskFromQueue task cost before running: 182 ms 
[2026-06-05T12:39:43.153] [INFO] debug-file - Finished :entry:default@SyscapTransform... after 1 ms 
[2026-06-05T12:39:43.154] [DEBUG] debug-file - Executing task :entry:default@ProcessProfile
[2026-06-05T12:39:43.154] [DEBUG] debug-file - Task 'entry:default@ProcessProfile' cost while wrapping incremental declarations: 1 ms 
[2026-06-05T12:39:43.154] [DEBUG] debug-file - Incremental task entry:default@ProcessProfile pre-execution cost: 1 ms .
[2026-06-05T12:39:43.154] [DEBUG] debug-file - entry : default@ProcessProfile cost memory 0.13143157958984375
[2026-06-05T12:39:43.154] [INFO] debug-file - UP-TO-DATE :entry:default@ProcessProfile...  
[2026-06-05T12:39:43.155] [DEBUG] debug-file - Executing task :entry:default@ProcessRouterMap
[2026-06-05T12:39:43.155] [DEBUG] debug-file - Incremental task entry:default@ProcessRouterMap pre-execution cost: 1 ms .
[2026-06-05T12:39:43.155] [DEBUG] debug-file - entry : default@ProcessRouterMap cost memory 0.15827178955078125
[2026-06-05T12:39:43.155] [INFO] debug-file - UP-TO-DATE :entry:default@ProcessRouterMap...  
[2026-06-05T12:39:43.155] [DEBUG] debug-file - Executing task :entry:default@ProcessShareConfig
[2026-06-05T12:39:43.156] [DEBUG] debug-file - Incremental task entry:default@ProcessShareConfig pre-execution cost: 1 ms .
[2026-06-05T12:39:43.156] [DEBUG] debug-file - entry : default@ProcessShareConfig cost memory 0.12615966796875
[2026-06-05T12:39:43.156] [INFO] debug-file - UP-TO-DATE :entry:default@ProcessShareConfig...  
[2026-06-05T12:39:43.156] [DEBUG] debug-file - Executing task :entry:default@ProcessStartupConfig
[2026-06-05T12:39:43.156] [DEBUG] debug-file - Task 'entry:default@ProcessStartupConfig' cost while wrapping incremental declarations: 1 ms 
[2026-06-05T12:39:43.156] [DEBUG] debug-file - entry:default@ProcessStartupConfig is not up-to-date, since the output file '/Users/wangyifan/Downloads/harmonyOS/harmonychat-main/entry/build/default/intermediates/startup/default/startup_config.json' does not exist.
[2026-06-05T12:39:43.156] [DEBUG] debug-file - Incremental task entry:default@ProcessStartupConfig pre-execution cost: 1 ms .
[2026-06-05T12:39:43.156] [DEBUG] debug-file - entry : default@ProcessStartupConfig cost memory 0.15471649169921875
[2026-06-05T12:39:43.156] [DEBUG] debug-file - runTaskFromQueue task cost before running: 185 ms 
[2026-06-05T12:39:43.156] [INFO] debug-file - Finished :entry:default@ProcessStartupConfig... after 1 ms 
[2026-06-05T12:39:43.157] [DEBUG] debug-file - Executing task :entry:default@BuildNativeWithNinja
[2026-06-05T12:39:43.157] [DEBUG] debug-file - entry : default@BuildNativeWithNinja cost memory 0.0203399658203125
[2026-06-05T12:39:43.157] [DEBUG] debug-file - runTaskFromQueue task cost before running: 186 ms 
[2026-06-05T12:39:43.157] [INFO] debug-file - Finished :entry:default@BuildNativeWithNinja... after 1 ms 
[2026-06-05T12:39:43.157] [DEBUG] debug-file - restool module names: entry; moduleName=entry, taskName=default@ProcessResource
[2026-06-05T12:39:43.158] [DEBUG] debug-file - Executing task :entry:default@ProcessResource
[2026-06-05T12:39:43.158] [DEBUG] debug-file - Task 'entry:default@ProcessResource' cost while wrapping incremental declarations: 1 ms 
[2026-06-05T12:39:43.159] [DEBUG] debug-file - Incremental task entry:default@ProcessResource pre-execution cost: 1 ms .
[2026-06-05T12:39:43.159] [DEBUG] debug-file - entry : default@ProcessResource cost memory 0.13616943359375
[2026-06-05T12:39:43.159] [INFO] debug-file - UP-TO-DATE :entry:default@ProcessResource...  
[2026-06-05T12:39:43.159] [DEBUG] debug-file - Executing task :entry:default@GenerateLoaderJson
[2026-06-05T12:39:43.160] [DEBUG] debug-file - Task 'entry:default@GenerateLoaderJson' cost while wrapping incremental declarations: 1 ms 
[2026-06-05T12:39:43.161] [DEBUG] debug-file - Incremental task entry:default@GenerateLoaderJson pre-execution cost: 1 ms .
[2026-06-05T12:39:43.161] [DEBUG] debug-file - entry : default@GenerateLoaderJson cost memory 0.5923309326171875
[2026-06-05T12:39:43.162] [INFO] debug-file - UP-TO-DATE :entry:default@GenerateLoaderJson...  
[2026-06-05T12:39:43.162] [DEBUG] debug-file - Executing task :entry:default@ProcessLibs
[2026-06-05T12:39:43.163] [DEBUG] debug-file - Incremental task entry:default@ProcessLibs pre-execution cost: 1 ms .
[2026-06-05T12:39:43.163] [DEBUG] debug-file - entry : default@ProcessLibs cost memory 0.17510986328125
[2026-06-05T12:39:43.163] [INFO] debug-file - UP-TO-DATE :entry:default@ProcessLibs...  
[2026-06-05T12:39:43.163] [DEBUG] debug-file - restool module names: entry; moduleName=entry, taskName=default@CompileResource
[2026-06-05T12:39:43.163] [DEBUG] debug-file - Executing task :entry:default@CompileResource
[2026-06-05T12:39:43.167] [DEBUG] debug-file - Incremental task entry:default@CompileResource pre-execution cost: 4 ms .
[2026-06-05T12:39:43.167] [DEBUG] debug-file - entry : default@CompileResource cost memory 0.606201171875
[2026-06-05T12:39:43.167] [INFO] debug-file - UP-TO-DATE :entry:default@CompileResource...  
[2026-06-05T12:39:43.167] [DEBUG] debug-file - Executing task :entry:default@DoNativeStrip
[2026-06-05T12:39:43.167] [DEBUG] debug-file - File: '/Users/wangyifan/Downloads/harmonyOS/harmonychat-main/entry/build/default/intermediates/binxo/default' from 'doBinxoNativeLibs' is not exists, just ignore.
[2026-06-05T12:39:43.167] [DEBUG] debug-file - Task 'entry:default@DoNativeStrip' cost while wrapping incremental declarations: 1 ms 
[2026-06-05T12:39:43.167] [DEBUG] debug-file - Incremental task entry:default@DoNativeStrip pre-execution cost: 1 ms .
[2026-06-05T12:39:43.168] [DEBUG] debug-file - entry : default@DoNativeStrip cost memory 0.0780181884765625
[2026-06-05T12:39:43.168] [INFO] debug-file - UP-TO-DATE :entry:default@DoNativeStrip...  
[2026-06-05T12:39:43.168] [DEBUG] debug-file - Executing task :entry:default@CompileArkTS
[2026-06-05T12:39:43.168] [DEBUG] debug-file - obfuscationOptions: undefined
[2026-06-05T12:39:43.169] [DEBUG] debug-file - Task 'entry:default@CompileArkTS' cost while wrapping incremental declarations: 1 ms 
[2026-06-05T12:39:43.171] [DEBUG] debug-file - entry:default@CompileArkTS is not up-to-date, since the input file '/Users/wangyifan/Downloads/harmonyOS/harmonychat-main/entry/src/main/ets' has been changed.
[2026-06-05T12:39:43.171] [DEBUG] debug-file - Incremental task entry:default@CompileArkTS pre-execution cost: 2 ms .
[2026-06-05T12:39:43.174] [DEBUG] debug-file - build config:
[2026-06-05T12:39:43.175] [DEBUG] debug-file - {
  moduleType: 'entry',
  perf: 0,
  targetName: '.default',
  packageManagerType: 'ohpm',
  localPropertiesPath: '/Users/wangyifan/Downloads/harmonyOS/harmonychat-main/local.properties',
  isPreview: false,
  isOhosTest: false,
  isLocalTest: false,
  buildMode: 'Debug',
  hotReloadBuild: undefined,
  watchMode: 'false',
  aceProfilePath: '/Users/wangyifan/Downloads/harmonyOS/harmonychat-main/entry/build/default/intermediates/res/default/resources/base/profile',
  etsLoaderPath: '/Applications/DevEco-Studio.app/Contents/sdk/default/openharmony/ets/build-tools/ets-loader',
  modulePath: '/Users/wangyifan/Downloads/harmonyOS/harmonychat-main/entry',
  testFrameworkPar: {
    testMode: undefined,
    coveragePathFilter: undefined,
    coverageMode: undefined
  },
  needCoverageInsert: false,
  debugLine: false,
  projectTopDir: '/Users/wangyifan/Downloads/harmonyOS/harmonychat-main',
  compileSdkVersion: 23,
  compatibleSdkVersion: 13,
  originCompatibleSdkVersion: '5.0.1(13)',
  compatibleSdkVersionStage: undefined,
  bundleName: 'c***t',
  etsLoaderVersion: '6.1.0.105',
  etsLoaderReleaseType: 'Release',
  aotCompileMode: 'type',
  apPath: '/Users/wangyifan/Downloads/harmonyOS/harmonychat-main/entry/modules.ap',
  entryModuleName: 'entry',
  entryModuleVersion: '1.0.0',
  entryPackageName: 'entry',
  allModuleNameHash: '52b4b82f65d9c3d301d0ced3931a74f60219238c22e18d0976c12b0c3363a29e',
  externalApiPaths: [ '/Applications/DevEco-Studio.app/Contents/sdk/default/hms/ets' ],
  compilerTypes: [],
  isCrossplatform: false,
  hvigorPluginFile: undefined,
  compilePluginPath: undefined,
  buildGeneratedProfilePath: '/Users/wangyifan/Downloads/harmonyOS/harmonychat-main/entry/build/default/generated/profile/default',
  bundleType: 'app',
  arkTSVersion: undefined,
  apiVersion: 23,
  needCompleteSourcesMap: false,
  isFaMode: false,
  buildDir: '/Users/wangyifan/Downloads/harmonyOS/harmonychat-main/entry/build',
  deviceTypes: [ 'phone', 'tablet', '2in1' ],
  pkgContextInfo: {
    mobileimsdk: {
      packageName: 'mobileimsdk',
      bundleName: '*****',
      moduleName: '',
      version: '1.0.0',
      entryPath: 'Index',
      isSO: false,
      dependencyAlias: ''
    },
    '@ohos/hypium': {
      packageName: '@ohos/hypium',
      bundleName: '*****',
      moduleName: '',
      version: '1.0.19',
      entryPath: 'index.js',
      isSO: false,
      dependencyAlias: ''
    },
    '@ohos/hamock': {
      packageName: '@ohos/hamock',
      bundleName: '*****',
      moduleName: '',
      version: '1.0.0',
      entryPath: 'index.ets',
      isSO: false,
      dependencyAlias: ''
    },
    entry: {
      packageName: 'entry',
      bundleName: '*****',
      moduleName: '',
      version: '',
      entryPath: 'src/main/',
      isSO: false,
      dependencyAlias: ''
    }
  },
  ohPackagePathMap: {},
  dependencyAliasMap: {},
  permission: {
    requestPermissions: [ [Object], [Object] ],
    definePermissions: undefined
  },
  useGetCurrentBundleName: false,
  projectArkOption: undefined,
  sourceMapDir: undefined,
  branchElimination: false,
  transformLib: undefined,
  tsImportSendable: false,
  resolveConflictMode: true,
  depName2RootPath: {},
  depName2DepInfo: {},
  depName2OhExports: {},
  rootPathSet: [ '/Users/wangyifan/Downloads/harmonyOS/harmonychat-main' ],
  useNativeResolver: true,
  shouldEmitJs: true,
  useTscResolve: false,
  singleFileEmit: false,
  userProjectConfig: {
    autoLazyImport: false,
    allowEmptyBundleName: false,
    reExportCheckMode: 'noCheck',
    executionMode: 'memory',
    usePathPlaceholder: false,
    writeRollupCache: true,
    isExpandImportEnabled: false,
    expandImportExclude: '',
    lazyImportExclude: '',
    lazyImportInclude: '',
    ignoreCrossplatformCheck: false,
    isHarDeduplicateEnabled: false,
    skipOhModulesLint: false,
    enableStrictCheckOHModule: false,
    disableSendableCheckRules: [],
    useDeclarationFileSignature: false,
    customizedOptions: undefined,
    integratedHsp: false,
    isPreloadSoEnabled: false
  },
  executionMode: 'memory',
  arkCompileCachePath: '/Users/wangyifan/Downloads/harmonyOS/harmonychat-main/entry/build/default/cache/default/default@CompileArkTS/esmodule',
  autoLazyFilter: undefined,
  isHarDeduplicateEnabled: false,
  intermediateHarDuplicateDirPath: '/Users/wangyifan/Downloads/harmonyOS/harmonychat-main/entry/build/default/intermediates/har_duplicate/default',
  autoLazyImport: false,
  allowEmptyBundleName: false,
  reExportCheckMode: 'noCheck',
  usePathPlaceholder: false,
  writeRollupCache: true,
  isExpandImportEnabled: false,
  expandImportExclude: '',
  lazyImportExclude: '',
  lazyImportInclude: '',
  ignoreCrossplatformCheck: false,
  skipOhModulesLint: false,
  enableStrictCheckOHModule: false,
  disableSendableCheckRules: [],
  useDeclarationFileSignature: false,
  customizedOptions: undefined,
  integratedHsp: false,
  isPreloadSoEnabled: false,
  strictMode: {
    caseSensitiveCheck: true,
    useNormalizedOHMUrl: true,
    noExternalImportByPath: true
  },
  useNormalizedOHMUrl: true,
  caseSensitiveCheck: true,
  aceModuleJsonPath: '/Users/wangyifan/Downloads/harmonyOS/harmonychat-main/entry/build/default/intermediates/res/default/ark_module.json',
  appResource: '/Users/wangyifan/Downloads/harmonyOS/harmonychat-main/entry/build/default/intermediates/res/default/ResourceTable.txt',
  rawFileResource: '/Users/wangyifan/Downloads/harmonyOS/harmonychat-main/entry/build/default/intermediates/res/default/resources/rawfile',
  resourceTableHash: 'c08cf2ccc4b7e67ffe92ac2b3578cff1fc93b83b68ee06731fcd45ac20e5f038',
  runtimeOS: 'HarmonyOS',
  sdkInfo: 'false:23:6.1.0.105:Release',
  aceModuleRoot: '/Users/wangyifan/Downloads/harmonyOS/harmonychat-main/entry/src/main/ets',
  compileMode: 'esmodule',
  aceSuperVisualPath: '/Users/wangyifan/Downloads/harmonyOS/harmonychat-main/entry/src/main/supervisual',
  aceBuildJson: '/Users/wangyifan/Downloads/harmonyOS/harmonychat-main/entry/build/default/intermediates/loader/default/loader.json',
  cachePath: '/Users/wangyifan/Downloads/harmonyOS/harmonychat-main/entry/build/default/cache/default/default@CompileArkTS/esmodule/debug',
  aceModuleBuild: '/Users/wangyifan/Downloads/harmonyOS/harmonychat-main/entry/build/default/intermediates/loader_out/default/ets',
  supportChunks: true,
  declaredFilesPath: undefined,
  shouldCollectDirectImportees: false,
  isByteCodeHarOptimize: false,
  expandImportPath: undefined,
  resourceTableTs: '/Users/wangyifan/Downloads/harmonyOS/harmonychat-main/entry/build/default/generated/r/default/ResourceTable.ts',
  moduleMetaInfoFiles: [
    {
      filePath: '/Users/wangyifan/Downloads/harmonyOS/harmonychat-main/entry/build/default/generated/r/default/ResourceTable.ts',
      ohmurl: '&entry/build/generated/r/ResourceTable&'
    }
  ],
  pkgNameToPkgBriefInfo: {
    mobileimsdk: {
      pkgRoot: '/Users/wangyifan/Downloads/harmonyOS/harmonychat-main/oh_modules/.ohpm/mobileimsdk@hoop830zxxr8xnn6crmdrvjoor6h7alv6wz1iybybxq=/oh_modules/mobileimsdk',
      pkgName: 'mobileimsdk',
      sourceRoots: [Array]
    },
    entry: {
      pkgRoot: '/Users/wangyifan/Downloads/harmonyOS/harmonychat-main/entry',
      originalSourceRoots: undefined,
      sourceRoots: [Array],
      pkgName: 'entry'
    }
  },
  projectModel: {
    '/Users/wangyifan/Downloads/harmonyOS/harmonychat-main/entry/src/main': {
      moduleName: 'entry',
      modulePkgPath: '/Users/wangyifan/Downloads/harmonyOS/harmonychat-main/entry',
      belongProjectPath: '/Users/wangyifan/Downloads/harmonyOS/harmonychat-main'
    },
    '/Users/wangyifan/Downloads/harmonyOS/harmonychat-main/entry': {
      moduleName: 'entry',
      modulePkgPath: '/Users/wangyifan/Downloads/harmonyOS/harmonychat-main/entry',
      belongProjectPath: '/Users/wangyifan/Downloads/harmonyOS/harmonychat-main'
    },
    '/Users/wangyifan/Downloads/harmonyOS/harmonychat-main': {
      moduleName: 'harmonychat-main',
      modulePkgPath: '/Users/wangyifan/Downloads/harmonyOS/harmonychat-main',
      belongProjectPath: '/Users/wangyifan/Downloads/harmonyOS/harmonychat-main'
    }
  },
  pkgJsonFileHash: 'a11a3b67bb8b0ff7a0222bf8ba1e3ad61b8c0340796aa6972a518570330421f2',
  allModulePaths: [ '/Users/wangyifan/Downloads/harmonyOS/harmonychat-main/entry' ],
  routerMap: {},
  obfuscationOptions: undefined,
  byteCodeHarToDependencyKeys: undefined,
  compileBlockPkg: [ 'mobileimsdk' ],
  mockParams: {
    decorator: '@MockSetup',
    packageName: '@ohos/hamock',
    etsSourceRootPath: 'src/main/ets',
    mockConfigPath: undefined,
    mockConfigKey2ModuleInfo: {},
    source2ModuleIdMap: {}
  },
  copyCodeResourceEnable: true,
  copyCodeResourceExcludes: [],
  copyCodeResourceIncludes: undefined,
  uiTransformOptimization: false,
  sdkPath: '/Applications/DevEco-Studio.app/Contents/sdk',
  needPreloadSoFileSet: {},
  preloadSoFilePath: '/Users/wangyifan/Downloads/harmonyOS/harmonychat-main/entry/build/default/intermediates/preload/default/preload.json',
  useSourceHash: false,
  localModuleParamMap: {},
  otherPaths: {
    'mobileimsdk/*': [
      '../../../../oh_modules/.ohpm/mobileimsdk@hoop830zxxr8xnn6crmdrvjoor6h7alv6wz1iybybxq=/oh_modules/mobileimsdk/src/main/*'
    ],
    'entry/*': [ '../*', '../../../build/default/generated/profile/default/*' ]
  },
  collectImportersConfig: undefined
}
[2026-06-05T12:39:43.175] [DEBUG] debug-file - Compile arkts with external api path: /Applications/DevEco-Studio.app/Contents/sdk/default/hms/ets
[2026-06-05T12:39:43.175] [DEBUG] debug-file - default@CompileArkTS work[3] is submitted.
[2026-06-05T12:39:43.175] [DEBUG] debug-file - default@CompileArkTS work[3] is pushed to ready queue.
[2026-06-05T12:39:43.175] [DEBUG] debug-file - A work dispatched to worker[9] failed because unable to get work from ready queue.
[2026-06-05T12:39:43.175] [DEBUG] debug-file - A work dispatched to worker[8] failed because unable to get work from ready queue.
[2026-06-05T12:39:43.175] [DEBUG] debug-file - A work dispatched to worker[7] failed because unable to get work from ready queue.
[2026-06-05T12:39:43.175] [DEBUG] debug-file - A work dispatched to worker[6] failed because unable to get work from ready queue.
[2026-06-05T12:39:43.175] [DEBUG] debug-file - A work dispatched to worker[5] failed because unable to get work from ready queue.
[2026-06-05T12:39:43.175] [DEBUG] debug-file - default@CompileArkTS work[3] has been dispatched to worker[4].
[2026-06-05T12:39:43.175] [DEBUG] debug-file - default@CompileArkTS work[3] is dispatched.
[2026-06-05T12:39:43.175] [DEBUG] debug-file - CopyResources startTime: 232132841619958
[2026-06-05T12:39:43.175] [DEBUG] debug-file - default@CompileArkTS work[4] is submitted.
[2026-06-05T12:39:43.175] [DEBUG] debug-file - default@CompileArkTS work[4] is pushed to ready queue.
[2026-06-05T12:39:43.175] [DEBUG] debug-file - A work dispatched to worker[9] failed because unable to get work from ready queue.
[2026-06-05T12:39:43.176] [DEBUG] debug-file - Create  resident worker with id: 8.
[2026-06-05T12:39:43.176] [DEBUG] debug-file - default@CompileArkTS work[4] has been dispatched to worker[8].
[2026-06-05T12:39:43.176] [DEBUG] debug-file - default@CompileArkTS work[4] is dispatched.
[2026-06-05T12:39:43.176] [DEBUG] debug-file - entry : default@CompileArkTS cost memory 2.3953857421875
[2026-06-05T12:39:43.177] [DEBUG] debug-file - Executing task :entry:default@BuildJS
[2026-06-05T12:39:43.177] [DEBUG] debug-file - Task 'entry:default@BuildJS' cost while wrapping incremental declarations: 1 ms 
[2026-06-05T12:39:43.183] [DEBUG] debug-file - entry : default@BuildJS cost memory 0.15287017822265625
[2026-06-05T12:39:43.183] [DEBUG] debug-file - runTaskFromQueue task cost before running: 212 ms 
[2026-06-05T12:39:43.183] [INFO] debug-file - Finished :entry:default@BuildJS... after 7 ms 
[2026-06-05T12:39:43.184] [DEBUG] debug-file - Executing task :entry:default@CacheNativeLibs
[2026-06-05T12:39:43.184] [DEBUG] debug-file - File: '/Users/wangyifan/Downloads/harmonyOS/harmonychat-main/entry/build/default/intermediates/binxo/default' from 'cacheBinxoNativeLibs' is not exists, just ignore.
[2026-06-05T12:39:43.184] [DEBUG] debug-file - Task 'entry:default@CacheNativeLibs' cost while wrapping incremental declarations: 1 ms 
[2026-06-05T12:39:43.184] [DEBUG] debug-file - Incremental task entry:default@CacheNativeLibs pre-execution cost: 1 ms .
[2026-06-05T12:39:43.184] [DEBUG] debug-file - entry : default@CacheNativeLibs cost memory 0.09394073486328125
[2026-06-05T12:39:43.184] [INFO] debug-file - UP-TO-DATE :entry:default@CacheNativeLibs...  
[2026-06-05T12:39:43.416] [DEBUG] debug-file - worker[8] has one work done.
[2026-06-05T12:39:43.416] [DEBUG] debug-file - CopyResources is end, endTime: 232133082218125
[2026-06-05T12:39:43.416] [DEBUG] debug-file - default@CompileArkTS work[4] done.
[2026-06-05T12:39:43.416] [DEBUG] debug-file - A work dispatched to worker[8] failed because unable to get work from ready queue.
[2026-06-05T12:39:44.010] [WARN] debug-file - [33mWARN: [33m[33mArkTS:WARN File: /Users/wangyifan/Downloads/harmonyOS/harmonychat-main/oh_modules/.ohpm/mobileimsdk@hoop830zxxr8xnn6crmdrvjoor6h7alv6wz1iybybxq=/oh_modules/mobileimsdk/src/main/ets/d1/f1/k1.d.ets:2:1
 Switching off type checks with in-place comments is not allowed (arkts-strict-typing-required)
[39m[39m
[33mWARN: [33m[33mArkTS:WARN File: /Users/wangyifan/Downloads/harmonyOS/harmonychat-main/oh_modules/.ohpm/mobileimsdk@hoop830zxxr8xnn6crmdrvjoor6h7alv6wz1iybybxq=/oh_modules/mobileimsdk/src/main/ets/d1/f1/g1.d.ets:2:1
 Switching off type checks with in-place comments is not allowed (arkts-strict-typing-required)
[39m[39m
[33mWARN: [33m[33mArkTS:WARN File: /Users/wangyifan/Downloads/harmonyOS/harmonychat-main/oh_modules/.ohpm/mobileimsdk@hoop830zxxr8xnn6crmdrvjoor6h7alv6wz1iybybxq=/oh_modules/mobileimsdk/src/main/ets/o/p/r.d.ets:2:1
 Switching off type checks with in-place comments is not allowed (arkts-strict-typing-required)
[39m[39m
[33mWARN: [33m[33mArkTS:WARN File: /Users/wangyifan/Downloads/harmonyOS/harmonychat-main/oh_modules/.ohpm/mobileimsdk@hoop830zxxr8xnn6crmdrvjoor6h7alv6wz1iybybxq=/oh_modules/mobileimsdk/src/main/ets/d.d.ets:2:1
 Switching off type checks with in-place comments is not allowed (arkts-strict-typing-required)
[39m[39m
[33mWARN: [33m[33mArkTS:WARN File: /Users/wangyifan/Downloads/harmonyOS/harmonychat-main/oh_modules/.ohpm/mobileimsdk@hoop830zxxr8xnn6crmdrvjoor6h7alv6wz1iybybxq=/oh_modules/mobileimsdk/src/main/ets/e/f.d.ets:2:1
 Switching off type checks with in-place comments is not allowed (arkts-strict-typing-required)
[39m[39m
[33mWARN: [33m[33mArkTS:WARN File: /Users/wangyifan/Downloads/harmonyOS/harmonychat-main/oh_modules/.ohpm/mobileimsdk@hoop830zxxr8xnn6crmdrvjoor6h7alv6wz1iybybxq=/oh_modules/mobileimsdk/src/main/ets/e/g.d.ets:2:1
 Switching off type checks with in-place comments is not allowed (arkts-strict-typing-required)
[39m[39m
[33mWARN: [33m[33mArkTS:WARN File: /Users/wangyifan/Downloads/harmonyOS/harmonychat-main/oh_modules/.ohpm/mobileimsdk@hoop830zxxr8xnn6crmdrvjoor6h7alv6wz1iybybxq=/oh_modules/mobileimsdk/src/main/ets/o/z.d.ets:2:1
 Switching off type checks with in-place comments is not allowed (arkts-strict-typing-required)
[39m[39m
[33mWARN: [33m[33mArkTS:WARN File: /Users/wangyifan/Downloads/harmonyOS/harmonychat-main/oh_modules/.ohpm/mobileimsdk@hoop830zxxr8xnn6crmdrvjoor6h7alv6wz1iybybxq=/oh_modules/mobileimsdk/src/main/ets/e/h.d.ets:2:1
 Switching off type checks with in-place comments is not allowed (arkts-strict-typing-required)
[39m[39m
[33mWARN: [33m[33mArkTS:WARN File: /Users/wangyifan/Downloads/harmonyOS/harmonychat-main/oh_modules/.ohpm/mobileimsdk@hoop830zxxr8xnn6crmdrvjoor6h7alv6wz1iybybxq=/oh_modules/mobileimsdk/src/main/ets/e/i.d.ets:2:1
 Switching off type checks with in-place comments is not allowed (arkts-strict-typing-required)
[39m[39m
[33mWARN: [33m[33mArkTS:WARN File: /Users/wangyifan/Downloads/harmonyOS/harmonychat-main/oh_modules/.ohpm/mobileimsdk@hoop830zxxr8xnn6crmdrvjoor6h7alv6wz1iybybxq=/oh_modules/mobileimsdk/src/main/ets/e/j.d.ets:2:1
 Switching off type checks with in-place comments is not allowed (arkts-strict-typing-required)
[39m[39m
[33mWARN: [33m[33mArkTS:WARN File: /Users/wangyifan/Downloads/harmonyOS/harmonychat-main/oh_modules/.ohpm/mobileimsdk@hoop830zxxr8xnn6crmdrvjoor6h7alv6wz1iybybxq=/oh_modules/mobileimsdk/src/main/ets/e/k.d.ets:2:1
 Switching off type checks with in-place comments is not allowed (arkts-strict-typing-required)
[39m[39m
[33mWARN: [33m[33mArkTS:WARN File: /Users/wangyifan/Downloads/harmonyOS/harmonychat-main/oh_modules/.ohpm/mobileimsdk@hoop830zxxr8xnn6crmdrvjoor6h7alv6wz1iybybxq=/oh_modules/mobileimsdk/src/main/ets/e/l.d.ets:2:1
 Switching off type checks with in-place comments is not allowed (arkts-strict-typing-required)
[39m[39m
[33mWARN: [33m[33mArkTS:WARN File: /Users/wangyifan/Downloads/harmonyOS/harmonychat-main/oh_modules/.ohpm/mobileimsdk@hoop830zxxr8xnn6crmdrvjoor6h7alv6wz1iybybxq=/oh_modules/mobileimsdk/src/main/ets/m/n.d.ets:2:1
 Switching off type checks with in-place comments is not allowed (arkts-strict-typing-required)
[39m[39m
[33mWARN: [33m[33mArkTS:WARN File: /Users/wangyifan/Downloads/harmonyOS/harmonychat-main/oh_modules/.ohpm/mobileimsdk@hoop830zxxr8xnn6crmdrvjoor6h7alv6wz1iybybxq=/oh_modules/mobileimsdk/src/main/ets/o/p/q.d.ets:2:1
 Switching off type checks with in-place comments is not allowed (arkts-strict-typing-required)
[39m[39m
[33mWARN: [33m[33mArkTS:WARN File: /Users/wangyifan/Downloads/harmonyOS/harmonychat-main/oh_modules/.ohpm/mobileimsdk@hoop830zxxr8xnn6crmdrvjoor6h7alv6wz1iybybxq=/oh_modules/mobileimsdk/src/main/ets/o/t/u.d.ets:2:1
 Switching off type checks with in-place comments is not allowed (arkts-strict-typing-required)
[39m[39m
[33mWARN: [33m[33mArkTS:WARN File: /Users/wangyifan/Downloads/harmonyOS/harmonychat-main/oh_modules/.ohpm/mobileimsdk@hoop830zxxr8xnn6crmdrvjoor6h7alv6wz1iybybxq=/oh_modules/mobileimsdk/src/main/ets/o/t/v.d.ets:2:1
 Switching off type checks with in-place comments is not allowed (arkts-strict-typing-required)
[39m[39m
[33mWARN: [33m[33mArkTS:WARN File: /Users/wangyifan/Downloads/harmonyOS/harmonychat-main/oh_modules/.ohpm/mobileimsdk@hoop830zxxr8xnn6crmdrvjoor6h7alv6wz1iybybxq=/oh_modules/mobileimsdk/src/main/ets/o/t/w.d.ets:2:1
 Switching off type checks with in-place comments is not allowed (arkts-strict-typing-required)
[39m[39m
[33mWARN: [33m[33mArkTS:WARN File: /Users/wangyifan/Downloads/harmonyOS/harmonychat-main/oh_modules/.ohpm/mobileimsdk@hoop830zxxr8xnn6crmdrvjoor6h7alv6wz1iybybxq=/oh_modules/mobileimsdk/src/main/ets/o/t/x.d.ets:2:1
 Switching off type checks with in-place comments is not allowed (arkts-strict-typing-required)
[39m[39m
[33mWARN: [33m[33mArkTS:WARN File: /Users/wangyifan/Downloads/harmonyOS/harmonychat-main/oh_modules/.ohpm/mobileimsdk@hoop830zxxr8xnn6crmdrvjoor6h7alv6wz1iybybxq=/oh_modules/mobileimsdk/src/main/ets/o/y.d.ets:2:1
 Switching off type checks with in-place comments is not allowed (arkts-strict-typing-required)
[39m[39m
[33mWARN: [33m[33mArkTS:WARN File: /Users/wangyifan/Downloads/harmonyOS/harmonychat-main/oh_modules/.ohpm/mobileimsdk@hoop830zxxr8xnn6crmdrvjoor6h7alv6wz1iybybxq=/oh_modules/mobileimsdk/src/main/ets/o/a1.d.ets:2:1
 Switching off type checks with in-place comments is not allowed (arkts-strict-typing-required)
[39m[39m
[33mWARN: [33m[33mArkTS:WARN File: /Users/wangyifan/Downloads/harmonyOS/harmonychat-main/oh_modules/.ohpm/mobileimsdk@hoop830zxxr8xnn6crmdrvjoor6h7alv6wz1iybybxq=/oh_modules/mobileimsdk/src/main/ets/o/b1.d.ets:2:1
 Switching off type checks with in-place comments is not allowed (arkts-strict-typing-required)
[39m[39m
[33mWARN: [33m[33mArkTS:WARN File: /Users/wangyifan/Downloads/harmonyOS/harmonychat-main/oh_modules/.ohpm/mobileimsdk@hoop830zxxr8xnn6crmdrvjoor6h7alv6wz1iybybxq=/oh_modules/mobileimsdk/src/main/ets/o/c1.d.ets:2:1
 Switching off type checks with in-place comments is not allowed (arkts-strict-typing-required)
[39m[39m
[33mWARN: [33m[33mArkTS:WARN File: /Users/wangyifan/Downloads/harmonyOS/harmonychat-main/oh_modules/.ohpm/mobileimsdk@hoop830zxxr8xnn6crmdrvjoor6h7alv6wz1iybybxq=/oh_modules/mobileimsdk/src/main/ets/d1/e1.d.ets:2:1
 Switching off type checks with in-place comments is not allowed (arkts-strict-typing-required)
[39m[39m
[33mWARN: [33m[33mArkTS:WARN File: /Users/wangyifan/Downloads/harmonyOS/harmonychat-main/oh_modules/.ohpm/mobileimsdk@hoop830zxxr8xnn6crmdrvjoor6h7alv6wz1iybybxq=/oh_modules/mobileimsdk/src/main/ets/d1/i1.d.ets:2:1
 Switching off type checks with in-place comments is not allowed (arkts-strict-typing-required)
[39m[39m
[33mWARN: [33m[33mArkTS:WARN File: /Users/wangyifan/Downloads/harmonyOS/harmonychat-main/oh_modules/.ohpm/mobileimsdk@hoop830zxxr8xnn6crmdrvjoor6h7alv6wz1iybybxq=/oh_modules/mobileimsdk/src/main/ets/d1/j1.d.ets:2:1
 Switching off type checks with in-place comments is not allowed (arkts-strict-typing-required)
[39m[39m
[33mWARN: [33m[33mArkTS:WARN File: /Users/wangyifan/Downloads/harmonyOS/harmonychat-main/oh_modules/.ohpm/mobileimsdk@hoop830zxxr8xnn6crmdrvjoor6h7alv6wz1iybybxq=/oh_modules/mobileimsdk/Index.d.ets:2:1
 Switching off type checks with in-place comments is not allowed (arkts-strict-typing-required)
[39m[39m
[33mWARN: [33m[33mArkTS:WARN: For details about ArkTS syntax errors, see FAQs[39m[39m
[33mWARN: [33m[33mArkTS:WARN File: /Users/wangyifan/Downloads/harmonyOS/harmonychat-main/entry/src/main/ets/pages/utils/ToolKits.ets:38:5
 Function may throw exceptions. Special handling is required.
[39m[39m
[33mWARN: [33m[33mArkTS:WARN File: /Users/wangyifan/Downloads/harmonyOS/harmonychat-main/entry/src/main/ets/pages/utils/ToolKits.ets:120:5
 Function may throw exceptions. Special handling is required.
[39m[39m
[33mWARN: [33m[33mArkTS:WARN File: /Users/wangyifan/Downloads/harmonyOS/harmonychat-main/entry/src/main/ets/pages/utils/ToolKits.ets:120:18
 'showToast' has been deprecated.
[39m[39m
[33mWARN: [33m[33mArkTS:WARN File: /Users/wangyifan/Downloads/harmonyOS/harmonychat-main/entry/src/main/ets/pages/utils/ToolKits.ets:143:17
 'show' has been deprecated.
[39m[39m
[33mWARN: [33m[33mArkTS:WARN File: /Users/wangyifan/Downloads/harmonyOS/harmonychat-main/entry/src/main/ets/entryability/EntryAbility.ets:61:53
 Function may throw exceptions. Special handling is required.
[39m[39m
[33mWARN: [33m[33mArkTS:WARN File: /Users/wangyifan/Downloads/harmonyOS/harmonychat-main/entry/src/main/ets/pages/SafePage.ets:89:24
 'pushUrl' has been deprecated.
[39m[39m
[33mWARN: [33m[33mArkTS:WARN File: /Users/wangyifan/Downloads/harmonyOS/harmonychat-main/entry/src/main/ets/pages/SafePage.ets:111:56
 'getContext' has been deprecated.
[39m[39m
[33mWARN: [33m[33mArkTS:WARN File: /Users/wangyifan/Downloads/harmonyOS/harmonychat-main/entry/src/main/ets/pages/SafePage.ets:121:24
 'replaceUrl' has been deprecated.
[39m[39m
[33mWARN: [33m[33mArkTS:WARN File: /Users/wangyifan/Downloads/harmonyOS/harmonychat-main/entry/src/main/ets/pages/components/ChatInputView.ets:53:22
 'getContext' has been deprecated.
[39m[39m
[33mWARN: [33m[33mArkTS:WARN File: /Users/wangyifan/Downloads/harmonyOS/harmonychat-main/entry/src/main/ets/pages/components/msg_view/NormalMsgView.ets:53:22
 'getContext' has been deprecated.
[39m[39m
[33mWARN: [33m[33mArkTS:WARN File: /Users/wangyifan/Downloads/harmonyOS/harmonychat-main/entry/src/main/ets/pages/ChatPage.ets:87:32
 'getContext' has been deprecated.
[39m[39m
[33mWARN: [33m[33mArkTS:WARN File: /Users/wangyifan/Downloads/harmonyOS/harmonychat-main/entry/src/main/ets/pages/ChatPage.ets:209:46
 'getContext' has been deprecated.
[39m[39m
[33mWARN: [33m[33mArkTS:WARN File: /Users/wangyifan/Downloads/harmonyOS/harmonychat-main/entry/src/main/ets/pages/ChatPage.ets:222:51
 'getContext' has been deprecated.
[39m[39m
[33mWARN: [33m[33mArkTS:WARN File: /Users/wangyifan/Downloads/harmonyOS/harmonychat-main/entry/src/main/ets/pages/ChatPage.ets:222:93
 'getContext' has been deprecated.
[39m[39m
[33mWARN: [33m[33mArkTS:WARN File: /Users/wangyifan/Downloads/harmonyOS/harmonychat-main/entry/src/main/ets/pages/ChatPage.ets:224:5
 Function may throw exceptions. Special handling is required.
[39m[39m
[33mWARN: [33m[33mArkTS:WARN File: /Users/wangyifan/Downloads/harmonyOS/harmonychat-main/entry/src/main/ets/pages/ChatPage.ets:224:12
 'replaceUrl' has been deprecated.
[39m[39m
[33mWARN: [33m[33mArkTS:WARN File: /Users/wangyifan/Downloads/harmonyOS/harmonychat-main/entry/src/main/ets/pages/LoginPage.ets:60:19
 'getContext' has been deprecated.
[39m[39m
[33mWARN: [33m[33mArkTS:WARN File: /Users/wangyifan/Downloads/harmonyOS/harmonychat-main/entry/src/main/ets/pages/LoginPage.ets:76:16
 'replaceUrl' has been deprecated.
[39m[39m
[33mWARN: [33m[33mArkTS:WARN File: /Users/wangyifan/Downloads/harmonyOS/harmonychat-main/entry/src/main/ets/pages/LoginPage.ets:223:21
 'getContext' has been deprecated.
[39m[39m
[33mWARN: [33m[33mArkTS:WARN File: /Users/wangyifan/Downloads/harmonyOS/harmonychat-main/entry/src/main/ets/pages/LoginPage.ets:235:5
 Function may throw exceptions. Special handling is required.
[39m[39m
[33mWARN: [33m[33mArkTS:WARN File: /Users/wangyifan/Downloads/harmonyOS/harmonychat-main/entry/src/main/ets/pages/LoginPage.ets:235:12
 'pushUrl' has been deprecated.
[39m[39m
[33mWARN: [33m[33mArkTS:WARN File: /Users/wangyifan/Downloads/harmonyOS/harmonychat-main/entry/src/main/ets/pages/RegisterPage.ets:51:19
 'getContext' has been deprecated.
[39m[39m
[33mWARN: [33m[33mArkTS:WARN File: /Users/wangyifan/Downloads/harmonyOS/harmonychat-main/entry/src/main/ets/pages/RegisterPage.ets:110:20
 'back' has been deprecated.
[39m[39m
[33mWARN: [33m[33mArkTS:WARN File: /Users/wangyifan/Downloads/harmonyOS/harmonychat-main/entry/src/main/ets/pages/RegisterPage.ets:135:12
 'back' has been deprecated.
[39m[39m
[33mWARN: [33m[33mArkTS:WARN File: /Users/wangyifan/Downloads/harmonyOS/harmonychat-main/entry/src/main/ets/pages/utils/PreferenceManager.ets:23:21
 'getContext' has been deprecated.
[39m[39m
[33mWARN: [33m[33mArkTS:WARN File: /Users/wangyifan/Downloads/harmonyOS/harmonychat-main/entry/src/main/ets/pages/utils/PreferenceManager.ets:38:12
 Function may throw exceptions. Special handling is required.
[39m[39m
[33mWARN: [33m[33mArkTS:WARN File: /Users/wangyifan/Downloads/harmonyOS/harmonychat-main/entry/src/main/ets/pages/utils/PreferenceManager.ets:46:7
 Function may throw exceptions. Special handling is required.
[39m[39m
[33mWARN: [33m[33mArkTS:WARN File: /Users/wangyifan/Downloads/harmonyOS/harmonychat-main/entry/src/main/ets/pages/utils/PreferenceManager.ets:58:14
 Function may throw exceptions. Special handling is required.
[39m[39m
[33mWARN: [33m[33mArkTS:WARN File: /Users/wangyifan/Downloads/harmonyOS/harmonychat-main/entry/src/main/ets/pages/utils/PreferenceManager.ets:74:14
 Function may throw exceptions. Special handling is required.
[39m[39m
[33mWARN: [33m[33mArkTS:WARN File: /Users/wangyifan/Downloads/harmonyOS/harmonychat-main/entry/src/main/ets/pages/utils/PreferenceManager.ets:84:7
 Function may throw exceptions. Special handling is required.
[39m[39m
[33mWARN: [33m[33mArkTS:WARN File: /Users/wangyifan/Downloads/harmonyOS/harmonychat-main/entry/src/main/ets/pages/utils/PreferenceManager.ets:95:5
 Function may throw exceptions. Special handling is required.
[39m[39m
[33mWARN: [33m[33mArkTS:WARN File: /Users/wangyifan/Downloads/harmonyOS/harmonychat-main/entry/src/main/ets/pages/SplashPage.ets:29:37
 'getParams' has been deprecated.
[39m[39m
[33mWARN: [33m[33mArkTS:WARN File: /Users/wangyifan/Downloads/harmonyOS/harmonychat-main/entry/src/main/ets/pages/SplashPage.ets:29:59
 'getParams' has been deprecated.
[39m[39m
[33mWARN: [33m[33mArkTS:WARN File: /Users/wangyifan/Downloads/harmonyOS/harmonychat-main/entry/src/main/ets/pages/SplashPage.ets:65:18
 'replaceUrl' has been deprecated.
[39m[39m
[33mWARN: [33m[33mArkTS:WARN File: /Users/wangyifan/Downloads/harmonyOS/harmonychat-main/entry/src/main/ets/pages/SplashPage.ets:75:5
 Function may throw exceptions. Special handling is required.
[39m[39m
[33mWARN: [33m[33mArkTS:WARN File: /Users/wangyifan/Downloads/harmonyOS/harmonychat-main/entry/src/main/ets/pages/SplashPage.ets:75:12
 'replaceUrl' has been deprecated.
[39m[39m
[33mWARN: [33m[33mArkTS:WARN File: /Users/wangyifan/Downloads/harmonyOS/harmonychat-main/entry/src/main/ets/pages/ChatComponent.ets:79:56
 'getContext' has been deprecated.
[39m[39m
[33mWARN: [33m[33mArkTS:WARN File: /Users/wangyifan/Downloads/harmonyOS/harmonychat-main/entry/src/main/ets/pages/ChatComponent.ets:256:46
 'getContext' has been deprecated.
[39m[39m
[33mWARN: [33m[33mArkTS:WARN File: /Users/wangyifan/Downloads/harmonyOS/harmonychat-main/entry/src/main/ets/pages/ChatComponent.ets:269:51
 'getContext' has been deprecated.
[39m[39m
[33mWARN: [33m[33mArkTS:WARN File: /Users/wangyifan/Downloads/harmonyOS/harmonychat-main/entry/src/main/ets/pages/ChatComponent.ets:269:93
 'getContext' has been deprecated.
[39m[39m
[33mWARN: [33m[33mArkTS:WARN File: /Users/wangyifan/Downloads/harmonyOS/harmonychat-main/entry/src/main/ets/pages/ChatComponent.ets:271:5
 Function may throw exceptions. Special handling is required.
[39m[39m
[33mWARN: [33m[33mArkTS:WARN File: /Users/wangyifan/Downloads/harmonyOS/harmonychat-main/entry/src/main/ets/pages/ChatComponent.ets:271:12
 'replaceUrl' has been deprecated.
[39m[39m
[33mWARN: [33m[33mArkTS:WARN File: /Users/wangyifan/Downloads/harmonyOS/harmonychat-main/entry/src/main/ets/pages/MineComponent.ets:401:20
 'getContext' has been deprecated.
[39m[39m
[33mWARN: [33m[33mArkTS:WARN File: /Users/wangyifan/Downloads/harmonyOS/harmonychat-main/entry/src/main/ets/pages/MineComponent.ets:563:55
 'getContext' has been deprecated.
[39m[39m
[33mWARN: [33m[33mArkTS:WARN File: /Users/wangyifan/Downloads/harmonyOS/harmonychat-main/entry/src/main/ets/pages/MineComponent.ets:563:97
 'getContext' has been deprecated.
[39m[39m
[33mWARN: [33m[33mArkTS:WARN File: /Users/wangyifan/Downloads/harmonyOS/harmonychat-main/entry/src/main/ets/pages/MineComponent.ets:564:16
 'replaceUrl' has been deprecated.
[39m[39m
[33mWARN: [33m[33mArkTS:WARN File: /Users/wangyifan/Downloads/harmonyOS/harmonychat-main/entry/src/main/ets/pages/MineComponent.ets:593:61
 'getContext' has been deprecated.
[39m[39m
[33mWARN: [33m[33mArkTS:WARN File: /Users/wangyifan/Downloads/harmonyOS/harmonychat-main/entry/src/main/ets/pages/MineComponent.ets:593:103
 'getContext' has been deprecated.
[39m[39m
[33mWARN: [33m[33mArkTS:WARN File: /Users/wangyifan/Downloads/harmonyOS/harmonychat-main/entry/src/main/ets/pages/MineComponent.ets:594:22
 'replaceUrl' has been deprecated.
[39m[39m
[33mWARN: [33m[33mArkTS:WARN File: /Users/wangyifan/Downloads/harmonyOS/harmonychat-main/entry/src/main/ets/pages/MainPage.ets:45:20
 'getContext' has been deprecated.
[39m[39m
[33mWARN: [33m[33mArkTS:WARN File: /Users/wangyifan/Downloads/harmonyOS/harmonychat-main/entry/src/main/ets/pages/MainPage.ets:77:32
 'getContext' has been deprecated.
[39m[39m
[33mWARN: [33m[33m[39m [33mArkTS:WARN Property 'sourceMapsPath' not found in 'mobileimsdk'.[39m [33m[39m[39m[39m

[2026-06-05T12:39:44.010] [DEBUG] debug-file - Ark compile task finished.finished time is 232133676300625
[2026-06-05T12:39:44.010] [DEBUG] debug-file - worker[4] has one work done.
[2026-06-05T12:39:44.011] [DEBUG] debug-file - default@CompileArkTS work[3] done.
[2026-06-05T12:39:44.011] [DEBUG] debug-file - A work dispatched to worker[4] failed because unable to get work from ready queue.
[2026-06-05T12:39:44.011] [INFO] debug-file - Finished :entry:default@CompileArkTS... after 842 ms 
[2026-06-05T12:39:44.012] [DEBUG] debug-file - Executing task :entry:default@GeneratePkgModuleJson
[2026-06-05T12:39:44.012] [DEBUG] debug-file - File: '/Users/wangyifan/Downloads/harmonyOS/harmonychat-main/entry/build/default/intermediates/preload/default/preload.json' from 'preloadSoJsonPath' is not exists, just ignore.
[2026-06-05T12:39:44.012] [DEBUG] debug-file - Error occurs while handling @Input 'shouldDeduplicateHar': The "data" argument must be of type string or an instance of Buffer, TypedArray, or DataView. Received undefined
[2026-06-05T12:39:44.012] [DEBUG] debug-file - Task 'entry:default@GeneratePkgModuleJson' cost while wrapping incremental declarations: 1 ms 
[2026-06-05T12:39:44.012] [DEBUG] debug-file - Incremental task entry:default@GeneratePkgModuleJson pre-execution cost: 1 ms .
[2026-06-05T12:39:44.012] [DEBUG] debug-file - entry : default@GeneratePkgModuleJson cost memory 0.09244537353515625
[2026-06-05T12:39:44.012] [INFO] debug-file - UP-TO-DATE :entry:default@GeneratePkgModuleJson...  
[2026-06-05T12:39:44.012] [DEBUG] debug-file - Executing task :entry:default@ProcessCompiledResources
[2026-06-05T12:39:44.012] [DEBUG] debug-file - File: '/Users/wangyifan/Downloads/harmonyOS/harmonychat-main/entry/build/default/intermediates/preload/default/preload.json' from 'preloadSoJsonPath' is not exists, just ignore.
[2026-06-05T12:39:44.012] [DEBUG] debug-file - Task 'entry:default@ProcessCompiledResources' cost while wrapping incremental declarations: 1 ms 
[2026-06-05T12:39:44.012] [DEBUG] debug-file - entry : default@ProcessCompiledResources cost memory 0.05914306640625
[2026-06-05T12:39:44.012] [DEBUG] debug-file - runTaskFromQueue task cost before running: 1 s 41 ms 
[2026-06-05T12:39:44.012] [INFO] debug-file - Finished :entry:default@ProcessCompiledResources... after 1 ms 
[2026-06-05T12:39:44.013] [DEBUG] debug-file - Executing task :entry:default@PackageHap
[2026-06-05T12:39:44.014] [DEBUG] debug-file - entry:default@PackageHap is not up-to-date, since the input file '/Users/wangyifan/Downloads/harmonyOS/harmonychat-main/entry/build/default/intermediates/loader_out/default/ets' has been changed.
[2026-06-05T12:39:44.014] [DEBUG] debug-file - Incremental task entry:default@PackageHap pre-execution cost: 1 ms .
[2026-06-05T12:39:44.014] [DEBUG] debug-file - Use tool [/Applications/DevEco-Studio.app/Contents/sdk/default/openharmony/toolchains/lib/app_packing_tool.jar]
 [
  'java',
  '-Dfile.encoding=utf-8',
  '-jar',
  '/Applications/DevEco-Studio.app/Contents/sdk/default/openharmony/toolchains/lib/app_packing_tool.jar',
  '--mode',
  'hap',
  '--force',
  'true',
  '--lib-path',
  '/Users/wangyifan/Downloads/harmonyOS/harmonychat-main/entry/build/default/intermediates/stripped_native_libs/default',
  '--json-path',
  '/Users/wangyifan/Downloads/harmonyOS/harmonychat-main/entry/build/default/intermediates/package/default/module.json',
  '--resources-path',
  '/Users/wangyifan/Downloads/harmonyOS/harmonychat-main/entry/build/default/intermediates/res/default/resources',
  '--index-path',
  '/Users/wangyifan/Downloads/harmonyOS/harmonychat-main/entry/build/default/intermediates/res/default/resources.index',
  '--pack-info-path',
  '/Users/wangyifan/Downloads/harmonyOS/harmonychat-main/entry/build/default/outputs/default/pack.info',
  '--out-path',
  '/Users/wangyifan/Downloads/harmonyOS/harmonychat-main/entry/build/default/outputs/default/entry-default-unsigned.hap',
  '--ets-path',
  '/Users/wangyifan/Downloads/harmonyOS/harmonychat-main/entry/build/default/intermediates/loader_out/default/ets',
  '--pkg-context-path',
  '/Users/wangyifan/Downloads/harmonyOS/harmonychat-main/entry/build/default/intermediates/loader/default/pkgContextInfo.json'
]
[2026-06-05T12:39:44.014] [DEBUG] debug-file - default@PackageHap work[5] is submitted.
[2026-06-05T12:39:44.014] [DEBUG] debug-file - default@PackageHap work[5] is pushed to ready queue.
[2026-06-05T12:39:44.014] [DEBUG] debug-file - A work dispatched to worker[9] failed because unable to get work from ready queue.
[2026-06-05T12:39:44.014] [DEBUG] debug-file - default@PackageHap work[5] has been dispatched to worker[8].
[2026-06-05T12:39:44.014] [DEBUG] debug-file - default@PackageHap work[5] is dispatched.
[2026-06-05T12:39:44.015] [DEBUG] debug-file - entry : default@PackageHap cost memory 0.513763427734375
[2026-06-05T12:39:44.077] [DEBUG] debug-file - current process  memoryUsage: {
  rss: 614662144,
  heapTotal: 82083840,
  heapUsed: 50045960,
  external: 2240753,
  arrayBuffers: 87299
} os memoryUsage :15.890090942382812
[2026-06-05T12:39:44.265] [DEBUG] debug-file - worker[8] has one work done.
[2026-06-05T12:39:44.265] [DEBUG] debug-file - default@PackageHap work[5] done.
[2026-06-05T12:39:44.265] [DEBUG] debug-file - A work dispatched to worker[8] failed because unable to get work from ready queue.
[2026-06-05T12:39:44.266] [INFO] debug-file - Finished :entry:default@PackageHap... after 192 ms 
[2026-06-05T12:39:44.266] [DEBUG] debug-file - Executing task :entry:default@PackingCheck
[2026-06-05T12:39:44.267] [DEBUG] debug-file - entry : default@PackingCheck cost memory 0.38988494873046875
[2026-06-05T12:39:44.267] [DEBUG] debug-file - runTaskFromQueue task cost before running: 1 s 296 ms 
[2026-06-05T12:39:44.267] [INFO] debug-file - Finished :entry:default@PackingCheck... after 2 ms 
[2026-06-05T12:39:44.268] [DEBUG] debug-file - Executing task :entry:default@SignHap
[2026-06-05T12:39:44.268] [WARN] debug-file - Will skip sign 'hos_hap'. No signingConfigs profile is configured in current project.
             If needed, configure the signingConfigs in /Users/wangyifan/Downloads/harmonyOS/harmonychat-main/build-profile.json5.
[2026-06-05T12:39:44.268] [DEBUG] debug-file - entry:default@SignHap is not up-to-date, since the input file '/Users/wangyifan/Downloads/harmonyOS/harmonychat-main/entry/build/default/outputs/default/entry-default-unsigned.hap' has been changed.
[2026-06-05T12:39:44.268] [DEBUG] debug-file - Incremental task entry:default@SignHap pre-execution cost: 1 ms .
[2026-06-05T12:39:44.268] [DEBUG] debug-file - entry : default@SignHap cost memory 0.08168792724609375
[2026-06-05T12:39:44.268] [DEBUG] debug-file - runTaskFromQueue task cost before running: 1 s 297 ms 
[2026-06-05T12:39:44.268] [INFO] debug-file - Finished :entry:default@SignHap... after 1 ms 
[2026-06-05T12:39:44.269] [DEBUG] debug-file - Executing task :entry:default@CollectDebugSymbol
[2026-06-05T12:39:44.269] [DEBUG] debug-file - entry : default@CollectDebugSymbol cost memory 0.08965301513671875
[2026-06-05T12:39:44.269] [DEBUG] debug-file - runTaskFromQueue task cost before running: 1 s 298 ms 
[2026-06-05T12:39:44.269] [INFO] debug-file - Finished :entry:default@CollectDebugSymbol... after 1 ms 
[2026-06-05T12:39:44.269] [DEBUG] debug-file - Executing task :entry:assembleHap
[2026-06-05T12:39:44.269] [DEBUG] debug-file - entry : assembleHap cost memory 0.01264190673828125
[2026-06-05T12:39:44.269] [DEBUG] debug-file - runTaskFromQueue task cost before running: 1 s 298 ms 
[2026-06-05T12:39:44.269] [INFO] debug-file - Finished :entry:assembleHap... after 1 ms 
[2026-06-05T12:39:44.269] [INFO] debug-file - BUILD SUCCESSFUL in 1 s 298 ms 
[2026-06-05T12:39:44.270] [DEBUG] debug-file - Update task entry:default@PreBuild input file:/Users/wangyifan/Downloads/harmonyOS/harmonychat-main/AppScope/app.json5 cache by regenerate.
[2026-06-05T12:39:44.270] [DEBUG] debug-file - Update task entry:default@PreBuild input file:/Users/wangyifan/Downloads/harmonyOS/harmonychat-main/entry/src/main/module.json5 cache by regenerate.
[2026-06-05T12:39:44.270] [DEBUG] debug-file - Update task entry:default@PreBuild input file:/Users/wangyifan/Downloads/harmonyOS/harmonychat-main/build-profile.json5 cache by regenerate.
[2026-06-05T12:39:44.270] [DEBUG] debug-file - Update task entry:default@PreBuild input file:/Users/wangyifan/Downloads/harmonyOS/harmonychat-main/entry/build-profile.json5 cache by regenerate.
[2026-06-05T12:39:44.270] [DEBUG] debug-file - Update task entry:default@PreBuild input file:/Users/wangyifan/Downloads/harmonyOS/harmonychat-main/entry/src/main/resources/base/profile/main_pages.json cache by regenerate.
[2026-06-05T12:39:44.270] [DEBUG] debug-file - Update task entry:default@PreBuild input file:/Users/wangyifan/Downloads/harmonyOS/harmonychat-main/hvigor/hvigor-config.json5 cache by regenerate.
[2026-06-05T12:39:44.270] [DEBUG] debug-file - Update task entry:default@PreBuild input file:/Users/wangyifan/Downloads/harmonyOS/harmonychat-main/entry/oh-package.json5 cache by regenerate.
[2026-06-05T12:39:44.270] [DEBUG] debug-file - Update task entry:default@PreBuild input file:/Users/wangyifan/Downloads/harmonyOS/harmonychat-main/oh-package.json5 cache by regenerate.
[2026-06-05T12:39:44.270] [DEBUG] debug-file - Incremental task entry:default@PreBuild post-execution cost:1 ms .
[2026-06-05T12:39:44.270] [DEBUG] debug-file - Update task entry:default@CreateModuleInfo output file:/Users/wangyifan/Downloads/harmonyOS/harmonychat-main/entry/build/default/generated/profile/default/ModuleInfo.ts cache.
[2026-06-05T12:39:44.270] [DEBUG] debug-file - Incremental task entry:default@CreateModuleInfo post-execution cost:1 ms .
[2026-06-05T12:39:44.270] [DEBUG] debug-file - There is no need to refresh cache, since the incremental task entry:default@GenerateMetadata is up-to-date.
[2026-06-05T12:39:44.270] [DEBUG] debug-file - There is no need to refresh cache, since the incremental task entry:default@MergeProfile is up-to-date.
[2026-06-05T12:39:44.270] [DEBUG] debug-file - There is no need to refresh cache, since the incremental task entry:default@CreateBuildProfile is up-to-date.
[2026-06-05T12:39:44.270] [DEBUG] debug-file - There is no need to refresh cache, since the incremental task entry:default@GeneratePkgContextInfo is up-to-date.
[2026-06-05T12:39:44.270] [DEBUG] debug-file - Update task entry:default@GeneratePkgSdkInfo output file:/Users/wangyifan/Downloads/harmonyOS/harmonychat-main/entry/build/default/intermediates/loader/default/pkgSdkInfo.json cache.
[2026-06-05T12:39:44.270] [DEBUG] debug-file - Incremental task entry:default@GeneratePkgSdkInfo post-execution cost:1 ms .
[2026-06-05T12:39:44.270] [DEBUG] debug-file - Update task entry:default@ProcessIntegratedHsp output file:/Users/wangyifan/Downloads/harmonyOS/harmonychat-main/build/cache/default/integrated_hsp/integratedHspCache.json cache.
[2026-06-05T12:39:44.270] [DEBUG] debug-file - Incremental task entry:default@ProcessIntegratedHsp post-execution cost:1 ms .
[2026-06-05T12:39:44.270] [DEBUG] debug-file - There is no need to refresh cache, since the incremental task entry:default@MakePackInfo is up-to-date.
[2026-06-05T12:39:44.270] [DEBUG] debug-file - Update task entry:default@SyscapTransform input file:/Applications/DevEco-Studio.app/Contents/sdk/default/openharmony/toolchains/syscap_tool cache by regenerate.
[2026-06-05T12:39:44.270] [DEBUG] debug-file - Update task entry:default@SyscapTransform input file:/Applications/DevEco-Studio.app/Contents/sdk/default/openharmony/ets/api/device-define cache by regenerate.
[2026-06-05T12:39:44.270] [DEBUG] debug-file - Update task entry:default@SyscapTransform output file:/Users/wangyifan/Downloads/harmonyOS/harmonychat-main/entry/build/default/intermediates/syscap/default/rpcid.sc cache.
[2026-06-05T12:39:44.270] [DEBUG] debug-file - Incremental task entry:default@SyscapTransform post-execution cost:1 ms .
[2026-06-05T12:39:44.270] [DEBUG] debug-file - There is no need to refresh cache, since the incremental task entry:default@ProcessProfile is up-to-date.
[2026-06-05T12:39:44.270] [DEBUG] debug-file - There is no need to refresh cache, since the incremental task entry:default@ProcessRouterMap is up-to-date.
[2026-06-05T12:39:44.270] [DEBUG] debug-file - There is no need to refresh cache, since the incremental task entry:default@ProcessShareConfig is up-to-date.
[2026-06-05T12:39:44.270] [DEBUG] debug-file - Update task entry:default@ProcessStartupConfig input file:/Users/wangyifan/Downloads/harmonyOS/harmonychat-main/entry/build/default/intermediates/loader/default/pkgContextInfo.json cache by regenerate.
[2026-06-05T12:39:44.270] [DEBUG] debug-file - Update task entry:default@ProcessStartupConfig output file:/Users/wangyifan/Downloads/harmonyOS/harmonychat-main/entry/build/default/intermediates/startup/default/startup_config.json cache.
[2026-06-05T12:39:44.271] [DEBUG] debug-file - Incremental task entry:default@ProcessStartupConfig post-execution cost:1 ms .
[2026-06-05T12:39:44.271] [DEBUG] debug-file - There is no need to refresh cache, since the incremental task entry:default@ProcessResource is up-to-date.
[2026-06-05T12:39:44.271] [DEBUG] debug-file - There is no need to refresh cache, since the incremental task entry:default@GenerateLoaderJson is up-to-date.
[2026-06-05T12:39:44.271] [DEBUG] debug-file - There is no need to refresh cache, since the incremental task entry:default@ProcessLibs is up-to-date.
[2026-06-05T12:39:44.271] [DEBUG] debug-file - There is no need to refresh cache, since the incremental task entry:default@CompileResource is up-to-date.
[2026-06-05T12:39:44.271] [DEBUG] debug-file - There is no need to refresh cache, since the incremental task entry:default@DoNativeStrip is up-to-date.
[2026-06-05T12:39:44.271] [DEBUG] debug-file - Update task entry:default@CompileArkTS input file:/Users/wangyifan/Downloads/harmonyOS/harmonychat-main/entry/build/default/intermediates/loader/default cache by regenerate.
[2026-06-05T12:39:44.271] [DEBUG] debug-file - Update task entry:default@CompileArkTS input file:/Users/wangyifan/Downloads/harmonyOS/harmonychat-main/oh_modules/.ohpm/mobileimsdk@hoop830zxxr8xnn6crmdrvjoor6h7alv6wz1iybybxq=/oh_modules/mobileimsdk/src/main/ets cache by regenerate.
[2026-06-05T12:39:44.271] [DEBUG] debug-file - Update task entry:default@CompileArkTS input file:/Users/wangyifan/Downloads/harmonyOS/harmonychat-main/entry/build/default/intermediates/res/default/resources/rawfile cache by regenerate.
[2026-06-05T12:39:44.272] [DEBUG] debug-file - Update task entry:default@CompileArkTS input file:/Users/wangyifan/Downloads/harmonyOS/harmonychat-main/entry/build/default/intermediates/res/default/ResourceTable.txt cache by regenerate.
[2026-06-05T12:39:44.272] [DEBUG] debug-file - Update task entry:default@CompileArkTS input file:/Users/wangyifan/Downloads/harmonyOS/harmonychat-main/entry/build/default/intermediates/res/default/ark_module.json cache by regenerate.
[2026-06-05T12:39:44.272] [DEBUG] debug-file - Update task entry:default@CompileArkTS input file:/Users/wangyifan/Downloads/harmonyOS/harmonychat-main/entry/build/default/intermediates/res/default/resources/base/profile cache by regenerate.
[2026-06-05T12:39:44.272] [DEBUG] debug-file - Update task entry:default@CompileArkTS input file:/Users/wangyifan/Downloads/harmonyOS/harmonychat-main/entry/src/main/ets cache from map.
[2026-06-05T12:39:44.272] [DEBUG] debug-file - Update task entry:default@CompileArkTS input file:/Users/wangyifan/Downloads/harmonyOS/harmonychat-main/entry/build/default/intermediates/loader/default/pkgContextInfo.json cache by regenerate.
[2026-06-05T12:39:44.272] [DEBUG] debug-file - Update task entry:default@CompileArkTS input file:/Users/wangyifan/Downloads/harmonyOS/harmonychat-main/entry/build/default/generated/profile/default/BuildProfile.ets cache by regenerate.
[2026-06-05T12:39:44.272] [DEBUG] debug-file - Update task entry:default@CompileArkTS output file:/Users/wangyifan/Downloads/harmonyOS/harmonychat-main/entry/build/default/intermediates/loader_out/default/ets cache.
[2026-06-05T12:39:44.272] [DEBUG] debug-file - Incremental task entry:default@CompileArkTS post-execution cost:2 ms .
[2026-06-05T12:39:44.272] [DEBUG] debug-file - Update task entry:default@BuildJS input file:/Users/wangyifan/Downloads/harmonyOS/harmonychat-main/entry/build/default/intermediates/loader/default cache by regenerate.
[2026-06-05T12:39:44.272] [DEBUG] debug-file - Update task entry:default@BuildJS input file:/Users/wangyifan/Downloads/harmonyOS/harmonychat-main/entry/build/default/intermediates/res/default/resources/rawfile cache by regenerate.
[2026-06-05T12:39:44.272] [DEBUG] debug-file - Update task entry:default@BuildJS input file:/Users/wangyifan/Downloads/harmonyOS/harmonychat-main/entry/build/default/intermediates/res/default/ResourceTable.txt cache by regenerate.
[2026-06-05T12:39:44.272] [DEBUG] debug-file - Update task entry:default@BuildJS input file:/Users/wangyifan/Downloads/harmonyOS/harmonychat-main/entry/build/default/intermediates/res/default/ark_module.json cache by regenerate.
[2026-06-05T12:39:44.272] [DEBUG] debug-file - Update task entry:default@BuildJS input file:/Users/wangyifan/Downloads/harmonyOS/harmonychat-main/entry/build/default/intermediates/res/default/resources/base/profile cache by regenerate.
[2026-06-05T12:39:44.272] [DEBUG] debug-file - Update task entry:default@BuildJS input file:/Users/wangyifan/Downloads/harmonyOS/harmonychat-main/entry/build/default/intermediates/loader/default/pkgContextInfo.json cache by regenerate.
[2026-06-05T12:39:44.272] [DEBUG] debug-file - Update task entry:default@BuildJS output file:/Users/wangyifan/Downloads/harmonyOS/harmonychat-main/entry/build/default/intermediates/loader_out/default/js cache.
[2026-06-05T12:39:44.272] [DEBUG] debug-file - Incremental task entry:default@BuildJS post-execution cost:1 ms .
[2026-06-05T12:39:44.272] [DEBUG] debug-file - There is no need to refresh cache, since the incremental task entry:default@CacheNativeLibs is up-to-date.
[2026-06-05T12:39:44.272] [DEBUG] debug-file - There is no need to refresh cache, since the incremental task entry:default@GeneratePkgModuleJson is up-to-date.
[2026-06-05T12:39:44.272] [DEBUG] debug-file - Incremental task entry:default@ProcessCompiledResources post-execution cost:1 ms .
[2026-06-05T12:39:44.272] [DEBUG] debug-file - Update task entry:default@PackageHap input file:/Users/wangyifan/Downloads/harmonyOS/harmonychat-main/entry/build/default/intermediates/stripped_native_libs/default cache by regenerate.
[2026-06-05T12:39:44.272] [DEBUG] debug-file - Update task entry:default@PackageHap input file:/Users/wangyifan/Downloads/harmonyOS/harmonychat-main/entry/build/default/intermediates/res/default/module.json cache by regenerate.
[2026-06-05T12:39:44.272] [DEBUG] debug-file - Update task entry:default@PackageHap input file:/Users/wangyifan/Downloads/harmonyOS/harmonychat-main/entry/build/default/intermediates/res/default/resources cache by regenerate.
[2026-06-05T12:39:44.273] [DEBUG] debug-file - Update task entry:default@PackageHap input file:/Users/wangyifan/Downloads/harmonyOS/harmonychat-main/entry/build/default/intermediates/res/default/resources.index cache by regenerate.
[2026-06-05T12:39:44.273] [DEBUG] debug-file - Update task entry:default@PackageHap input file:/Users/wangyifan/Downloads/harmonyOS/harmonychat-main/entry/build/default/outputs/default/pack.info cache by regenerate.
[2026-06-05T12:39:44.273] [DEBUG] debug-file - Update task entry:default@PackageHap input file:/Users/wangyifan/Downloads/harmonyOS/harmonychat-main/entry/build/default/intermediates/loader_out/default/ets cache from map.
[2026-06-05T12:39:44.273] [DEBUG] debug-file - Update task entry:default@PackageHap input file:/Users/wangyifan/Downloads/harmonyOS/harmonychat-main/entry/build/default/intermediates/loader/default/pkgContextInfo.json cache by regenerate.
[2026-06-05T12:39:44.273] [DEBUG] debug-file - Update task entry:default@PackageHap input file:/Users/wangyifan/Downloads/harmonyOS/harmonychat-main/entry/build/default/intermediates/loader_out/default/ets/sourceMaps.map cache by regenerate.
[2026-06-05T12:39:44.273] [DEBUG] debug-file - Update task entry:default@PackageHap input file:/Users/wangyifan/Downloads/harmonyOS/harmonychat-main/entry/build/default/generated/profile/default/BuildProfile.ets cache by regenerate.
[2026-06-05T12:39:44.273] [DEBUG] debug-file - Update task entry:default@PackageHap output file:/Users/wangyifan/Downloads/harmonyOS/harmonychat-main/entry/build/default/outputs/default/entry-default-unsigned.hap cache.
[2026-06-05T12:39:44.273] [DEBUG] debug-file - Update task entry:default@PackageHap output file:/Users/wangyifan/Downloads/harmonyOS/harmonychat-main/entry/build/default/intermediates/source_map/default/sourceMaps.map cache.
[2026-06-05T12:39:44.273] [DEBUG] debug-file - Update task entry:default@PackageHap output file:/Users/wangyifan/Downloads/harmonyOS/harmonychat-main/entry/build/default/outputs/default/mapping/sourceMaps.map cache.
[2026-06-05T12:39:44.273] [DEBUG] debug-file - Incremental task entry:default@PackageHap post-execution cost:1 ms .
[2026-06-05T12:39:44.273] [DEBUG] debug-file - Update task entry:default@SignHap input file:/Users/wangyifan/Downloads/harmonyOS/harmonychat-main/entry/build/default/outputs/default/entry-default-unsigned.hap cache from map.
[2026-06-05T12:39:44.273] [DEBUG] debug-file - Update task entry:default@SignHap output file:/Users/wangyifan/Downloads/harmonyOS/harmonychat-main/entry/build/default/outputs/default/entry-default-signed.hap cache.
[2026-06-05T12:39:44.273] [DEBUG] debug-file - Incremental task entry:default@SignHap post-execution cost:1 ms .
[2026-06-05T12:39:44.273] [DEBUG] debug-file - Update task entry:default@CollectDebugSymbol input file:/Users/wangyifan/Downloads/harmonyOS/harmonychat-main/entry/build/default/intermediates/loader_out/default/ets/sourceMaps.map cache by regenerate.
[2026-06-05T12:39:44.273] [DEBUG] debug-file - Update task entry:default@CollectDebugSymbol input file:/Users/wangyifan/Downloads/harmonyOS/harmonychat-main/entry/build/default/intermediates/libs/default cache by regenerate.
[2026-06-05T12:39:44.273] [DEBUG] debug-file - Update task entry:default@CollectDebugSymbol output file:/Users/wangyifan/Downloads/harmonyOS/harmonychat-main/entry/build/default/outputs/default/symbol cache.
[2026-06-05T12:39:44.274] [DEBUG] debug-file - Incremental task entry:default@CollectDebugSymbol post-execution cost:1 ms .
[2026-06-05T12:39:44.279] [DEBUG] debug-file - Cleanup worker 8.
[2026-06-05T12:39:44.279] [DEBUG] debug-file - Worker 8 has been cleaned up.
[2026-06-05T12:39:44.279] [DEBUG] debug-file - Current idle worker size: 1.
[2026-06-05T12:39:44.279] [DEBUG] debug-file - Current resident worker size: 2.
[2026-06-05T12:39:44.279] [DEBUG] debug-file - hvigor build process will be closed.
[2026-06-05T12:39:44.281] [DEBUG] debug-file - session manager: send message to worker process.
[2026-06-05T12:39:44.281] [DEBUG] debug-file - session manager: send message to worker process.
[2026-06-05T12:39:44.281] [DEBUG] debug-file - watch worker: worker id should be larger than 0. Nothing will be sent to any worker thread.
[2026-06-05T12:39:44.281] [DEBUG] debug-file - watch worker: worker id should be larger than 0. Nothing will be sent to any worker thread.
[2026-06-05T12:39:44.283] [DEBUG] debug-file - worker[8] exits with exit code 1.
[2026-06-05T12:41:19.422] [DEBUG] debug-file - session manager: set active socket. socketId=FogzeASr3wUEYcBRAAAF
[2026-06-05T12:41:19.423] [DEBUG] debug-file - watch worker: worker id should be larger than 0. Nothing will be sent to any worker thread.
[2026-06-05T12:41:19.424] [DEBUG] debug-file - Workers' log level updated to INFO
[2026-06-05T12:41:19.425] [DEBUG] debug-file - Hvigor init with startParameters:{
  hvigorfileTypeCheck: false,
  parallelExecution: true,
  incrementalExecution: true,
  printStackTrace: false,
  daemon: true,
  analyze: 0,
  logLevel: Level { level: 20000, levelStr: 'INFO', colour: 'green' },
  optimizationStrategy: 'memory',
  hotCompile: undefined,
  hotReloadBuild: undefined,
  customizedParam: undefined
}
[2026-06-05T12:41:19.428] [DEBUG] debug-file - Cache service initialization finished in 3 ms 
[2026-06-05T12:41:19.428] [DEBUG] debug-file - hvigorfile, resolving /Users/wangyifan/Downloads/harmonyOS/harmonychat-main/hvigorfile.ts
[2026-06-05T12:41:19.461] [DEBUG] debug-file - hvigorfile, require result:  { default: { plugins: [] } }
[2026-06-05T12:41:19.461] [DEBUG] debug-file - hvigorfile, binding system plugins null
[2026-06-05T12:41:19.461] [DEBUG] debug-file - Starting plugin build process
[2026-06-05T12:41:19.461] [DEBUG] debug-file - App plugin prepare start...
[2026-06-05T12:41:19.461] [DEBUG] debug-file - App plugin prepare end...
[2026-06-05T12:41:19.462] [DEBUG] debug-file - App plugin creating...
[2026-06-05T12:41:19.469] [DEBUG] debug-file - App plugin register hook start...
[2026-06-05T12:41:19.469] [DEBUG] debug-file - App plugin register hook end...
[2026-06-05T12:41:19.469] [DEBUG] debug-file - Plugin build process completed
[2026-06-05T12:41:19.469] [DEBUG] debug-file - Start initialize project's product build option map with build mode debug.
[2026-06-05T12:41:19.469] [DEBUG] debug-file - Picking option from product 'default' with build mode 'debug'.
[2026-06-05T12:41:19.469] [DEBUG] debug-file - Product 'default' build option initialized
[2026-06-05T12:41:19.469] [DEBUG] debug-file - End initialize project's product build option map with build mode 'debug'.
[2026-06-05T12:41:19.470] [DEBUG] debug-file - Obtain build option for product 'default'in this build.
[2026-06-05T12:41:19.470] [DEBUG] debug-file - No signingConfig found, initRemoteHspCache failed.
[2026-06-05T12:41:19.471] [DEBUG] debug-file - Start recording SDK configuration permission data.
[2026-06-05T12:41:19.486] [DEBUG] debug-file - Sdk init in 16 ms 
[2026-06-05T12:41:19.488] [DEBUG] debug-file - Project task initialization takes 2 ms 
[2026-06-05T12:41:19.488] [DEBUG] debug-file - hvigorfile, begin to bind custom plugins...
[2026-06-05T12:41:19.488] [DEBUG] debug-file - hvigorfile, no custom plugins were found in /Users/wangyifan/Downloads/harmonyOS/harmonychat-main/hvigorfile.ts
[2026-06-05T12:41:19.488] [DEBUG] debug-file - hvigorfile, resolve finished /Users/wangyifan/Downloads/harmonyOS/harmonychat-main/hvigorfile.ts
[2026-06-05T12:41:19.488] [DEBUG] debug-file - hvigorfile, resolving /Users/wangyifan/Downloads/harmonyOS/harmonychat-main/entry/hvigorfile.ts
[2026-06-05T12:41:19.491] [DEBUG] debug-file - hvigorfile, require result:  { default: { plugins: [] } }
[2026-06-05T12:41:19.491] [DEBUG] debug-file - hvigorfile, binding system plugins null
[2026-06-05T12:41:19.491] [DEBUG] debug-file - Starting plugin build process
[2026-06-05T12:41:19.491] [DEBUG] debug-file - Hap plugin creating...
[2026-06-05T12:41:19.491] [DEBUG] debug-file - failed to load cangjie to dynamically generate schemas: Error: Cannot find module '@ohos/cangjie-build-support/index'
Require stack:
- /Applications/DevEco-Studio.app/Contents/tools/hvigor/hvigor-ohos-plugin/src/plugin/hooks/cangjie-register.js
- /Applications/DevEco-Studio.app/Contents/tools/hvigor/hvigor-ohos-plugin/src/plugin/strategy/stage-init-strategy.js
- /Applications/DevEco-Studio.app/Contents/tools/hvigor/hvigor-ohos-plugin/src/plugin/builder/abstract-plugin-builder.js
- /Applications/DevEco-Studio.app/Contents/tools/hvigor/hvigor-ohos-plugin/src/plugin/builder/app-plugin-builder.js
- /Applications/DevEco-Studio.app/Contents/tools/hvigor/hvigor-ohos-plugin/src/plugin/factory/plugin-factory.js
- /Applications/DevEco-Studio.app/Contents/tools/hvigor/hvigor-ohos-plugin/index.js
- /Users/wangyifan/Downloads/harmonyOS/harmonychat-main/hvigorfile.ts
- /Applications/DevEco-Studio.app/Contents/tools/hvigor/hvigor/src/base/internal/lifecycle/configuration.js
- /Applications/DevEco-Studio.app/Contents/tools/hvigor/hvigor/src/base/boot/index.js
- /Applications/DevEco-Studio.app/Contents/tools/hvigor/hvigor/src/base/daemon/cluster/worker-process-lifecycle.js
- /Applications/DevEco-Studio.app/Contents/tools/hvigor/hvigor/src/base/daemon/process/daemon-process-boot-script.js
[2026-06-05T12:41:19.495] [DEBUG] debug-file - Start initialize module-target build option map, moduleName=entry, buildMode=debug
[2026-06-05T12:41:19.495] [DEBUG] debug-file - Target 'default' config initialized
[2026-06-05T12:41:19.495] [DEBUG] debug-file - Module 'entry' target 'default' build option initialized
[2026-06-05T12:41:19.495] [DEBUG] debug-file - End initialize module-target build option map, moduleName=entry
[2026-06-05T12:41:19.495] [DEBUG] debug-file - Start initialize module-target build option map, moduleName=entry, buildMode=release
[2026-06-05T12:41:19.495] [DEBUG] debug-file - Target 'default' config initialized
[2026-06-05T12:41:19.495] [DEBUG] debug-file - Module 'entry' target 'default' build option initialized
[2026-06-05T12:41:19.495] [DEBUG] debug-file - End initialize module-target build option map, moduleName=entry
[2026-06-05T12:41:19.495] [DEBUG] debug-file - Start initialize module-target build option map, moduleName=entry, buildMode=debug
[2026-06-05T12:41:19.495] [DEBUG] debug-file - Target 'default' config initialized
[2026-06-05T12:41:19.495] [DEBUG] debug-file - Module 'entry' target 'default' build option initialized
[2026-06-05T12:41:19.495] [DEBUG] debug-file - End initialize module-target build option map, moduleName=entry
[2026-06-05T12:41:19.495] [DEBUG] debug-file - Obtain build option for module 'entry' target 'default'in this build.
[2026-06-05T12:41:19.497] [DEBUG] debug-file - Module entry task initialization takes 2 ms 
[2026-06-05T12:41:19.497] [DEBUG] debug-file - Hap plugin register hook start...
[2026-06-05T12:41:19.497] [DEBUG] debug-file - Hap plugin register hook end...
[2026-06-05T12:41:19.497] [DEBUG] debug-file - Plugin build process completed
[2026-06-05T12:41:19.497] [DEBUG] debug-file - hvigorfile, begin to bind custom plugins...
[2026-06-05T12:41:19.497] [DEBUG] debug-file - hvigorfile, no custom plugins were found in /Users/wangyifan/Downloads/harmonyOS/harmonychat-main/entry/hvigorfile.ts
[2026-06-05T12:41:19.497] [DEBUG] debug-file - hvigorfile, resolve finished /Users/wangyifan/Downloads/harmonyOS/harmonychat-main/entry/hvigorfile.ts
[2026-06-05T12:41:19.533] [DEBUG] debug-file - hvigorfile, resolve hvigorfile dependencies in 35 ms 
[2026-06-05T12:41:19.533] [DEBUG] debug-file - project has submodules:entry
[2026-06-05T12:41:19.534] [DEBUG] debug-file - start to load updatedOhPackageInfo to the disk
[2026-06-05T12:41:19.534] [DEBUG] debug-file - load to the disk finished
[2026-06-05T12:41:19.534] [DEBUG] debug-file - Start to initialize dependency information.
[2026-06-05T12:41:19.535] [DEBUG] debug-file - Module harmonychat-main Collected Dependency: 
[2026-06-05T12:41:19.535] [DEBUG] debug-file - Module harmonychat-main's total dependency: 0
[2026-06-05T12:41:19.535] [DEBUG] debug-file - Start to initialize dependency information.
[2026-06-05T12:41:19.536] [DEBUG] debug-file - Module entry Collected Dependency: /Users/wangyifan/Downloads/harmonyOS/harmonychat-main/oh_modules/.ohpm/mobileimsdk@hoop830zxxr8xnn6crmdrvjoor6h7alv6wz1iybybxq=/oh_modules/mobileimsdk
[2026-06-05T12:41:19.536] [DEBUG] debug-file - Module entry's total dependency: 1
[2026-06-05T12:41:19.537] [DEBUG] debug-file - Configuration phase cost:109 ms 
[2026-06-05T12:41:19.538] [DEBUG] debug-file - Configuration task cost before running: 114 ms 
[2026-06-05T12:41:19.539] [DEBUG] debug-file - Executing task :entry:default@PreBuild
[2026-06-05T12:41:19.539] [DEBUG] debug-file - Task 'entry:default@PreBuild' cost while wrapping incremental declarations: 1 ms 
[2026-06-05T12:41:19.540] [DEBUG] debug-file - entry:default@PreBuild is not up-to-date, since the task snapshots are different.
[2026-06-05T12:41:19.540] [DEBUG] debug-file - Incremental task entry:default@PreBuild pre-execution cost: 1 ms .
[2026-06-05T12:41:19.542] [DEBUG] debug-file - current product is not Atomic service.
[2026-06-05T12:41:19.542] [DEBUG] debug-file - Use tool [darwin: JAVA_HOME, CLASSPATH]
 [
  {
    JAVA_HOME: '/Applications/DevEco-Studio.app/Contents/jbr/Contents/Home'
  },
  { CLASSPATH: undefined }
]
[2026-06-05T12:41:19.542] [DEBUG] debug-file - Use tool [darwin: NODE_HOME]
 [
  {
    NODE_HOME: '/Applications/DevEco-Studio.app/Contents/tools/node/bin'
  }
]
[2026-06-05T12:41:19.542] [DEBUG] debug-file - entry : default@PreBuild cost memory 0.6502838134765625
[2026-06-05T12:41:19.543] [DEBUG] debug-file - runTaskFromQueue task cost before running: 119 ms 
[2026-06-05T12:41:19.543] [INFO] debug-file - Finished :entry:default@PreBuild... after 4 ms 
[2026-06-05T12:41:19.543] [DEBUG] debug-file - Executing task :entry:default@CreateModuleInfo
[2026-06-05T12:41:19.543] [DEBUG] debug-file - Task 'entry:default@CreateModuleInfo' cost while wrapping incremental declarations: 1 ms 
[2026-06-05T12:41:19.543] [DEBUG] debug-file - entry : default@CreateModuleInfo cost memory 0.04254150390625
[2026-06-05T12:41:19.543] [DEBUG] debug-file - runTaskFromQueue task cost before running: 119 ms 
[2026-06-05T12:41:19.543] [INFO] debug-file - Finished :entry:default@CreateModuleInfo... after 1 ms 
[2026-06-05T12:41:19.543] [DEBUG] debug-file - Executing task :entry:default@GenerateMetadata
[2026-06-05T12:41:19.544] [DEBUG] debug-file - Task 'entry:default@GenerateMetadata' cost while wrapping incremental declarations: 1 ms 
[2026-06-05T12:41:19.544] [DEBUG] debug-file - Incremental task entry:default@GenerateMetadata pre-execution cost: 1 ms .
[2026-06-05T12:41:19.544] [DEBUG] debug-file - entry : default@GenerateMetadata cost memory 0.07390594482421875
[2026-06-05T12:41:19.544] [INFO] debug-file - UP-TO-DATE :entry:default@GenerateMetadata...  
[2026-06-05T12:41:19.544] [DEBUG] debug-file - Executing task :entry:default@ConfigureCmake
[2026-06-05T12:41:19.544] [DEBUG] debug-file - entry : default@ConfigureCmake cost memory 0.0145263671875
[2026-06-05T12:41:19.544] [DEBUG] debug-file - runTaskFromQueue task cost before running: 120 ms 
[2026-06-05T12:41:19.544] [INFO] debug-file - Finished :entry:default@ConfigureCmake... after 1 ms 
[2026-06-05T12:41:19.544] [DEBUG] debug-file - Executing task :entry:default@MergeProfile
[2026-06-05T12:41:19.544] [DEBUG] debug-file - Task 'entry:default@MergeProfile' cost while wrapping incremental declarations: 1 ms 
[2026-06-05T12:41:19.544] [DEBUG] debug-file - Incremental task entry:default@MergeProfile pre-execution cost: 1 ms .
[2026-06-05T12:41:19.544] [DEBUG] debug-file - entry : default@MergeProfile cost memory 0.12433624267578125
[2026-06-05T12:41:19.544] [INFO] debug-file - UP-TO-DATE :entry:default@MergeProfile...  
[2026-06-05T12:41:19.545] [DEBUG] debug-file - Executing task :entry:default@CreateBuildProfile
[2026-06-05T12:41:19.545] [DEBUG] debug-file - Task 'entry:default@CreateBuildProfile' cost while wrapping incremental declarations: 1 ms 
[2026-06-05T12:41:19.545] [DEBUG] debug-file - Incremental task entry:default@CreateBuildProfile pre-execution cost: 1 ms .
[2026-06-05T12:41:19.545] [DEBUG] debug-file - entry : default@CreateBuildProfile cost memory 0.0909881591796875
[2026-06-05T12:41:19.545] [INFO] debug-file - UP-TO-DATE :entry:default@CreateBuildProfile...  
[2026-06-05T12:41:19.545] [DEBUG] debug-file - Executing task :entry:default@PreCheckSyscap
[2026-06-05T12:41:19.545] [DEBUG] debug-file - entry : default@PreCheckSyscap cost memory 0.01474761962890625
[2026-06-05T12:41:19.545] [DEBUG] debug-file - runTaskFromQueue task cost before running: 121 ms 
[2026-06-05T12:41:19.545] [INFO] debug-file - Finished :entry:default@PreCheckSyscap... after 1 ms 
[2026-06-05T12:41:19.545] [DEBUG] debug-file - Executing task :entry:default@GeneratePkgContextInfo
[2026-06-05T12:41:19.547] [DEBUG] debug-file - Task 'entry:default@GeneratePkgContextInfo' cost while wrapping incremental declarations: 1 ms 
[2026-06-05T12:41:19.547] [DEBUG] debug-file - Incremental task entry:default@GeneratePkgContextInfo pre-execution cost: 1 ms .
[2026-06-05T12:41:19.547] [DEBUG] debug-file - entry : default@GeneratePkgContextInfo cost memory 0.32659149169921875
[2026-06-05T12:41:19.547] [INFO] debug-file - UP-TO-DATE :entry:default@GeneratePkgContextInfo...  
[2026-06-05T12:41:19.547] [DEBUG] debug-file - Executing task :entry:default@GeneratePkgSdkInfo
[2026-06-05T12:41:19.547] [DEBUG] debug-file - Task 'entry:default@GeneratePkgSdkInfo' cost while wrapping incremental declarations: 1 ms 
[2026-06-05T12:41:19.547] [DEBUG] debug-file - entry : default@GeneratePkgSdkInfo cost memory 0.11688232421875
[2026-06-05T12:41:19.547] [DEBUG] debug-file - runTaskFromQueue task cost before running: 123 ms 
[2026-06-05T12:41:19.547] [INFO] debug-file - Finished :entry:default@GeneratePkgSdkInfo... after 1 ms 
[2026-06-05T12:41:19.548] [DEBUG] debug-file - Executing task :entry:default@ProcessIntegratedHsp
[2026-06-05T12:41:19.548] [DEBUG] debug-file - entry:default@ProcessIntegratedHsp is not up-to-date, since the output file '/Users/wangyifan/Downloads/harmonyOS/harmonychat-main/build/cache/default/integrated_hsp/integratedHspCache.json' does not exist.
[2026-06-05T12:41:19.548] [DEBUG] debug-file - Incremental task entry:default@ProcessIntegratedHsp pre-execution cost: 1 ms .
[2026-06-05T12:41:19.548] [DEBUG] debug-file - entry : default@ProcessIntegratedHsp cost memory 0.05750274658203125
[2026-06-05T12:41:19.549] [DEBUG] debug-file - runTaskFromQueue task cost before running: 125 ms 
[2026-06-05T12:41:19.549] [INFO] debug-file - Finished :entry:default@ProcessIntegratedHsp... after 2 ms 
[2026-06-05T12:41:19.549] [DEBUG] debug-file - Executing task :entry:default@BuildNativeWithCmake
[2026-06-05T12:41:19.549] [DEBUG] debug-file - entry : default@BuildNativeWithCmake cost memory 0.0145263671875
[2026-06-05T12:41:19.549] [DEBUG] debug-file - runTaskFromQueue task cost before running: 125 ms 
[2026-06-05T12:41:19.549] [INFO] debug-file - Finished :entry:default@BuildNativeWithCmake... after 1 ms 
[2026-06-05T12:41:19.549] [DEBUG] debug-file - Executing task :entry:default@MakePackInfo
[2026-06-05T12:41:19.550] [DEBUG] debug-file - Incremental task entry:default@MakePackInfo pre-execution cost: 1 ms .
[2026-06-05T12:41:19.550] [DEBUG] debug-file - entry : default@MakePackInfo cost memory 0.09685516357421875
[2026-06-05T12:41:19.550] [INFO] debug-file - UP-TO-DATE :entry:default@MakePackInfo...  
[2026-06-05T12:41:19.550] [DEBUG] debug-file - Executing task :entry:default@SyscapTransform
[2026-06-05T12:41:19.550] [DEBUG] debug-file - File: '/Users/wangyifan/Downloads/harmonyOS/harmonychat-main/entry/src/main/syscap.json' from 'sysCapJsonPath' is not exists, just ignore.
[2026-06-05T12:41:19.550] [DEBUG] debug-file - Task 'entry:default@SyscapTransform' cost while wrapping incremental declarations: 1 ms 
[2026-06-05T12:41:19.550] [DEBUG] debug-file - entry:default@SyscapTransform is not up-to-date, since the output file '/Users/wangyifan/Downloads/harmonyOS/harmonychat-main/entry/build/default/intermediates/syscap/default/rpcid.sc' does not exist.
[2026-06-05T12:41:19.550] [DEBUG] debug-file - Incremental task entry:default@SyscapTransform pre-execution cost: 1 ms .
[2026-06-05T12:41:19.550] [DEBUG] debug-file - entry : default@SyscapTransform cost memory 0.10820770263671875
[2026-06-05T12:41:19.550] [DEBUG] debug-file - runTaskFromQueue task cost before running: 127 ms 
[2026-06-05T12:41:19.550] [INFO] debug-file - Finished :entry:default@SyscapTransform... after 1 ms 
[2026-06-05T12:41:19.551] [DEBUG] debug-file - Executing task :entry:default@ProcessProfile
[2026-06-05T12:41:19.551] [DEBUG] debug-file - Task 'entry:default@ProcessProfile' cost while wrapping incremental declarations: 1 ms 
[2026-06-05T12:41:19.551] [DEBUG] debug-file - Incremental task entry:default@ProcessProfile pre-execution cost: 1 ms .
[2026-06-05T12:41:19.551] [DEBUG] debug-file - entry : default@ProcessProfile cost memory 0.12139892578125
[2026-06-05T12:41:19.551] [INFO] debug-file - UP-TO-DATE :entry:default@ProcessProfile...  
[2026-06-05T12:41:19.551] [DEBUG] debug-file - Executing task :entry:default@ProcessRouterMap
[2026-06-05T12:41:19.552] [DEBUG] debug-file - Incremental task entry:default@ProcessRouterMap pre-execution cost: 1 ms .
[2026-06-05T12:41:19.552] [DEBUG] debug-file - entry : default@ProcessRouterMap cost memory 0.14670562744140625
[2026-06-05T12:41:19.552] [INFO] debug-file - UP-TO-DATE :entry:default@ProcessRouterMap...  
[2026-06-05T12:41:19.552] [DEBUG] debug-file - Executing task :entry:default@ProcessShareConfig
[2026-06-05T12:41:19.552] [DEBUG] debug-file - Incremental task entry:default@ProcessShareConfig pre-execution cost: 1 ms .
[2026-06-05T12:41:19.552] [DEBUG] debug-file - entry : default@ProcessShareConfig cost memory 0.12612152099609375
[2026-06-05T12:41:19.552] [INFO] debug-file - UP-TO-DATE :entry:default@ProcessShareConfig...  
[2026-06-05T12:41:19.552] [DEBUG] debug-file - Executing task :entry:default@ProcessStartupConfig
[2026-06-05T12:41:19.553] [DEBUG] debug-file - Task 'entry:default@ProcessStartupConfig' cost while wrapping incremental declarations: 1 ms 
[2026-06-05T12:41:19.553] [DEBUG] debug-file - entry:default@ProcessStartupConfig is not up-to-date, since the output file '/Users/wangyifan/Downloads/harmonyOS/harmonychat-main/entry/build/default/intermediates/startup/default/startup_config.json' does not exist.
[2026-06-05T12:41:19.553] [DEBUG] debug-file - Incremental task entry:default@ProcessStartupConfig pre-execution cost: 1 ms .
[2026-06-05T12:41:19.553] [DEBUG] debug-file - entry : default@ProcessStartupConfig cost memory 0.139404296875
[2026-06-05T12:41:19.553] [DEBUG] debug-file - runTaskFromQueue task cost before running: 129 ms 
[2026-06-05T12:41:19.553] [INFO] debug-file - Finished :entry:default@ProcessStartupConfig... after 1 ms 
[2026-06-05T12:41:19.553] [DEBUG] debug-file - Executing task :entry:default@BuildNativeWithNinja
[2026-06-05T12:41:19.553] [DEBUG] debug-file - entry : default@BuildNativeWithNinja cost memory 0.02019500732421875
[2026-06-05T12:41:19.553] [DEBUG] debug-file - runTaskFromQueue task cost before running: 129 ms 
[2026-06-05T12:41:19.553] [INFO] debug-file - Finished :entry:default@BuildNativeWithNinja... after 1 ms 
[2026-06-05T12:41:19.553] [DEBUG] debug-file - restool module names: entry; moduleName=entry, taskName=default@ProcessResource
[2026-06-05T12:41:19.554] [DEBUG] debug-file - Executing task :entry:default@ProcessResource
[2026-06-05T12:41:19.554] [DEBUG] debug-file - Task 'entry:default@ProcessResource' cost while wrapping incremental declarations: 1 ms 
[2026-06-05T12:41:19.554] [DEBUG] debug-file - Incremental task entry:default@ProcessResource pre-execution cost: 1 ms .
[2026-06-05T12:41:19.554] [DEBUG] debug-file - entry : default@ProcessResource cost memory 0.1282501220703125
[2026-06-05T12:41:19.554] [INFO] debug-file - UP-TO-DATE :entry:default@ProcessResource...  
[2026-06-05T12:41:19.555] [DEBUG] debug-file - Executing task :entry:default@GenerateLoaderJson
[2026-06-05T12:41:19.555] [DEBUG] debug-file - Task 'entry:default@GenerateLoaderJson' cost while wrapping incremental declarations: 1 ms 
[2026-06-05T12:41:19.557] [DEBUG] debug-file - Incremental task entry:default@GenerateLoaderJson pre-execution cost: 2 ms .
[2026-06-05T12:41:19.557] [DEBUG] debug-file - entry : default@GenerateLoaderJson cost memory 0.5298385620117188
[2026-06-05T12:41:19.559] [INFO] debug-file - UP-TO-DATE :entry:default@GenerateLoaderJson...  
[2026-06-05T12:41:19.560] [DEBUG] debug-file - Executing task :entry:default@ProcessLibs
[2026-06-05T12:41:19.561] [DEBUG] debug-file - Incremental task entry:default@ProcessLibs pre-execution cost: 1 ms .
[2026-06-05T12:41:19.561] [DEBUG] debug-file - entry : default@ProcessLibs cost memory 0.16237640380859375
[2026-06-05T12:41:19.561] [INFO] debug-file - UP-TO-DATE :entry:default@ProcessLibs...  
[2026-06-05T12:41:19.561] [DEBUG] debug-file - restool module names: entry; moduleName=entry, taskName=default@CompileResource
[2026-06-05T12:41:19.561] [DEBUG] debug-file - Executing task :entry:default@CompileResource
[2026-06-05T12:41:19.565] [DEBUG] debug-file - Incremental task entry:default@CompileResource pre-execution cost: 3 ms .
[2026-06-05T12:41:19.565] [DEBUG] debug-file - entry : default@CompileResource cost memory 0.5924835205078125
[2026-06-05T12:41:19.565] [INFO] debug-file - UP-TO-DATE :entry:default@CompileResource...  
[2026-06-05T12:41:19.566] [DEBUG] debug-file - Executing task :entry:default@DoNativeStrip
[2026-06-05T12:41:19.566] [DEBUG] debug-file - File: '/Users/wangyifan/Downloads/harmonyOS/harmonychat-main/entry/build/default/intermediates/binxo/default' from 'doBinxoNativeLibs' is not exists, just ignore.
[2026-06-05T12:41:19.566] [DEBUG] debug-file - Task 'entry:default@DoNativeStrip' cost while wrapping incremental declarations: 1 ms 
[2026-06-05T12:41:19.566] [DEBUG] debug-file - Incremental task entry:default@DoNativeStrip pre-execution cost: 1 ms .
[2026-06-05T12:41:19.566] [DEBUG] debug-file - entry : default@DoNativeStrip cost memory 0.0767822265625
[2026-06-05T12:41:19.566] [INFO] debug-file - UP-TO-DATE :entry:default@DoNativeStrip...  
[2026-06-05T12:41:19.566] [DEBUG] debug-file - Executing task :entry:default@CompileArkTS
[2026-06-05T12:41:19.566] [DEBUG] debug-file - obfuscationOptions: undefined
[2026-06-05T12:41:19.567] [DEBUG] debug-file - Task 'entry:default@CompileArkTS' cost while wrapping incremental declarations: 1 ms 
[2026-06-05T12:41:19.572] [DEBUG] debug-file - Incremental task entry:default@CompileArkTS pre-execution cost: 5 ms .
[2026-06-05T12:41:19.572] [DEBUG] debug-file - entry : default@CompileArkTS cost memory -3.8345870971679688
[2026-06-05T12:41:19.572] [INFO] debug-file - UP-TO-DATE :entry:default@CompileArkTS...  
[2026-06-05T12:41:19.573] [DEBUG] debug-file - Executing task :entry:default@BuildJS
[2026-06-05T12:41:19.573] [DEBUG] debug-file - Task 'entry:default@BuildJS' cost while wrapping incremental declarations: 1 ms 
[2026-06-05T12:41:19.573] [DEBUG] debug-file - entry : default@BuildJS cost memory 0.13954925537109375
[2026-06-05T12:41:19.573] [DEBUG] debug-file - runTaskFromQueue task cost before running: 149 ms 
[2026-06-05T12:41:19.573] [INFO] debug-file - Finished :entry:default@BuildJS... after 1 ms 
[2026-06-05T12:41:19.573] [DEBUG] debug-file - Executing task :entry:default@CacheNativeLibs
[2026-06-05T12:41:19.573] [DEBUG] debug-file - File: '/Users/wangyifan/Downloads/harmonyOS/harmonychat-main/entry/build/default/intermediates/binxo/default' from 'cacheBinxoNativeLibs' is not exists, just ignore.
[2026-06-05T12:41:19.573] [DEBUG] debug-file - Task 'entry:default@CacheNativeLibs' cost while wrapping incremental declarations: 1 ms 
[2026-06-05T12:41:19.574] [DEBUG] debug-file - Incremental task entry:default@CacheNativeLibs pre-execution cost: 1 ms .
[2026-06-05T12:41:19.574] [DEBUG] debug-file - entry : default@CacheNativeLibs cost memory 0.089141845703125
[2026-06-05T12:41:19.574] [INFO] debug-file - UP-TO-DATE :entry:default@CacheNativeLibs...  
[2026-06-05T12:41:19.574] [DEBUG] debug-file - Executing task :entry:default@GeneratePkgModuleJson
[2026-06-05T12:41:19.574] [DEBUG] debug-file - File: '/Users/wangyifan/Downloads/harmonyOS/harmonychat-main/entry/build/default/intermediates/preload/default/preload.json' from 'preloadSoJsonPath' is not exists, just ignore.
[2026-06-05T12:41:19.574] [DEBUG] debug-file - Error occurs while handling @Input 'shouldDeduplicateHar': The "data" argument must be of type string or an instance of Buffer, TypedArray, or DataView. Received undefined
[2026-06-05T12:41:19.574] [DEBUG] debug-file - Task 'entry:default@GeneratePkgModuleJson' cost while wrapping incremental declarations: 1 ms 
[2026-06-05T12:41:19.574] [DEBUG] debug-file - Incremental task entry:default@GeneratePkgModuleJson pre-execution cost: 1 ms .
[2026-06-05T12:41:19.574] [DEBUG] debug-file - entry : default@GeneratePkgModuleJson cost memory 0.08908843994140625
[2026-06-05T12:41:19.574] [INFO] debug-file - UP-TO-DATE :entry:default@GeneratePkgModuleJson...  
[2026-06-05T12:41:19.574] [DEBUG] debug-file - Executing task :entry:default@ProcessCompiledResources
[2026-06-05T12:41:19.574] [DEBUG] debug-file - File: '/Users/wangyifan/Downloads/harmonyOS/harmonychat-main/entry/build/default/intermediates/preload/default/preload.json' from 'preloadSoJsonPath' is not exists, just ignore.
[2026-06-05T12:41:19.574] [DEBUG] debug-file - Task 'entry:default@ProcessCompiledResources' cost while wrapping incremental declarations: 1 ms 
[2026-06-05T12:41:19.574] [DEBUG] debug-file - entry : default@ProcessCompiledResources cost memory 0.0570831298828125
[2026-06-05T12:41:19.574] [DEBUG] debug-file - runTaskFromQueue task cost before running: 151 ms 
[2026-06-05T12:41:19.574] [INFO] debug-file - Finished :entry:default@ProcessCompiledResources... after 1 ms 
[2026-06-05T12:41:19.575] [DEBUG] debug-file - Executing task :entry:default@PackageHap
[2026-06-05T12:41:19.576] [DEBUG] debug-file - Incremental task entry:default@PackageHap pre-execution cost: 1 ms .
[2026-06-05T12:41:19.576] [DEBUG] debug-file - entry : default@PackageHap cost memory 0.329315185546875
[2026-06-05T12:41:19.576] [INFO] debug-file - UP-TO-DATE :entry:default@PackageHap...  
[2026-06-05T12:41:19.576] [DEBUG] debug-file - Executing task :entry:default@PackingCheck
[2026-06-05T12:41:19.577] [DEBUG] debug-file - entry : default@PackingCheck cost memory 0.37770843505859375
[2026-06-05T12:41:19.577] [DEBUG] debug-file - runTaskFromQueue task cost before running: 154 ms 
[2026-06-05T12:41:19.577] [INFO] debug-file - Finished :entry:default@PackingCheck... after 2 ms 
[2026-06-05T12:41:19.578] [DEBUG] debug-file - Executing task :entry:default@SignHap
[2026-06-05T12:41:19.578] [WARN] debug-file - Will skip sign 'hos_hap'. No signingConfigs profile is configured in current project.
             If needed, configure the signingConfigs in /Users/wangyifan/Downloads/harmonyOS/harmonychat-main/build-profile.json5.
[2026-06-05T12:41:19.578] [DEBUG] debug-file - entry:default@SignHap is not up-to-date, since the output file '/Users/wangyifan/Downloads/harmonyOS/harmonychat-main/entry/build/default/outputs/default/entry-default-signed.hap' does not exist.
[2026-06-05T12:41:19.578] [DEBUG] debug-file - Incremental task entry:default@SignHap pre-execution cost: 1 ms .
[2026-06-05T12:41:19.578] [DEBUG] debug-file - entry : default@SignHap cost memory 0.077117919921875
[2026-06-05T12:41:19.578] [DEBUG] debug-file - runTaskFromQueue task cost before running: 154 ms 
[2026-06-05T12:41:19.578] [INFO] debug-file - Finished :entry:default@SignHap... after 1 ms 
[2026-06-05T12:41:19.578] [DEBUG] debug-file - Executing task :entry:default@CollectDebugSymbol
[2026-06-05T12:41:19.578] [DEBUG] debug-file - entry : default@CollectDebugSymbol cost memory 0.089599609375
[2026-06-05T12:41:19.578] [DEBUG] debug-file - runTaskFromQueue task cost before running: 155 ms 
[2026-06-05T12:41:19.578] [INFO] debug-file - Finished :entry:default@CollectDebugSymbol... after 1 ms 
[2026-06-05T12:41:19.578] [DEBUG] debug-file - Executing task :entry:assembleHap
[2026-06-05T12:41:19.578] [DEBUG] debug-file - entry : assembleHap cost memory 0.012725830078125
[2026-06-05T12:41:19.578] [DEBUG] debug-file - runTaskFromQueue task cost before running: 155 ms 
[2026-06-05T12:41:19.579] [INFO] debug-file - Finished :entry:assembleHap... after 1 ms 
[2026-06-05T12:41:19.579] [INFO] debug-file - BUILD SUCCESSFUL in 155 ms 
[2026-06-05T12:41:19.579] [DEBUG] debug-file - Update task entry:default@PreBuild input file:/Users/wangyifan/Downloads/harmonyOS/harmonychat-main/AppScope/app.json5 cache by regenerate.
[2026-06-05T12:41:19.579] [DEBUG] debug-file - Update task entry:default@PreBuild input file:/Users/wangyifan/Downloads/harmonyOS/harmonychat-main/entry/src/main/module.json5 cache by regenerate.
[2026-06-05T12:41:19.579] [DEBUG] debug-file - Update task entry:default@PreBuild input file:/Users/wangyifan/Downloads/harmonyOS/harmonychat-main/build-profile.json5 cache by regenerate.
[2026-06-05T12:41:19.579] [DEBUG] debug-file - Update task entry:default@PreBuild input file:/Users/wangyifan/Downloads/harmonyOS/harmonychat-main/entry/build-profile.json5 cache by regenerate.
[2026-06-05T12:41:19.579] [DEBUG] debug-file - Update task entry:default@PreBuild input file:/Users/wangyifan/Downloads/harmonyOS/harmonychat-main/entry/src/main/resources/base/profile/main_pages.json cache by regenerate.
[2026-06-05T12:41:19.579] [DEBUG] debug-file - Update task entry:default@PreBuild input file:/Users/wangyifan/Downloads/harmonyOS/harmonychat-main/hvigor/hvigor-config.json5 cache by regenerate.
[2026-06-05T12:41:19.579] [DEBUG] debug-file - Update task entry:default@PreBuild input file:/Users/wangyifan/Downloads/harmonyOS/harmonychat-main/entry/oh-package.json5 cache by regenerate.
[2026-06-05T12:41:19.579] [DEBUG] debug-file - Update task entry:default@PreBuild input file:/Users/wangyifan/Downloads/harmonyOS/harmonychat-main/oh-package.json5 cache by regenerate.
[2026-06-05T12:41:19.579] [DEBUG] debug-file - Incremental task entry:default@PreBuild post-execution cost:1 ms .
[2026-06-05T12:41:19.579] [DEBUG] debug-file - Update task entry:default@CreateModuleInfo output file:/Users/wangyifan/Downloads/harmonyOS/harmonychat-main/entry/build/default/generated/profile/default/ModuleInfo.ts cache.
[2026-06-05T12:41:19.579] [DEBUG] debug-file - Incremental task entry:default@CreateModuleInfo post-execution cost:1 ms .
[2026-06-05T12:41:19.579] [DEBUG] debug-file - There is no need to refresh cache, since the incremental task entry:default@GenerateMetadata is up-to-date.
[2026-06-05T12:41:19.579] [DEBUG] debug-file - There is no need to refresh cache, since the incremental task entry:default@MergeProfile is up-to-date.
[2026-06-05T12:41:19.579] [DEBUG] debug-file - There is no need to refresh cache, since the incremental task entry:default@CreateBuildProfile is up-to-date.
[2026-06-05T12:41:19.579] [DEBUG] debug-file - There is no need to refresh cache, since the incremental task entry:default@GeneratePkgContextInfo is up-to-date.
[2026-06-05T12:41:19.579] [DEBUG] debug-file - Update task entry:default@GeneratePkgSdkInfo output file:/Users/wangyifan/Downloads/harmonyOS/harmonychat-main/entry/build/default/intermediates/loader/default/pkgSdkInfo.json cache.
[2026-06-05T12:41:19.579] [DEBUG] debug-file - Incremental task entry:default@GeneratePkgSdkInfo post-execution cost:1 ms .
[2026-06-05T12:41:19.579] [DEBUG] debug-file - Update task entry:default@ProcessIntegratedHsp output file:/Users/wangyifan/Downloads/harmonyOS/harmonychat-main/build/cache/default/integrated_hsp/integratedHspCache.json cache.
[2026-06-05T12:41:19.579] [DEBUG] debug-file - Incremental task entry:default@ProcessIntegratedHsp post-execution cost:1 ms .
[2026-06-05T12:41:19.579] [DEBUG] debug-file - There is no need to refresh cache, since the incremental task entry:default@MakePackInfo is up-to-date.
[2026-06-05T12:41:19.579] [DEBUG] debug-file - Update task entry:default@SyscapTransform input file:/Applications/DevEco-Studio.app/Contents/sdk/default/openharmony/toolchains/syscap_tool cache by regenerate.
[2026-06-05T12:41:19.579] [DEBUG] debug-file - Update task entry:default@SyscapTransform input file:/Applications/DevEco-Studio.app/Contents/sdk/default/openharmony/ets/api/device-define cache by regenerate.
[2026-06-05T12:41:19.580] [DEBUG] debug-file - Update task entry:default@SyscapTransform output file:/Users/wangyifan/Downloads/harmonyOS/harmonychat-main/entry/build/default/intermediates/syscap/default/rpcid.sc cache.
[2026-06-05T12:41:19.580] [DEBUG] debug-file - Incremental task entry:default@SyscapTransform post-execution cost:1 ms .
[2026-06-05T12:41:19.580] [DEBUG] debug-file - There is no need to refresh cache, since the incremental task entry:default@ProcessProfile is up-to-date.
[2026-06-05T12:41:19.580] [DEBUG] debug-file - There is no need to refresh cache, since the incremental task entry:default@ProcessRouterMap is up-to-date.
[2026-06-05T12:41:19.580] [DEBUG] debug-file - There is no need to refresh cache, since the incremental task entry:default@ProcessShareConfig is up-to-date.
[2026-06-05T12:41:19.580] [DEBUG] debug-file - Update task entry:default@ProcessStartupConfig input file:/Users/wangyifan/Downloads/harmonyOS/harmonychat-main/entry/build/default/intermediates/loader/default/pkgContextInfo.json cache by regenerate.
[2026-06-05T12:41:19.580] [DEBUG] debug-file - Update task entry:default@ProcessStartupConfig output file:/Users/wangyifan/Downloads/harmonyOS/harmonychat-main/entry/build/default/intermediates/startup/default/startup_config.json cache.
[2026-06-05T12:41:19.580] [DEBUG] debug-file - Incremental task entry:default@ProcessStartupConfig post-execution cost:1 ms .
[2026-06-05T12:41:19.580] [DEBUG] debug-file - There is no need to refresh cache, since the incremental task entry:default@ProcessResource is up-to-date.
[2026-06-05T12:41:19.580] [DEBUG] debug-file - There is no need to refresh cache, since the incremental task entry:default@GenerateLoaderJson is up-to-date.
[2026-06-05T12:41:19.580] [DEBUG] debug-file - There is no need to refresh cache, since the incremental task entry:default@ProcessLibs is up-to-date.
[2026-06-05T12:41:19.580] [DEBUG] debug-file - There is no need to refresh cache, since the incremental task entry:default@CompileResource is up-to-date.
[2026-06-05T12:41:19.580] [DEBUG] debug-file - There is no need to refresh cache, since the incremental task entry:default@DoNativeStrip is up-to-date.
[2026-06-05T12:41:19.580] [DEBUG] debug-file - There is no need to refresh cache, since the incremental task entry:default@CompileArkTS is up-to-date.
[2026-06-05T12:41:19.580] [DEBUG] debug-file - Update task entry:default@BuildJS input file:/Users/wangyifan/Downloads/harmonyOS/harmonychat-main/entry/build/default/intermediates/loader/default cache by regenerate.
[2026-06-05T12:41:19.580] [DEBUG] debug-file - Update task entry:default@BuildJS input file:/Users/wangyifan/Downloads/harmonyOS/harmonychat-main/entry/build/default/intermediates/res/default/resources/rawfile cache by regenerate.
[2026-06-05T12:41:19.580] [DEBUG] debug-file - Update task entry:default@BuildJS input file:/Users/wangyifan/Downloads/harmonyOS/harmonychat-main/entry/build/default/intermediates/res/default/ResourceTable.txt cache by regenerate.
[2026-06-05T12:41:19.580] [DEBUG] debug-file - Update task entry:default@BuildJS input file:/Users/wangyifan/Downloads/harmonyOS/harmonychat-main/entry/build/default/intermediates/res/default/ark_module.json cache by regenerate.
[2026-06-05T12:41:19.580] [DEBUG] debug-file - Update task entry:default@BuildJS input file:/Users/wangyifan/Downloads/harmonyOS/harmonychat-main/entry/build/default/intermediates/res/default/resources/base/profile cache by regenerate.
[2026-06-05T12:41:19.580] [DEBUG] debug-file - Update task entry:default@BuildJS input file:/Users/wangyifan/Downloads/harmonyOS/harmonychat-main/entry/build/default/intermediates/loader/default/pkgContextInfo.json cache by regenerate.
[2026-06-05T12:41:19.580] [DEBUG] debug-file - Update task entry:default@BuildJS output file:/Users/wangyifan/Downloads/harmonyOS/harmonychat-main/entry/build/default/intermediates/loader_out/default/js cache.
[2026-06-05T12:41:19.580] [DEBUG] debug-file - Incremental task entry:default@BuildJS post-execution cost:1 ms .
[2026-06-05T12:41:19.580] [DEBUG] debug-file - There is no need to refresh cache, since the incremental task entry:default@CacheNativeLibs is up-to-date.
[2026-06-05T12:41:19.580] [DEBUG] debug-file - There is no need to refresh cache, since the incremental task entry:default@GeneratePkgModuleJson is up-to-date.
[2026-06-05T12:41:19.580] [DEBUG] debug-file - Incremental task entry:default@ProcessCompiledResources post-execution cost:1 ms .
[2026-06-05T12:41:19.580] [DEBUG] debug-file - There is no need to refresh cache, since the incremental task entry:default@PackageHap is up-to-date.
[2026-06-05T12:41:19.581] [DEBUG] debug-file - Update task entry:default@SignHap input file:/Users/wangyifan/Downloads/harmonyOS/harmonychat-main/entry/build/default/outputs/default/entry-default-unsigned.hap cache by regenerate.
[2026-06-05T12:41:19.581] [DEBUG] debug-file - Update task entry:default@SignHap output file:/Users/wangyifan/Downloads/harmonyOS/harmonychat-main/entry/build/default/outputs/default/entry-default-signed.hap cache.
[2026-06-05T12:41:19.581] [DEBUG] debug-file - Incremental task entry:default@SignHap post-execution cost:1 ms .
[2026-06-05T12:41:19.581] [DEBUG] debug-file - Update task entry:default@CollectDebugSymbol input file:/Users/wangyifan/Downloads/harmonyOS/harmonychat-main/entry/build/default/intermediates/loader_out/default/ets/sourceMaps.map cache by regenerate.
[2026-06-05T12:41:19.581] [DEBUG] debug-file - Update task entry:default@CollectDebugSymbol input file:/Users/wangyifan/Downloads/harmonyOS/harmonychat-main/entry/build/default/intermediates/libs/default cache by regenerate.
[2026-06-05T12:41:19.581] [DEBUG] debug-file - Update task entry:default@CollectDebugSymbol output file:/Users/wangyifan/Downloads/harmonyOS/harmonychat-main/entry/build/default/outputs/default/symbol cache.
[2026-06-05T12:41:19.581] [DEBUG] debug-file - Incremental task entry:default@CollectDebugSymbol post-execution cost:1 ms .
[2026-06-05T12:41:19.585] [DEBUG] debug-file - hvigor build process will be closed.
[2026-06-05T12:41:19.616] [DEBUG] debug-file - session manager: send message to worker process.
[2026-06-05T12:41:19.616] [DEBUG] debug-file - session manager: send message to worker process.
[2026-06-05T12:41:19.617] [DEBUG] debug-file - watch worker: worker id should be larger than 0. Nothing will be sent to any worker thread.
[2026-06-05T12:41:19.617] [DEBUG] debug-file - watch worker: worker id should be larger than 0. Nothing will be sent to any worker thread.
[2026-06-05T12:48:25.282] [DEBUG] debug-file - env: nodejsVersion=v18.20.1
[2026-06-05T12:48:25.292] [DEBUG] debug-file - env: daemon=true
[2026-06-05T12:48:25.283] [DEBUG] debug-file - env: hvigor-config.json5 content = {
  modelVersion: '5.0.1',
  dependencies: {},
  execution: {},
  logging: {},
  debugging: {},
  nodeOptions: {}
}
[2026-06-05T12:48:25.450] [DEBUG] debug-file - session manager: set active socket. socketId=g0p6pVe_nbJ06LadAAAH
[2026-06-05T12:48:25.454] [DEBUG] debug-file - watch worker: worker id should be larger than 0. Nothing will be sent to any worker thread.
[2026-06-05T12:48:25.461] [DEBUG] debug-file - Workers' log level updated to INFO
[2026-06-05T12:48:25.464] [DEBUG] debug-file - Hvigor init with startParameters:{
  hvigorfileTypeCheck: false,
  parallelExecution: true,
  incrementalExecution: true,
  printStackTrace: false,
  daemon: true,
  analyze: 0,
  logLevel: Level { level: 20000, levelStr: 'INFO', colour: 'green' },
  optimizationStrategy: 'memory',
  hotCompile: undefined,
  hotReloadBuild: undefined,
  customizedParam: undefined
}
[2026-06-05T12:48:25.467] [DEBUG] debug-file - Cache service initialization finished in 4 ms 
[2026-06-05T12:48:25.468] [DEBUG] debug-file - hvigorfile, resolving /Users/wangyifan/Downloads/harmonyOS/harmonychat-main/hvigorfile.ts
[2026-06-05T12:48:25.507] [DEBUG] debug-file - hvigorfile, require result:  { default: { plugins: [] } }
[2026-06-05T12:48:25.507] [DEBUG] debug-file - hvigorfile, binding system plugins null
[2026-06-05T12:48:25.507] [DEBUG] debug-file - Starting plugin build process
[2026-06-05T12:48:25.507] [DEBUG] debug-file - App plugin prepare start...
[2026-06-05T12:48:25.507] [DEBUG] debug-file - App plugin prepare end...
[2026-06-05T12:48:25.507] [DEBUG] debug-file - App plugin creating...
[2026-06-05T12:48:25.515] [DEBUG] debug-file - App plugin register hook start...
[2026-06-05T12:48:25.515] [DEBUG] debug-file - App plugin register hook end...
[2026-06-05T12:48:25.515] [DEBUG] debug-file - Plugin build process completed
[2026-06-05T12:48:25.515] [DEBUG] debug-file - Start initialize project's product build option map with build mode debug.
[2026-06-05T12:48:25.515] [DEBUG] debug-file - Picking option from product 'default' with build mode 'debug'.
[2026-06-05T12:48:25.515] [DEBUG] debug-file - Product 'default' build option initialized
[2026-06-05T12:48:25.515] [DEBUG] debug-file - End initialize project's product build option map with build mode 'debug'.
[2026-06-05T12:48:25.515] [DEBUG] debug-file - Obtain build option for product 'default'in this build.
[2026-06-05T12:48:25.516] [DEBUG] debug-file - No signingConfig found, initRemoteHspCache failed.
[2026-06-05T12:48:25.517] [DEBUG] debug-file - Start recording SDK configuration permission data.
[2026-06-05T12:48:25.531] [DEBUG] debug-file - Sdk init in 15 ms 
[2026-06-05T12:48:25.532] [DEBUG] debug-file - Project task initialization takes 2 ms 
[2026-06-05T12:48:25.533] [DEBUG] debug-file - hvigorfile, begin to bind custom plugins...
[2026-06-05T12:48:25.533] [DEBUG] debug-file - hvigorfile, no custom plugins were found in /Users/wangyifan/Downloads/harmonyOS/harmonychat-main/hvigorfile.ts
[2026-06-05T12:48:25.533] [DEBUG] debug-file - hvigorfile, resolve finished /Users/wangyifan/Downloads/harmonyOS/harmonychat-main/hvigorfile.ts
[2026-06-05T12:48:25.533] [DEBUG] debug-file - hvigorfile, resolving /Users/wangyifan/Downloads/harmonyOS/harmonychat-main/entry/hvigorfile.ts
[2026-06-05T12:48:25.534] [DEBUG] debug-file - hvigorfile, require result:  { default: { plugins: [] } }
[2026-06-05T12:48:25.534] [DEBUG] debug-file - hvigorfile, binding system plugins null
[2026-06-05T12:48:25.534] [DEBUG] debug-file - Starting plugin build process
[2026-06-05T12:48:25.534] [DEBUG] debug-file - Hap plugin creating...
[2026-06-05T12:48:25.535] [DEBUG] debug-file - failed to load cangjie to dynamically generate schemas: Error: Cannot find module '@ohos/cangjie-build-support/index'
Require stack:
- /Applications/DevEco-Studio.app/Contents/tools/hvigor/hvigor-ohos-plugin/src/plugin/hooks/cangjie-register.js
- /Applications/DevEco-Studio.app/Contents/tools/hvigor/hvigor-ohos-plugin/src/plugin/strategy/stage-init-strategy.js
- /Applications/DevEco-Studio.app/Contents/tools/hvigor/hvigor-ohos-plugin/src/plugin/builder/abstract-plugin-builder.js
- /Applications/DevEco-Studio.app/Contents/tools/hvigor/hvigor-ohos-plugin/src/plugin/builder/app-plugin-builder.js
- /Applications/DevEco-Studio.app/Contents/tools/hvigor/hvigor-ohos-plugin/src/plugin/factory/plugin-factory.js
- /Applications/DevEco-Studio.app/Contents/tools/hvigor/hvigor-ohos-plugin/index.js
- /Users/wangyifan/Downloads/harmonyOS/harmonychat-main/hvigorfile.ts
- /Applications/DevEco-Studio.app/Contents/tools/hvigor/hvigor/src/base/internal/lifecycle/configuration.js
- /Applications/DevEco-Studio.app/Contents/tools/hvigor/hvigor/src/base/boot/index.js
- /Applications/DevEco-Studio.app/Contents/tools/hvigor/hvigor/src/base/daemon/cluster/worker-process-lifecycle.js
- /Applications/DevEco-Studio.app/Contents/tools/hvigor/hvigor/src/base/daemon/process/daemon-process-boot-script.js
[2026-06-05T12:48:25.538] [DEBUG] debug-file - Start initialize module-target build option map, moduleName=entry, buildMode=debug
[2026-06-05T12:48:25.538] [DEBUG] debug-file - Target 'default' config initialized
[2026-06-05T12:48:25.538] [DEBUG] debug-file - Module 'entry' target 'default' build option initialized
[2026-06-05T12:48:25.538] [DEBUG] debug-file - End initialize module-target build option map, moduleName=entry
[2026-06-05T12:48:25.538] [DEBUG] debug-file - Start initialize module-target build option map, moduleName=entry, buildMode=release
[2026-06-05T12:48:25.538] [DEBUG] debug-file - Target 'default' config initialized
[2026-06-05T12:48:25.538] [DEBUG] debug-file - Module 'entry' target 'default' build option initialized
[2026-06-05T12:48:25.538] [DEBUG] debug-file - End initialize module-target build option map, moduleName=entry
[2026-06-05T12:48:25.538] [DEBUG] debug-file - Start initialize module-target build option map, moduleName=entry, buildMode=debug
[2026-06-05T12:48:25.538] [DEBUG] debug-file - Target 'default' config initialized
[2026-06-05T12:48:25.538] [DEBUG] debug-file - Module 'entry' target 'default' build option initialized
[2026-06-05T12:48:25.538] [DEBUG] debug-file - End initialize module-target build option map, moduleName=entry
[2026-06-05T12:48:25.538] [DEBUG] debug-file - Obtain build option for module 'entry' target 'default'in this build.
[2026-06-05T12:48:25.540] [DEBUG] debug-file - Module entry task initialization takes 2 ms 
[2026-06-05T12:48:25.540] [DEBUG] debug-file - Hap plugin register hook start...
[2026-06-05T12:48:25.540] [DEBUG] debug-file - Hap plugin register hook end...
[2026-06-05T12:48:25.540] [DEBUG] debug-file - Plugin build process completed
[2026-06-05T12:48:25.540] [DEBUG] debug-file - hvigorfile, begin to bind custom plugins...
[2026-06-05T12:48:25.540] [DEBUG] debug-file - hvigorfile, no custom plugins were found in /Users/wangyifan/Downloads/harmonyOS/harmonychat-main/entry/hvigorfile.ts
[2026-06-05T12:48:25.541] [DEBUG] debug-file - hvigorfile, resolve finished /Users/wangyifan/Downloads/harmonyOS/harmonychat-main/entry/hvigorfile.ts
[2026-06-05T12:48:25.578] [DEBUG] debug-file - hvigorfile, resolve hvigorfile dependencies in 38 ms 
[2026-06-05T12:48:25.578] [DEBUG] debug-file - project has submodules:entry
[2026-06-05T12:48:25.579] [DEBUG] debug-file - start to load updatedOhPackageInfo to the disk
[2026-06-05T12:48:25.580] [DEBUG] debug-file - load to the disk finished
[2026-06-05T12:48:25.580] [DEBUG] debug-file - Start to initialize dependency information.
[2026-06-05T12:48:25.581] [DEBUG] debug-file - Module harmonychat-main Collected Dependency: 
[2026-06-05T12:48:25.581] [DEBUG] debug-file - Module harmonychat-main's total dependency: 0
[2026-06-05T12:48:25.581] [DEBUG] debug-file - Start to initialize dependency information.
[2026-06-05T12:48:25.581] [DEBUG] debug-file - Module entry Collected Dependency: /Users/wangyifan/Downloads/harmonyOS/harmonychat-main/oh_modules/.ohpm/mobileimsdk@hoop830zxxr8xnn6crmdrvjoor6h7alv6wz1iybybxq=/oh_modules/mobileimsdk
[2026-06-05T12:48:25.581] [DEBUG] debug-file - Module entry's total dependency: 1
[2026-06-05T12:48:25.584] [DEBUG] debug-file - Configuration phase cost:117 ms 
[2026-06-05T12:48:25.584] [DEBUG] debug-file - Configuration task cost before running: 123 ms 
[2026-06-05T12:48:25.586] [DEBUG] debug-file - Executing task :entry:default@PreBuild
[2026-06-05T12:48:25.586] [DEBUG] debug-file - Task 'entry:default@PreBuild' cost while wrapping incremental declarations: 1 ms 
[2026-06-05T12:48:25.587] [DEBUG] debug-file - entry:default@PreBuild is not up-to-date, since the task snapshots are different.
[2026-06-05T12:48:25.587] [DEBUG] debug-file - Incremental task entry:default@PreBuild pre-execution cost: 1 ms .
[2026-06-05T12:48:25.595] [DEBUG] debug-file - current product is not Atomic service.
[2026-06-05T12:48:25.595] [DEBUG] debug-file - Use tool [darwin: JAVA_HOME, CLASSPATH]
 [
  {
    JAVA_HOME: '/Applications/DevEco-Studio.app/Contents/jbr/Contents/Home'
  },
  { CLASSPATH: undefined }
]
[2026-06-05T12:48:25.595] [DEBUG] debug-file - Use tool [darwin: NODE_HOME]
 [
  {
    NODE_HOME: '/Applications/DevEco-Studio.app/Contents/tools/node/bin'
  }
]
[2026-06-05T12:48:25.595] [DEBUG] debug-file - entry : default@PreBuild cost memory 1.2276687622070312
[2026-06-05T12:48:25.595] [DEBUG] debug-file - runTaskFromQueue task cost before running: 134 ms 
[2026-06-05T12:48:25.596] [INFO] debug-file - Finished :entry:default@PreBuild... after 10 ms 
[2026-06-05T12:48:25.596] [DEBUG] debug-file - Executing task :entry:default@CreateModuleInfo
[2026-06-05T12:48:25.596] [DEBUG] debug-file - Task 'entry:default@CreateModuleInfo' cost while wrapping incremental declarations: 1 ms 
[2026-06-05T12:48:25.596] [DEBUG] debug-file - entry : default@CreateModuleInfo cost memory 0.0401611328125
[2026-06-05T12:48:25.596] [DEBUG] debug-file - runTaskFromQueue task cost before running: 135 ms 
[2026-06-05T12:48:25.596] [INFO] debug-file - Finished :entry:default@CreateModuleInfo... after 1 ms 
[2026-06-05T12:48:25.596] [DEBUG] debug-file - Executing task :entry:default@GenerateMetadata
[2026-06-05T12:48:25.596] [DEBUG] debug-file - Task 'entry:default@GenerateMetadata' cost while wrapping incremental declarations: 1 ms 
[2026-06-05T12:48:25.597] [DEBUG] debug-file - Incremental task entry:default@GenerateMetadata pre-execution cost: 1 ms .
[2026-06-05T12:48:25.597] [DEBUG] debug-file - entry : default@GenerateMetadata cost memory 0.07372283935546875
[2026-06-05T12:48:25.597] [INFO] debug-file - UP-TO-DATE :entry:default@GenerateMetadata...  
[2026-06-05T12:48:25.597] [DEBUG] debug-file - Executing task :entry:default@ConfigureCmake
[2026-06-05T12:48:25.597] [DEBUG] debug-file - entry : default@ConfigureCmake cost memory 0.0145263671875
[2026-06-05T12:48:25.597] [DEBUG] debug-file - runTaskFromQueue task cost before running: 136 ms 
[2026-06-05T12:48:25.597] [INFO] debug-file - Finished :entry:default@ConfigureCmake... after 1 ms 
[2026-06-05T12:48:25.597] [DEBUG] debug-file - Executing task :entry:default@MergeProfile
[2026-06-05T12:48:25.597] [DEBUG] debug-file - Task 'entry:default@MergeProfile' cost while wrapping incremental declarations: 1 ms 
[2026-06-05T12:48:25.598] [DEBUG] debug-file - Incremental task entry:default@MergeProfile pre-execution cost: 1 ms .
[2026-06-05T12:48:25.598] [DEBUG] debug-file - entry : default@MergeProfile cost memory 0.12424468994140625
[2026-06-05T12:48:25.598] [INFO] debug-file - UP-TO-DATE :entry:default@MergeProfile...  
[2026-06-05T12:48:25.598] [DEBUG] debug-file - Executing task :entry:default@CreateBuildProfile
[2026-06-05T12:48:25.598] [DEBUG] debug-file - Task 'entry:default@CreateBuildProfile' cost while wrapping incremental declarations: 1 ms 
[2026-06-05T12:48:25.598] [DEBUG] debug-file - Incremental task entry:default@CreateBuildProfile pre-execution cost: 1 ms .
[2026-06-05T12:48:25.598] [DEBUG] debug-file - entry : default@CreateBuildProfile cost memory 0.09066009521484375
[2026-06-05T12:48:25.598] [INFO] debug-file - UP-TO-DATE :entry:default@CreateBuildProfile...  
[2026-06-05T12:48:25.598] [DEBUG] debug-file - Executing task :entry:default@PreCheckSyscap
[2026-06-05T12:48:25.599] [DEBUG] debug-file - entry : default@PreCheckSyscap cost memory 0.01474761962890625
[2026-06-05T12:48:25.599] [DEBUG] debug-file - runTaskFromQueue task cost before running: 137 ms 
[2026-06-05T12:48:25.599] [INFO] debug-file - Finished :entry:default@PreCheckSyscap... after 1 ms 
[2026-06-05T12:48:25.599] [DEBUG] debug-file - Executing task :entry:default@GeneratePkgContextInfo
[2026-06-05T12:48:25.600] [DEBUG] debug-file - Task 'entry:default@GeneratePkgContextInfo' cost while wrapping incremental declarations: 1 ms 
[2026-06-05T12:48:25.600] [DEBUG] debug-file - Incremental task entry:default@GeneratePkgContextInfo pre-execution cost: 1 ms .
[2026-06-05T12:48:25.600] [DEBUG] debug-file - entry : default@GeneratePkgContextInfo cost memory 0.58184814453125
[2026-06-05T12:48:25.601] [INFO] debug-file - UP-TO-DATE :entry:default@GeneratePkgContextInfo...  
[2026-06-05T12:48:25.601] [DEBUG] debug-file - Executing task :entry:default@GeneratePkgSdkInfo
[2026-06-05T12:48:25.601] [DEBUG] debug-file - Task 'entry:default@GeneratePkgSdkInfo' cost while wrapping incremental declarations: 1 ms 
[2026-06-05T12:48:25.601] [DEBUG] debug-file - entry : default@GeneratePkgSdkInfo cost memory 0.1131439208984375
[2026-06-05T12:48:25.601] [DEBUG] debug-file - runTaskFromQueue task cost before running: 140 ms 
[2026-06-05T12:48:25.601] [INFO] debug-file - Finished :entry:default@GeneratePkgSdkInfo... after 1 ms 
[2026-06-05T12:48:25.602] [DEBUG] debug-file - Executing task :entry:default@ProcessIntegratedHsp
[2026-06-05T12:48:25.602] [DEBUG] debug-file - entry:default@ProcessIntegratedHsp is not up-to-date, since the output file '/Users/wangyifan/Downloads/harmonyOS/harmonychat-main/build/cache/default/integrated_hsp/integratedHspCache.json' does not exist.
[2026-06-05T12:48:25.602] [DEBUG] debug-file - Incremental task entry:default@ProcessIntegratedHsp pre-execution cost: 1 ms .
[2026-06-05T12:48:25.602] [DEBUG] debug-file - entry : default@ProcessIntegratedHsp cost memory 0.05764007568359375
[2026-06-05T12:48:25.602] [DEBUG] debug-file - runTaskFromQueue task cost before running: 141 ms 
[2026-06-05T12:48:25.602] [INFO] debug-file - Finished :entry:default@ProcessIntegratedHsp... after 1 ms 
[2026-06-05T12:48:25.603] [DEBUG] debug-file - Executing task :entry:default@BuildNativeWithCmake
[2026-06-05T12:48:25.604] [DEBUG] debug-file - entry : default@BuildNativeWithCmake cost memory 0.0145263671875
[2026-06-05T12:48:25.604] [DEBUG] debug-file - runTaskFromQueue task cost before running: 142 ms 
[2026-06-05T12:48:25.604] [INFO] debug-file - Finished :entry:default@BuildNativeWithCmake... after 1 ms 
[2026-06-05T12:48:25.604] [DEBUG] debug-file - Executing task :entry:default@MakePackInfo
[2026-06-05T12:48:25.605] [DEBUG] debug-file - Incremental task entry:default@MakePackInfo pre-execution cost: 1 ms .
[2026-06-05T12:48:25.605] [DEBUG] debug-file - entry : default@MakePackInfo cost memory 0.0968475341796875
[2026-06-05T12:48:25.605] [INFO] debug-file - UP-TO-DATE :entry:default@MakePackInfo...  
[2026-06-05T12:48:25.606] [DEBUG] debug-file - Executing task :entry:default@SyscapTransform
[2026-06-05T12:48:25.606] [DEBUG] debug-file - File: '/Users/wangyifan/Downloads/harmonyOS/harmonychat-main/entry/src/main/syscap.json' from 'sysCapJsonPath' is not exists, just ignore.
[2026-06-05T12:48:25.606] [DEBUG] debug-file - Task 'entry:default@SyscapTransform' cost while wrapping incremental declarations: 1 ms 
[2026-06-05T12:48:25.606] [DEBUG] debug-file - entry:default@SyscapTransform is not up-to-date, since the output file '/Users/wangyifan/Downloads/harmonyOS/harmonychat-main/entry/build/default/intermediates/syscap/default/rpcid.sc' does not exist.
[2026-06-05T12:48:25.606] [DEBUG] debug-file - Incremental task entry:default@SyscapTransform pre-execution cost: 1 ms .
[2026-06-05T12:48:25.607] [DEBUG] debug-file - entry : default@SyscapTransform cost memory 0.1082305908203125
[2026-06-05T12:48:25.607] [DEBUG] debug-file - runTaskFromQueue task cost before running: 145 ms 
[2026-06-05T12:48:25.607] [INFO] debug-file - Finished :entry:default@SyscapTransform... after 2 ms 
[2026-06-05T12:48:25.608] [DEBUG] debug-file - Executing task :entry:default@ProcessProfile
[2026-06-05T12:48:25.609] [DEBUG] debug-file - Task 'entry:default@ProcessProfile' cost while wrapping incremental declarations: 1 ms 
[2026-06-05T12:48:25.609] [DEBUG] debug-file - Incremental task entry:default@ProcessProfile pre-execution cost: 1 ms .
[2026-06-05T12:48:25.609] [DEBUG] debug-file - entry : default@ProcessProfile cost memory 0.12131500244140625
[2026-06-05T12:48:25.609] [INFO] debug-file - UP-TO-DATE :entry:default@ProcessProfile...  
[2026-06-05T12:48:25.609] [DEBUG] debug-file - Executing task :entry:default@ProcessRouterMap
[2026-06-05T12:48:25.610] [DEBUG] debug-file - Incremental task entry:default@ProcessRouterMap pre-execution cost: 1 ms .
[2026-06-05T12:48:25.610] [DEBUG] debug-file - entry : default@ProcessRouterMap cost memory 0.14656829833984375
[2026-06-05T12:48:25.610] [INFO] debug-file - UP-TO-DATE :entry:default@ProcessRouterMap...  
[2026-06-05T12:48:25.610] [DEBUG] debug-file - Executing task :entry:default@ProcessShareConfig
[2026-06-05T12:48:25.611] [DEBUG] debug-file - Incremental task entry:default@ProcessShareConfig pre-execution cost: 1 ms .
[2026-06-05T12:48:25.611] [DEBUG] debug-file - entry : default@ProcessShareConfig cost memory 0.126434326171875
[2026-06-05T12:48:25.611] [INFO] debug-file - UP-TO-DATE :entry:default@ProcessShareConfig...  
[2026-06-05T12:48:25.612] [DEBUG] debug-file - Executing task :entry:default@ProcessStartupConfig
[2026-06-05T12:48:25.612] [DEBUG] debug-file - Task 'entry:default@ProcessStartupConfig' cost while wrapping incremental declarations: 1 ms 
[2026-06-05T12:48:25.612] [DEBUG] debug-file - entry:default@ProcessStartupConfig is not up-to-date, since the output file '/Users/wangyifan/Downloads/harmonyOS/harmonychat-main/entry/build/default/intermediates/startup/default/startup_config.json' does not exist.
[2026-06-05T12:48:25.612] [DEBUG] debug-file - Incremental task entry:default@ProcessStartupConfig pre-execution cost: 1 ms .
[2026-06-05T12:48:25.613] [DEBUG] debug-file - entry : default@ProcessStartupConfig cost memory 0.13860321044921875
[2026-06-05T12:48:25.613] [DEBUG] debug-file - runTaskFromQueue task cost before running: 152 ms 
[2026-06-05T12:48:25.613] [INFO] debug-file - Finished :entry:default@ProcessStartupConfig... after 2 ms 
[2026-06-05T12:48:25.613] [DEBUG] debug-file - Executing task :entry:default@BuildNativeWithNinja
[2026-06-05T12:48:25.614] [DEBUG] debug-file - entry : default@BuildNativeWithNinja cost memory 0.02019500732421875
[2026-06-05T12:48:25.614] [DEBUG] debug-file - runTaskFromQueue task cost before running: 153 ms 
[2026-06-05T12:48:25.614] [INFO] debug-file - Finished :entry:default@BuildNativeWithNinja... after 1 ms 
[2026-06-05T12:48:25.614] [DEBUG] debug-file - restool module names: entry; moduleName=entry, taskName=default@ProcessResource
[2026-06-05T12:48:25.615] [DEBUG] debug-file - Executing task :entry:default@ProcessResource
[2026-06-05T12:48:25.615] [DEBUG] debug-file - Task 'entry:default@ProcessResource' cost while wrapping incremental declarations: 1 ms 
[2026-06-05T12:48:25.616] [DEBUG] debug-file - Incremental task entry:default@ProcessResource pre-execution cost: 1 ms .
[2026-06-05T12:48:25.616] [DEBUG] debug-file - entry : default@ProcessResource cost memory 0.12567901611328125
[2026-06-05T12:48:25.616] [INFO] debug-file - UP-TO-DATE :entry:default@ProcessResource...  
[2026-06-05T12:48:25.617] [DEBUG] debug-file - Executing task :entry:default@GenerateLoaderJson
[2026-06-05T12:48:25.618] [DEBUG] debug-file - Task 'entry:default@GenerateLoaderJson' cost while wrapping incremental declarations: 1 ms 
[2026-06-05T12:48:25.621] [DEBUG] debug-file - Incremental task entry:default@GenerateLoaderJson pre-execution cost: 2 ms .
[2026-06-05T12:48:25.621] [DEBUG] debug-file - entry : default@GenerateLoaderJson cost memory 0.532806396484375
[2026-06-05T12:48:25.621] [INFO] debug-file - UP-TO-DATE :entry:default@GenerateLoaderJson...  
[2026-06-05T12:48:25.621] [DEBUG] debug-file - Executing task :entry:default@ProcessLibs
[2026-06-05T12:48:25.623] [DEBUG] debug-file - Incremental task entry:default@ProcessLibs pre-execution cost: 1 ms .
[2026-06-05T12:48:25.623] [DEBUG] debug-file - entry : default@ProcessLibs cost memory 0.1657562255859375
[2026-06-05T12:48:25.623] [INFO] debug-file - UP-TO-DATE :entry:default@ProcessLibs...  
[2026-06-05T12:48:25.623] [DEBUG] debug-file - restool module names: entry; moduleName=entry, taskName=default@CompileResource
[2026-06-05T12:48:25.623] [DEBUG] debug-file - Executing task :entry:default@CompileResource
[2026-06-05T12:48:25.627] [DEBUG] debug-file - Incremental task entry:default@CompileResource pre-execution cost: 4 ms .
[2026-06-05T12:48:25.627] [DEBUG] debug-file - entry : default@CompileResource cost memory 0.5925140380859375
[2026-06-05T12:48:25.627] [INFO] debug-file - UP-TO-DATE :entry:default@CompileResource...  
[2026-06-05T12:48:25.627] [DEBUG] debug-file - Executing task :entry:default@DoNativeStrip
[2026-06-05T12:48:25.627] [DEBUG] debug-file - File: '/Users/wangyifan/Downloads/harmonyOS/harmonychat-main/entry/build/default/intermediates/binxo/default' from 'doBinxoNativeLibs' is not exists, just ignore.
[2026-06-05T12:48:25.627] [DEBUG] debug-file - Task 'entry:default@DoNativeStrip' cost while wrapping incremental declarations: 1 ms 
[2026-06-05T12:48:25.628] [DEBUG] debug-file - Incremental task entry:default@DoNativeStrip pre-execution cost: 1 ms .
[2026-06-05T12:48:25.628] [DEBUG] debug-file - entry : default@DoNativeStrip cost memory 0.0765228271484375
[2026-06-05T12:48:25.628] [INFO] debug-file - UP-TO-DATE :entry:default@DoNativeStrip...  
[2026-06-05T12:48:25.628] [DEBUG] debug-file - Executing task :entry:default@CompileArkTS
[2026-06-05T12:48:25.628] [DEBUG] debug-file - obfuscationOptions: undefined
[2026-06-05T12:48:25.629] [DEBUG] debug-file - Task 'entry:default@CompileArkTS' cost while wrapping incremental declarations: 1 ms 
[2026-06-05T12:48:25.633] [DEBUG] debug-file - entry:default@CompileArkTS is not up-to-date, since the input file '/Users/wangyifan/Downloads/harmonyOS/harmonychat-main/entry/src/main/ets' has been changed.
[2026-06-05T12:48:25.633] [DEBUG] debug-file - Incremental task entry:default@CompileArkTS pre-execution cost: 4 ms .
[2026-06-05T12:48:25.637] [DEBUG] debug-file - build config:
[2026-06-05T12:48:25.637] [DEBUG] debug-file - {
  moduleType: 'entry',
  perf: 0,
  targetName: '.default',
  packageManagerType: 'ohpm',
  localPropertiesPath: '/Users/wangyifan/Downloads/harmonyOS/harmonychat-main/local.properties',
  isPreview: false,
  isOhosTest: false,
  isLocalTest: false,
  buildMode: 'Debug',
  hotReloadBuild: undefined,
  watchMode: 'false',
  aceProfilePath: '/Users/wangyifan/Downloads/harmonyOS/harmonychat-main/entry/build/default/intermediates/res/default/resources/base/profile',
  etsLoaderPath: '/Applications/DevEco-Studio.app/Contents/sdk/default/openharmony/ets/build-tools/ets-loader',
  modulePath: '/Users/wangyifan/Downloads/harmonyOS/harmonychat-main/entry',
  testFrameworkPar: {
    testMode: undefined,
    coveragePathFilter: undefined,
    coverageMode: undefined
  },
  needCoverageInsert: false,
  debugLine: false,
  projectTopDir: '/Users/wangyifan/Downloads/harmonyOS/harmonychat-main',
  compileSdkVersion: 23,
  compatibleSdkVersion: 13,
  originCompatibleSdkVersion: '5.0.1(13)',
  compatibleSdkVersionStage: undefined,
  bundleName: 'c***t',
  etsLoaderVersion: '6.1.0.105',
  etsLoaderReleaseType: 'Release',
  aotCompileMode: 'type',
  apPath: '/Users/wangyifan/Downloads/harmonyOS/harmonychat-main/entry/modules.ap',
  entryModuleName: 'entry',
  entryModuleVersion: '1.0.0',
  entryPackageName: 'entry',
  allModuleNameHash: '52b4b82f65d9c3d301d0ced3931a74f60219238c22e18d0976c12b0c3363a29e',
  externalApiPaths: [ '/Applications/DevEco-Studio.app/Contents/sdk/default/hms/ets' ],
  compilerTypes: [],
  isCrossplatform: false,
  hvigorPluginFile: undefined,
  compilePluginPath: undefined,
  buildGeneratedProfilePath: '/Users/wangyifan/Downloads/harmonyOS/harmonychat-main/entry/build/default/generated/profile/default',
  bundleType: 'app',
  arkTSVersion: undefined,
  apiVersion: 23,
  needCompleteSourcesMap: false,
  isFaMode: false,
  buildDir: '/Users/wangyifan/Downloads/harmonyOS/harmonychat-main/entry/build',
  deviceTypes: [ 'phone', 'tablet', '2in1' ],
  pkgContextInfo: {
    mobileimsdk: {
      packageName: 'mobileimsdk',
      bundleName: '*****',
      moduleName: '',
      version: '1.0.0',
      entryPath: 'Index',
      isSO: false,
      dependencyAlias: ''
    },
    '@ohos/hypium': {
      packageName: '@ohos/hypium',
      bundleName: '*****',
      moduleName: '',
      version: '1.0.19',
      entryPath: 'index.js',
      isSO: false,
      dependencyAlias: ''
    },
    '@ohos/hamock': {
      packageName: '@ohos/hamock',
      bundleName: '*****',
      moduleName: '',
      version: '1.0.0',
      entryPath: 'index.ets',
      isSO: false,
      dependencyAlias: ''
    },
    entry: {
      packageName: 'entry',
      bundleName: '*****',
      moduleName: '',
      version: '',
      entryPath: 'src/main/',
      isSO: false,
      dependencyAlias: ''
    }
  },
  ohPackagePathMap: {},
  dependencyAliasMap: {},
  permission: {
    requestPermissions: [ [Object], [Object] ],
    definePermissions: undefined
  },
  useGetCurrentBundleName: false,
  projectArkOption: undefined,
  sourceMapDir: undefined,
  branchElimination: false,
  transformLib: undefined,
  tsImportSendable: false,
  resolveConflictMode: true,
  depName2RootPath: {},
  depName2DepInfo: {},
  depName2OhExports: {},
  rootPathSet: [ '/Users/wangyifan/Downloads/harmonyOS/harmonychat-main' ],
  useNativeResolver: true,
  shouldEmitJs: true,
  useTscResolve: false,
  singleFileEmit: false,
  userProjectConfig: {
    autoLazyImport: false,
    allowEmptyBundleName: false,
    reExportCheckMode: 'noCheck',
    executionMode: 'memory',
    usePathPlaceholder: false,
    writeRollupCache: true,
    isExpandImportEnabled: false,
    expandImportExclude: '',
    lazyImportExclude: '',
    lazyImportInclude: '',
    ignoreCrossplatformCheck: false,
    isHarDeduplicateEnabled: false,
    skipOhModulesLint: false,
    enableStrictCheckOHModule: false,
    disableSendableCheckRules: [],
    useDeclarationFileSignature: false,
    customizedOptions: undefined,
    integratedHsp: false,
    isPreloadSoEnabled: false
  },
  executionMode: 'memory',
  arkCompileCachePath: '/Users/wangyifan/Downloads/harmonyOS/harmonychat-main/entry/build/default/cache/default/default@CompileArkTS/esmodule',
  autoLazyFilter: undefined,
  isHarDeduplicateEnabled: false,
  intermediateHarDuplicateDirPath: '/Users/wangyifan/Downloads/harmonyOS/harmonychat-main/entry/build/default/intermediates/har_duplicate/default',
  autoLazyImport: false,
  allowEmptyBundleName: false,
  reExportCheckMode: 'noCheck',
  usePathPlaceholder: false,
  writeRollupCache: true,
  isExpandImportEnabled: false,
  expandImportExclude: '',
  lazyImportExclude: '',
  lazyImportInclude: '',
  ignoreCrossplatformCheck: false,
  skipOhModulesLint: false,
  enableStrictCheckOHModule: false,
  disableSendableCheckRules: [],
  useDeclarationFileSignature: false,
  customizedOptions: undefined,
  integratedHsp: false,
  isPreloadSoEnabled: false,
  strictMode: {
    caseSensitiveCheck: true,
    useNormalizedOHMUrl: true,
    noExternalImportByPath: true
  },
  useNormalizedOHMUrl: true,
  caseSensitiveCheck: true,
  aceModuleJsonPath: '/Users/wangyifan/Downloads/harmonyOS/harmonychat-main/entry/build/default/intermediates/res/default/ark_module.json',
  appResource: '/Users/wangyifan/Downloads/harmonyOS/harmonychat-main/entry/build/default/intermediates/res/default/ResourceTable.txt',
  rawFileResource: '/Users/wangyifan/Downloads/harmonyOS/harmonychat-main/entry/build/default/intermediates/res/default/resources/rawfile',
  resourceTableHash: 'c08cf2ccc4b7e67ffe92ac2b3578cff1fc93b83b68ee06731fcd45ac20e5f038',
  runtimeOS: 'HarmonyOS',
  sdkInfo: 'false:23:6.1.0.105:Release',
  aceModuleRoot: '/Users/wangyifan/Downloads/harmonyOS/harmonychat-main/entry/src/main/ets',
  compileMode: 'esmodule',
  aceSuperVisualPath: '/Users/wangyifan/Downloads/harmonyOS/harmonychat-main/entry/src/main/supervisual',
  aceBuildJson: '/Users/wangyifan/Downloads/harmonyOS/harmonychat-main/entry/build/default/intermediates/loader/default/loader.json',
  cachePath: '/Users/wangyifan/Downloads/harmonyOS/harmonychat-main/entry/build/default/cache/default/default@CompileArkTS/esmodule/debug',
  aceModuleBuild: '/Users/wangyifan/Downloads/harmonyOS/harmonychat-main/entry/build/default/intermediates/loader_out/default/ets',
  supportChunks: true,
  declaredFilesPath: undefined,
  shouldCollectDirectImportees: false,
  isByteCodeHarOptimize: false,
  expandImportPath: undefined,
  resourceTableTs: '/Users/wangyifan/Downloads/harmonyOS/harmonychat-main/entry/build/default/generated/r/default/ResourceTable.ts',
  moduleMetaInfoFiles: [
    {
      filePath: '/Users/wangyifan/Downloads/harmonyOS/harmonychat-main/entry/build/default/generated/r/default/ResourceTable.ts',
      ohmurl: '&entry/build/generated/r/ResourceTable&'
    }
  ],
  pkgNameToPkgBriefInfo: {
    mobileimsdk: {
      pkgRoot: '/Users/wangyifan/Downloads/harmonyOS/harmonychat-main/oh_modules/.ohpm/mobileimsdk@hoop830zxxr8xnn6crmdrvjoor6h7alv6wz1iybybxq=/oh_modules/mobileimsdk',
      pkgName: 'mobileimsdk',
      sourceRoots: [Array]
    },
    entry: {
      pkgRoot: '/Users/wangyifan/Downloads/harmonyOS/harmonychat-main/entry',
      originalSourceRoots: undefined,
      sourceRoots: [Array],
      pkgName: 'entry'
    }
  },
  projectModel: {
    '/Users/wangyifan/Downloads/harmonyOS/harmonychat-main/entry/src/main': {
      moduleName: 'entry',
      modulePkgPath: '/Users/wangyifan/Downloads/harmonyOS/harmonychat-main/entry',
      belongProjectPath: '/Users/wangyifan/Downloads/harmonyOS/harmonychat-main'
    },
    '/Users/wangyifan/Downloads/harmonyOS/harmonychat-main/entry': {
      moduleName: 'entry',
      modulePkgPath: '/Users/wangyifan/Downloads/harmonyOS/harmonychat-main/entry',
      belongProjectPath: '/Users/wangyifan/Downloads/harmonyOS/harmonychat-main'
    },
    '/Users/wangyifan/Downloads/harmonyOS/harmonychat-main': {
      moduleName: 'harmonychat-main',
      modulePkgPath: '/Users/wangyifan/Downloads/harmonyOS/harmonychat-main',
      belongProjectPath: '/Users/wangyifan/Downloads/harmonyOS/harmonychat-main'
    }
  },
  pkgJsonFileHash: 'a11a3b67bb8b0ff7a0222bf8ba1e3ad61b8c0340796aa6972a518570330421f2',
  allModulePaths: [ '/Users/wangyifan/Downloads/harmonyOS/harmonychat-main/entry' ],
  routerMap: {},
  obfuscationOptions: undefined,
  byteCodeHarToDependencyKeys: undefined,
  compileBlockPkg: [ 'mobileimsdk' ],
  mockParams: {
    decorator: '@MockSetup',
    packageName: '@ohos/hamock',
    etsSourceRootPath: 'src/main/ets',
    mockConfigPath: undefined,
    mockConfigKey2ModuleInfo: {},
    source2ModuleIdMap: {}
  },
  copyCodeResourceEnable: true,
  copyCodeResourceExcludes: [],
  copyCodeResourceIncludes: undefined,
  uiTransformOptimization: false,
  sdkPath: '/Applications/DevEco-Studio.app/Contents/sdk',
  needPreloadSoFileSet: {},
  preloadSoFilePath: '/Users/wangyifan/Downloads/harmonyOS/harmonychat-main/entry/build/default/intermediates/preload/default/preload.json',
  useSourceHash: false,
  localModuleParamMap: {},
  otherPaths: {
    'mobileimsdk/*': [
      '../../../../oh_modules/.ohpm/mobileimsdk@hoop830zxxr8xnn6crmdrvjoor6h7alv6wz1iybybxq=/oh_modules/mobileimsdk/src/main/*'
    ],
    'entry/*': [ '../*', '../../../build/default/generated/profile/default/*' ]
  },
  collectImportersConfig: undefined
}
[2026-06-05T12:48:25.637] [DEBUG] debug-file - Compile arkts with external api path: /Applications/DevEco-Studio.app/Contents/sdk/default/hms/ets
[2026-06-05T12:48:25.638] [DEBUG] debug-file - default@CompileArkTS work[6] is submitted.
[2026-06-05T12:48:25.638] [DEBUG] debug-file - default@CompileArkTS work[6] is pushed to ready queue.
[2026-06-05T12:48:25.638] [DEBUG] debug-file - A work dispatched to worker[9] failed because unable to get work from ready queue.
[2026-06-05T12:48:25.638] [DEBUG] debug-file - A work dispatched to worker[8] failed because unable to get work from ready queue.
[2026-06-05T12:48:25.638] [DEBUG] debug-file - A work dispatched to worker[7] failed because unable to get work from ready queue.
[2026-06-05T12:48:25.638] [DEBUG] debug-file - A work dispatched to worker[6] failed because unable to get work from ready queue.
[2026-06-05T12:48:25.638] [DEBUG] debug-file - A work dispatched to worker[5] failed because unable to get work from ready queue.
[2026-06-05T12:48:25.638] [DEBUG] debug-file - default@CompileArkTS work[6] has been dispatched to worker[4].
[2026-06-05T12:48:25.638] [DEBUG] debug-file - default@CompileArkTS work[6] is dispatched.
[2026-06-05T12:48:25.638] [DEBUG] debug-file - CopyResources startTime: 232655154699916
[2026-06-05T12:48:25.638] [DEBUG] debug-file - default@CompileArkTS work[7] is submitted.
[2026-06-05T12:48:25.638] [DEBUG] debug-file - default@CompileArkTS work[7] is pushed to ready queue.
[2026-06-05T12:48:25.638] [DEBUG] debug-file - A work dispatched to worker[9] failed because unable to get work from ready queue.
[2026-06-05T12:48:25.638] [DEBUG] debug-file - Create  resident worker with id: 8.
[2026-06-05T12:48:25.639] [DEBUG] debug-file - default@CompileArkTS work[7] has been dispatched to worker[8].
[2026-06-05T12:48:25.639] [DEBUG] debug-file - default@CompileArkTS work[7] is dispatched.
[2026-06-05T12:48:25.639] [DEBUG] debug-file - entry : default@CompileArkTS cost memory -2.7456512451171875
[2026-06-05T12:48:25.639] [DEBUG] debug-file - Executing task :entry:default@BuildJS
[2026-06-05T12:48:25.640] [DEBUG] debug-file - Task 'entry:default@BuildJS' cost while wrapping incremental declarations: 1 ms 
[2026-06-05T12:48:25.640] [DEBUG] debug-file - entry : default@BuildJS cost memory 0.13824462890625
[2026-06-05T12:48:25.640] [DEBUG] debug-file - runTaskFromQueue task cost before running: 179 ms 
[2026-06-05T12:48:25.640] [INFO] debug-file - Finished :entry:default@BuildJS... after 1 ms 
[2026-06-05T12:48:25.640] [DEBUG] debug-file - Executing task :entry:default@CacheNativeLibs
[2026-06-05T12:48:25.640] [DEBUG] debug-file - File: '/Users/wangyifan/Downloads/harmonyOS/harmonychat-main/entry/build/default/intermediates/binxo/default' from 'cacheBinxoNativeLibs' is not exists, just ignore.
[2026-06-05T12:48:25.640] [DEBUG] debug-file - Task 'entry:default@CacheNativeLibs' cost while wrapping incremental declarations: 1 ms 
[2026-06-05T12:48:25.641] [DEBUG] debug-file - Incremental task entry:default@CacheNativeLibs pre-execution cost: 1 ms .
[2026-06-05T12:48:25.641] [DEBUG] debug-file - entry : default@CacheNativeLibs cost memory 0.08939361572265625
[2026-06-05T12:48:25.641] [INFO] debug-file - UP-TO-DATE :entry:default@CacheNativeLibs...  
[2026-06-05T12:48:25.876] [DEBUG] debug-file - worker[8] has one work done.
[2026-06-05T12:48:25.876] [DEBUG] debug-file - CopyResources is end, endTime: 232655392748458
[2026-06-05T12:48:25.876] [DEBUG] debug-file - default@CompileArkTS work[7] done.
[2026-06-05T12:48:25.877] [DEBUG] debug-file - A work dispatched to worker[8] failed because unable to get work from ready queue.
[2026-06-05T12:48:26.384] [WARN] debug-file - [33mWARN: [33m[33mArkTS:WARN File: /Users/wangyifan/Downloads/harmonyOS/harmonychat-main/oh_modules/.ohpm/mobileimsdk@hoop830zxxr8xnn6crmdrvjoor6h7alv6wz1iybybxq=/oh_modules/mobileimsdk/src/main/ets/d1/f1/k1.d.ets:2:1
 Switching off type checks with in-place comments is not allowed (arkts-strict-typing-required)
[39m[39m
[33mWARN: [33m[33mArkTS:WARN File: /Users/wangyifan/Downloads/harmonyOS/harmonychat-main/oh_modules/.ohpm/mobileimsdk@hoop830zxxr8xnn6crmdrvjoor6h7alv6wz1iybybxq=/oh_modules/mobileimsdk/src/main/ets/d1/f1/g1.d.ets:2:1
 Switching off type checks with in-place comments is not allowed (arkts-strict-typing-required)
[39m[39m
[33mWARN: [33m[33mArkTS:WARN File: /Users/wangyifan/Downloads/harmonyOS/harmonychat-main/oh_modules/.ohpm/mobileimsdk@hoop830zxxr8xnn6crmdrvjoor6h7alv6wz1iybybxq=/oh_modules/mobileimsdk/src/main/ets/o/p/r.d.ets:2:1
 Switching off type checks with in-place comments is not allowed (arkts-strict-typing-required)
[39m[39m
[33mWARN: [33m[33mArkTS:WARN File: /Users/wangyifan/Downloads/harmonyOS/harmonychat-main/oh_modules/.ohpm/mobileimsdk@hoop830zxxr8xnn6crmdrvjoor6h7alv6wz1iybybxq=/oh_modules/mobileimsdk/src/main/ets/d.d.ets:2:1
 Switching off type checks with in-place comments is not allowed (arkts-strict-typing-required)
[39m[39m
[33mWARN: [33m[33mArkTS:WARN File: /Users/wangyifan/Downloads/harmonyOS/harmonychat-main/oh_modules/.ohpm/mobileimsdk@hoop830zxxr8xnn6crmdrvjoor6h7alv6wz1iybybxq=/oh_modules/mobileimsdk/src/main/ets/e/f.d.ets:2:1
 Switching off type checks with in-place comments is not allowed (arkts-strict-typing-required)
[39m[39m
[33mWARN: [33m[33mArkTS:WARN File: /Users/wangyifan/Downloads/harmonyOS/harmonychat-main/oh_modules/.ohpm/mobileimsdk@hoop830zxxr8xnn6crmdrvjoor6h7alv6wz1iybybxq=/oh_modules/mobileimsdk/src/main/ets/e/g.d.ets:2:1
 Switching off type checks with in-place comments is not allowed (arkts-strict-typing-required)
[39m[39m
[33mWARN: [33m[33mArkTS:WARN File: /Users/wangyifan/Downloads/harmonyOS/harmonychat-main/oh_modules/.ohpm/mobileimsdk@hoop830zxxr8xnn6crmdrvjoor6h7alv6wz1iybybxq=/oh_modules/mobileimsdk/src/main/ets/o/z.d.ets:2:1
 Switching off type checks with in-place comments is not allowed (arkts-strict-typing-required)
[39m[39m
[33mWARN: [33m[33mArkTS:WARN File: /Users/wangyifan/Downloads/harmonyOS/harmonychat-main/oh_modules/.ohpm/mobileimsdk@hoop830zxxr8xnn6crmdrvjoor6h7alv6wz1iybybxq=/oh_modules/mobileimsdk/src/main/ets/e/h.d.ets:2:1
 Switching off type checks with in-place comments is not allowed (arkts-strict-typing-required)
[39m[39m
[33mWARN: [33m[33mArkTS:WARN File: /Users/wangyifan/Downloads/harmonyOS/harmonychat-main/oh_modules/.ohpm/mobileimsdk@hoop830zxxr8xnn6crmdrvjoor6h7alv6wz1iybybxq=/oh_modules/mobileimsdk/src/main/ets/e/i.d.ets:2:1
 Switching off type checks with in-place comments is not allowed (arkts-strict-typing-required)
[39m[39m
[33mWARN: [33m[33mArkTS:WARN File: /Users/wangyifan/Downloads/harmonyOS/harmonychat-main/oh_modules/.ohpm/mobileimsdk@hoop830zxxr8xnn6crmdrvjoor6h7alv6wz1iybybxq=/oh_modules/mobileimsdk/src/main/ets/e/j.d.ets:2:1
 Switching off type checks with in-place comments is not allowed (arkts-strict-typing-required)
[39m[39m
[33mWARN: [33m[33mArkTS:WARN File: /Users/wangyifan/Downloads/harmonyOS/harmonychat-main/oh_modules/.ohpm/mobileimsdk@hoop830zxxr8xnn6crmdrvjoor6h7alv6wz1iybybxq=/oh_modules/mobileimsdk/src/main/ets/e/k.d.ets:2:1
 Switching off type checks with in-place comments is not allowed (arkts-strict-typing-required)
[39m[39m
[33mWARN: [33m[33mArkTS:WARN File: /Users/wangyifan/Downloads/harmonyOS/harmonychat-main/oh_modules/.ohpm/mobileimsdk@hoop830zxxr8xnn6crmdrvjoor6h7alv6wz1iybybxq=/oh_modules/mobileimsdk/src/main/ets/e/l.d.ets:2:1
 Switching off type checks with in-place comments is not allowed (arkts-strict-typing-required)
[39m[39m
[33mWARN: [33m[33mArkTS:WARN File: /Users/wangyifan/Downloads/harmonyOS/harmonychat-main/oh_modules/.ohpm/mobileimsdk@hoop830zxxr8xnn6crmdrvjoor6h7alv6wz1iybybxq=/oh_modules/mobileimsdk/src/main/ets/m/n.d.ets:2:1
 Switching off type checks with in-place comments is not allowed (arkts-strict-typing-required)
[39m[39m
[33mWARN: [33m[33mArkTS:WARN File: /Users/wangyifan/Downloads/harmonyOS/harmonychat-main/oh_modules/.ohpm/mobileimsdk@hoop830zxxr8xnn6crmdrvjoor6h7alv6wz1iybybxq=/oh_modules/mobileimsdk/src/main/ets/o/p/q.d.ets:2:1
 Switching off type checks with in-place comments is not allowed (arkts-strict-typing-required)
[39m[39m
[33mWARN: [33m[33mArkTS:WARN File: /Users/wangyifan/Downloads/harmonyOS/harmonychat-main/oh_modules/.ohpm/mobileimsdk@hoop830zxxr8xnn6crmdrvjoor6h7alv6wz1iybybxq=/oh_modules/mobileimsdk/src/main/ets/o/t/u.d.ets:2:1
 Switching off type checks with in-place comments is not allowed (arkts-strict-typing-required)
[39m[39m
[33mWARN: [33m[33mArkTS:WARN File: /Users/wangyifan/Downloads/harmonyOS/harmonychat-main/oh_modules/.ohpm/mobileimsdk@hoop830zxxr8xnn6crmdrvjoor6h7alv6wz1iybybxq=/oh_modules/mobileimsdk/src/main/ets/o/t/v.d.ets:2:1
 Switching off type checks with in-place comments is not allowed (arkts-strict-typing-required)
[39m[39m
[33mWARN: [33m[33mArkTS:WARN File: /Users/wangyifan/Downloads/harmonyOS/harmonychat-main/oh_modules/.ohpm/mobileimsdk@hoop830zxxr8xnn6crmdrvjoor6h7alv6wz1iybybxq=/oh_modules/mobileimsdk/src/main/ets/o/t/w.d.ets:2:1
 Switching off type checks with in-place comments is not allowed (arkts-strict-typing-required)
[39m[39m
[33mWARN: [33m[33mArkTS:WARN File: /Users/wangyifan/Downloads/harmonyOS/harmonychat-main/oh_modules/.ohpm/mobileimsdk@hoop830zxxr8xnn6crmdrvjoor6h7alv6wz1iybybxq=/oh_modules/mobileimsdk/src/main/ets/o/t/x.d.ets:2:1
 Switching off type checks with in-place comments is not allowed (arkts-strict-typing-required)
[39m[39m
[33mWARN: [33m[33mArkTS:WARN File: /Users/wangyifan/Downloads/harmonyOS/harmonychat-main/oh_modules/.ohpm/mobileimsdk@hoop830zxxr8xnn6crmdrvjoor6h7alv6wz1iybybxq=/oh_modules/mobileimsdk/src/main/ets/o/y.d.ets:2:1
 Switching off type checks with in-place comments is not allowed (arkts-strict-typing-required)
[39m[39m
[33mWARN: [33m[33mArkTS:WARN File: /Users/wangyifan/Downloads/harmonyOS/harmonychat-main/oh_modules/.ohpm/mobileimsdk@hoop830zxxr8xnn6crmdrvjoor6h7alv6wz1iybybxq=/oh_modules/mobileimsdk/src/main/ets/o/a1.d.ets:2:1
 Switching off type checks with in-place comments is not allowed (arkts-strict-typing-required)
[39m[39m
[33mWARN: [33m[33mArkTS:WARN File: /Users/wangyifan/Downloads/harmonyOS/harmonychat-main/oh_modules/.ohpm/mobileimsdk@hoop830zxxr8xnn6crmdrvjoor6h7alv6wz1iybybxq=/oh_modules/mobileimsdk/src/main/ets/o/b1.d.ets:2:1
 Switching off type checks with in-place comments is not allowed (arkts-strict-typing-required)
[39m[39m
[33mWARN: [33m[33mArkTS:WARN File: /Users/wangyifan/Downloads/harmonyOS/harmonychat-main/oh_modules/.ohpm/mobileimsdk@hoop830zxxr8xnn6crmdrvjoor6h7alv6wz1iybybxq=/oh_modules/mobileimsdk/src/main/ets/o/c1.d.ets:2:1
 Switching off type checks with in-place comments is not allowed (arkts-strict-typing-required)
[39m[39m
[33mWARN: [33m[33mArkTS:WARN File: /Users/wangyifan/Downloads/harmonyOS/harmonychat-main/oh_modules/.ohpm/mobileimsdk@hoop830zxxr8xnn6crmdrvjoor6h7alv6wz1iybybxq=/oh_modules/mobileimsdk/src/main/ets/d1/e1.d.ets:2:1
 Switching off type checks with in-place comments is not allowed (arkts-strict-typing-required)
[39m[39m
[33mWARN: [33m[33mArkTS:WARN File: /Users/wangyifan/Downloads/harmonyOS/harmonychat-main/oh_modules/.ohpm/mobileimsdk@hoop830zxxr8xnn6crmdrvjoor6h7alv6wz1iybybxq=/oh_modules/mobileimsdk/src/main/ets/d1/i1.d.ets:2:1
 Switching off type checks with in-place comments is not allowed (arkts-strict-typing-required)
[39m[39m
[33mWARN: [33m[33mArkTS:WARN File: /Users/wangyifan/Downloads/harmonyOS/harmonychat-main/oh_modules/.ohpm/mobileimsdk@hoop830zxxr8xnn6crmdrvjoor6h7alv6wz1iybybxq=/oh_modules/mobileimsdk/src/main/ets/d1/j1.d.ets:2:1
 Switching off type checks with in-place comments is not allowed (arkts-strict-typing-required)
[39m[39m
[33mWARN: [33m[33mArkTS:WARN File: /Users/wangyifan/Downloads/harmonyOS/harmonychat-main/oh_modules/.ohpm/mobileimsdk@hoop830zxxr8xnn6crmdrvjoor6h7alv6wz1iybybxq=/oh_modules/mobileimsdk/Index.d.ets:2:1
 Switching off type checks with in-place comments is not allowed (arkts-strict-typing-required)
[39m[39m
[33mWARN: [33m[33mArkTS:WARN: For details about ArkTS syntax errors, see FAQs[39m[39m
[33mWARN: [33m[33mArkTS:WARN File: /Users/wangyifan/Downloads/harmonyOS/harmonychat-main/entry/src/main/ets/pages/utils/ToolKits.ets:38:5
 Function may throw exceptions. Special handling is required.
[39m[39m
[33mWARN: [33m[33mArkTS:WARN File: /Users/wangyifan/Downloads/harmonyOS/harmonychat-main/entry/src/main/ets/pages/utils/ToolKits.ets:120:5
 Function may throw exceptions. Special handling is required.
[39m[39m
[33mWARN: [33m[33mArkTS:WARN File: /Users/wangyifan/Downloads/harmonyOS/harmonychat-main/entry/src/main/ets/pages/utils/ToolKits.ets:120:18
 'showToast' has been deprecated.
[39m[39m
[33mWARN: [33m[33mArkTS:WARN File: /Users/wangyifan/Downloads/harmonyOS/harmonychat-main/entry/src/main/ets/pages/utils/ToolKits.ets:143:17
 'show' has been deprecated.
[39m[39m
[33mWARN: [33m[33mArkTS:WARN File: /Users/wangyifan/Downloads/harmonyOS/harmonychat-main/entry/src/main/ets/entryability/EntryAbility.ets:61:53
 Function may throw exceptions. Special handling is required.
[39m[39m
[33mWARN: [33m[33mArkTS:WARN File: /Users/wangyifan/Downloads/harmonyOS/harmonychat-main/entry/src/main/ets/pages/SafePage.ets:89:24
 'pushUrl' has been deprecated.
[39m[39m
[33mWARN: [33m[33mArkTS:WARN File: /Users/wangyifan/Downloads/harmonyOS/harmonychat-main/entry/src/main/ets/pages/SafePage.ets:111:56
 'getContext' has been deprecated.
[39m[39m
[33mWARN: [33m[33mArkTS:WARN File: /Users/wangyifan/Downloads/harmonyOS/harmonychat-main/entry/src/main/ets/pages/SafePage.ets:121:24
 'replaceUrl' has been deprecated.
[39m[39m
[33mWARN: [33m[33mArkTS:WARN File: /Users/wangyifan/Downloads/harmonyOS/harmonychat-main/entry/src/main/ets/pages/components/ChatInputView.ets:53:22
 'getContext' has been deprecated.
[39m[39m
[33mWARN: [33m[33mArkTS:WARN File: /Users/wangyifan/Downloads/harmonyOS/harmonychat-main/entry/src/main/ets/pages/components/msg_view/NormalMsgView.ets:53:22
 'getContext' has been deprecated.
[39m[39m
[33mWARN: [33m[33mArkTS:WARN File: /Users/wangyifan/Downloads/harmonyOS/harmonychat-main/entry/src/main/ets/pages/ChatPage.ets:87:32
 'getContext' has been deprecated.
[39m[39m
[33mWARN: [33m[33mArkTS:WARN File: /Users/wangyifan/Downloads/harmonyOS/harmonychat-main/entry/src/main/ets/pages/ChatPage.ets:209:46
 'getContext' has been deprecated.
[39m[39m
[33mWARN: [33m[33mArkTS:WARN File: /Users/wangyifan/Downloads/harmonyOS/harmonychat-main/entry/src/main/ets/pages/ChatPage.ets:222:51
 'getContext' has been deprecated.
[39m[39m
[33mWARN: [33m[33mArkTS:WARN File: /Users/wangyifan/Downloads/harmonyOS/harmonychat-main/entry/src/main/ets/pages/ChatPage.ets:222:93
 'getContext' has been deprecated.
[39m[39m
[33mWARN: [33m[33mArkTS:WARN File: /Users/wangyifan/Downloads/harmonyOS/harmonychat-main/entry/src/main/ets/pages/ChatPage.ets:224:5
 Function may throw exceptions. Special handling is required.
[39m[39m
[33mWARN: [33m[33mArkTS:WARN File: /Users/wangyifan/Downloads/harmonyOS/harmonychat-main/entry/src/main/ets/pages/ChatPage.ets:224:12
 'replaceUrl' has been deprecated.
[39m[39m
[33mWARN: [33m[33mArkTS:WARN File: /Users/wangyifan/Downloads/harmonyOS/harmonychat-main/entry/src/main/ets/pages/LoginPage.ets:60:19
 'getContext' has been deprecated.
[39m[39m
[33mWARN: [33m[33mArkTS:WARN File: /Users/wangyifan/Downloads/harmonyOS/harmonychat-main/entry/src/main/ets/pages/LoginPage.ets:76:16
 'replaceUrl' has been deprecated.
[39m[39m
[33mWARN: [33m[33mArkTS:WARN File: /Users/wangyifan/Downloads/harmonyOS/harmonychat-main/entry/src/main/ets/pages/LoginPage.ets:223:21
 'getContext' has been deprecated.
[39m[39m
[33mWARN: [33m[33mArkTS:WARN File: /Users/wangyifan/Downloads/harmonyOS/harmonychat-main/entry/src/main/ets/pages/LoginPage.ets:235:5
 Function may throw exceptions. Special handling is required.
[39m[39m
[33mWARN: [33m[33mArkTS:WARN File: /Users/wangyifan/Downloads/harmonyOS/harmonychat-main/entry/src/main/ets/pages/LoginPage.ets:235:12
 'pushUrl' has been deprecated.
[39m[39m
[33mWARN: [33m[33mArkTS:WARN File: /Users/wangyifan/Downloads/harmonyOS/harmonychat-main/entry/src/main/ets/pages/RegisterPage.ets:51:19
 'getContext' has been deprecated.
[39m[39m
[33mWARN: [33m[33mArkTS:WARN File: /Users/wangyifan/Downloads/harmonyOS/harmonychat-main/entry/src/main/ets/pages/RegisterPage.ets:110:20
 'back' has been deprecated.
[39m[39m
[33mWARN: [33m[33mArkTS:WARN File: /Users/wangyifan/Downloads/harmonyOS/harmonychat-main/entry/src/main/ets/pages/RegisterPage.ets:135:12
 'back' has been deprecated.
[39m[39m
[33mWARN: [33m[33mArkTS:WARN File: /Users/wangyifan/Downloads/harmonyOS/harmonychat-main/entry/src/main/ets/pages/utils/PreferenceManager.ets:23:21
 'getContext' has been deprecated.
[39m[39m
[33mWARN: [33m[33mArkTS:WARN File: /Users/wangyifan/Downloads/harmonyOS/harmonychat-main/entry/src/main/ets/pages/utils/PreferenceManager.ets:38:12
 Function may throw exceptions. Special handling is required.
[39m[39m
[33mWARN: [33m[33mArkTS:WARN File: /Users/wangyifan/Downloads/harmonyOS/harmonychat-main/entry/src/main/ets/pages/utils/PreferenceManager.ets:46:7
 Function may throw exceptions. Special handling is required.
[39m[39m
[33mWARN: [33m[33mArkTS:WARN File: /Users/wangyifan/Downloads/harmonyOS/harmonychat-main/entry/src/main/ets/pages/utils/PreferenceManager.ets:58:14
 Function may throw exceptions. Special handling is required.
[39m[39m
[33mWARN: [33m[33mArkTS:WARN File: /Users/wangyifan/Downloads/harmonyOS/harmonychat-main/entry/src/main/ets/pages/utils/PreferenceManager.ets:74:14
 Function may throw exceptions. Special handling is required.
[39m[39m
[33mWARN: [33m[33mArkTS:WARN File: /Users/wangyifan/Downloads/harmonyOS/harmonychat-main/entry/src/main/ets/pages/utils/PreferenceManager.ets:84:7
 Function may throw exceptions. Special handling is required.
[39m[39m
[33mWARN: [33m[33mArkTS:WARN File: /Users/wangyifan/Downloads/harmonyOS/harmonychat-main/entry/src/main/ets/pages/utils/PreferenceManager.ets:95:5
 Function may throw exceptions. Special handling is required.
[39m[39m
[33mWARN: [33m[33mArkTS:WARN File: /Users/wangyifan/Downloads/harmonyOS/harmonychat-main/entry/src/main/ets/pages/SplashPage.ets:29:37
 'getParams' has been deprecated.
[39m[39m
[33mWARN: [33m[33mArkTS:WARN File: /Users/wangyifan/Downloads/harmonyOS/harmonychat-main/entry/src/main/ets/pages/SplashPage.ets:29:59
 'getParams' has been deprecated.
[39m[39m
[33mWARN: [33m[33mArkTS:WARN File: /Users/wangyifan/Downloads/harmonyOS/harmonychat-main/entry/src/main/ets/pages/SplashPage.ets:65:18
 'replaceUrl' has been deprecated.
[39m[39m
[33mWARN: [33m[33mArkTS:WARN File: /Users/wangyifan/Downloads/harmonyOS/harmonychat-main/entry/src/main/ets/pages/SplashPage.ets:75:5
 Function may throw exceptions. Special handling is required.
[39m[39m
[33mWARN: [33m[33mArkTS:WARN File: /Users/wangyifan/Downloads/harmonyOS/harmonychat-main/entry/src/main/ets/pages/SplashPage.ets:75:12
 'replaceUrl' has been deprecated.
[39m[39m
[33mWARN: [33m[33mArkTS:WARN File: /Users/wangyifan/Downloads/harmonyOS/harmonychat-main/entry/src/main/ets/pages/ChatComponent.ets:79:56
 'getContext' has been deprecated.
[39m[39m
[33mWARN: [33m[33mArkTS:WARN File: /Users/wangyifan/Downloads/harmonyOS/harmonychat-main/entry/src/main/ets/pages/ChatComponent.ets:256:46
 'getContext' has been deprecated.
[39m[39m
[33mWARN: [33m[33mArkTS:WARN File: /Users/wangyifan/Downloads/harmonyOS/harmonychat-main/entry/src/main/ets/pages/ChatComponent.ets:269:51
 'getContext' has been deprecated.
[39m[39m
[33mWARN: [33m[33mArkTS:WARN File: /Users/wangyifan/Downloads/harmonyOS/harmonychat-main/entry/src/main/ets/pages/ChatComponent.ets:269:93
 'getContext' has been deprecated.
[39m[39m
[33mWARN: [33m[33mArkTS:WARN File: /Users/wangyifan/Downloads/harmonyOS/harmonychat-main/entry/src/main/ets/pages/ChatComponent.ets:271:5
 Function may throw exceptions. Special handling is required.
[39m[39m
[33mWARN: [33m[33mArkTS:WARN File: /Users/wangyifan/Downloads/harmonyOS/harmonychat-main/entry/src/main/ets/pages/ChatComponent.ets:271:12
 'replaceUrl' has been deprecated.
[39m[39m
[33mWARN: [33m[33mArkTS:WARN File: /Users/wangyifan/Downloads/harmonyOS/harmonychat-main/entry/src/main/ets/pages/MineComponent.ets:403:20
 'getContext' has been deprecated.
[39m[39m
[33mWARN: [33m[33mArkTS:WARN File: /Users/wangyifan/Downloads/harmonyOS/harmonychat-main/entry/src/main/ets/pages/MineComponent.ets:568:55
 'getContext' has been deprecated.
[39m[39m
[33mWARN: [33m[33mArkTS:WARN File: /Users/wangyifan/Downloads/harmonyOS/harmonychat-main/entry/src/main/ets/pages/MineComponent.ets:568:97
 'getContext' has been deprecated.
[39m[39m
[33mWARN: [33m[33mArkTS:WARN File: /Users/wangyifan/Downloads/harmonyOS/harmonychat-main/entry/src/main/ets/pages/MineComponent.ets:569:16
 'replaceUrl' has been deprecated.
[39m[39m
[33mWARN: [33m[33mArkTS:WARN File: /Users/wangyifan/Downloads/harmonyOS/harmonychat-main/entry/src/main/ets/pages/MineComponent.ets:598:61
 'getContext' has been deprecated.
[39m[39m
[33mWARN: [33m[33mArkTS:WARN File: /Users/wangyifan/Downloads/harmonyOS/harmonychat-main/entry/src/main/ets/pages/MineComponent.ets:598:103
 'getContext' has been deprecated.
[39m[39m
[33mWARN: [33m[33mArkTS:WARN File: /Users/wangyifan/Downloads/harmonyOS/harmonychat-main/entry/src/main/ets/pages/MineComponent.ets:599:22
 'replaceUrl' has been deprecated.
[39m[39m
[33mWARN: [33m[33mArkTS:WARN File: /Users/wangyifan/Downloads/harmonyOS/harmonychat-main/entry/src/main/ets/pages/MineComponent.ets:663:16
 'key' can only be used for testing directories 
[39m[39m
[33mWARN: [33m[33mArkTS:WARN File: /Users/wangyifan/Downloads/harmonyOS/harmonychat-main/entry/src/main/ets/pages/MainPage.ets:45:20
 'getContext' has been deprecated.
[39m[39m
[33mWARN: [33m[33mArkTS:WARN File: /Users/wangyifan/Downloads/harmonyOS/harmonychat-main/entry/src/main/ets/pages/MainPage.ets:77:32
 'getContext' has been deprecated.
[39m[39m
[33mWARN: [33m[33m[39m [33mArkTS:WARN Property 'sourceMapsPath' not found in 'mobileimsdk'.[39m [33m[39m[39m[39m

[2026-06-05T12:48:26.384] [DEBUG] debug-file - Ark compile task finished.finished time is 232655900764041
[2026-06-05T12:48:26.385] [DEBUG] debug-file - worker[4] has one work done.
[2026-06-05T12:48:26.385] [DEBUG] debug-file - default@CompileArkTS work[6] done.
[2026-06-05T12:48:26.385] [DEBUG] debug-file - A work dispatched to worker[4] failed because unable to get work from ready queue.
[2026-06-05T12:48:26.386] [INFO] debug-file - Finished :entry:default@CompileArkTS... after 757 ms 
[2026-06-05T12:48:26.386] [DEBUG] debug-file - Executing task :entry:default@GeneratePkgModuleJson
[2026-06-05T12:48:26.386] [DEBUG] debug-file - File: '/Users/wangyifan/Downloads/harmonyOS/harmonychat-main/entry/build/default/intermediates/preload/default/preload.json' from 'preloadSoJsonPath' is not exists, just ignore.
[2026-06-05T12:48:26.386] [DEBUG] debug-file - Error occurs while handling @Input 'shouldDeduplicateHar': The "data" argument must be of type string or an instance of Buffer, TypedArray, or DataView. Received undefined
[2026-06-05T12:48:26.386] [DEBUG] debug-file - Task 'entry:default@GeneratePkgModuleJson' cost while wrapping incremental declarations: 1 ms 
[2026-06-05T12:48:26.387] [DEBUG] debug-file - Incremental task entry:default@GeneratePkgModuleJson pre-execution cost: 1 ms .
[2026-06-05T12:48:26.387] [DEBUG] debug-file - entry : default@GeneratePkgModuleJson cost memory 0.10915374755859375
[2026-06-05T12:48:26.387] [INFO] debug-file - UP-TO-DATE :entry:default@GeneratePkgModuleJson...  
[2026-06-05T12:48:26.387] [DEBUG] debug-file - Executing task :entry:default@ProcessCompiledResources
[2026-06-05T12:48:26.387] [DEBUG] debug-file - File: '/Users/wangyifan/Downloads/harmonyOS/harmonychat-main/entry/build/default/intermediates/preload/default/preload.json' from 'preloadSoJsonPath' is not exists, just ignore.
[2026-06-05T12:48:26.387] [DEBUG] debug-file - Task 'entry:default@ProcessCompiledResources' cost while wrapping incremental declarations: 1 ms 
[2026-06-05T12:48:26.387] [DEBUG] debug-file - entry : default@ProcessCompiledResources cost memory 0.0571136474609375
[2026-06-05T12:48:26.387] [DEBUG] debug-file - runTaskFromQueue task cost before running: 926 ms 
[2026-06-05T12:48:26.387] [INFO] debug-file - Finished :entry:default@ProcessCompiledResources... after 1 ms 
[2026-06-05T12:48:26.387] [DEBUG] debug-file - Executing task :entry:default@PackageHap
[2026-06-05T12:48:26.388] [DEBUG] debug-file - entry:default@PackageHap is not up-to-date, since the input file '/Users/wangyifan/Downloads/harmonyOS/harmonychat-main/entry/build/default/intermediates/loader_out/default/ets' has been changed.
[2026-06-05T12:48:26.388] [DEBUG] debug-file - Incremental task entry:default@PackageHap pre-execution cost: 1 ms .
[2026-06-05T12:48:26.389] [DEBUG] debug-file - Use tool [/Applications/DevEco-Studio.app/Contents/sdk/default/openharmony/toolchains/lib/app_packing_tool.jar]
 [
  'java',
  '-Dfile.encoding=utf-8',
  '-jar',
  '/Applications/DevEco-Studio.app/Contents/sdk/default/openharmony/toolchains/lib/app_packing_tool.jar',
  '--mode',
  'hap',
  '--force',
  'true',
  '--lib-path',
  '/Users/wangyifan/Downloads/harmonyOS/harmonychat-main/entry/build/default/intermediates/stripped_native_libs/default',
  '--json-path',
  '/Users/wangyifan/Downloads/harmonyOS/harmonychat-main/entry/build/default/intermediates/package/default/module.json',
  '--resources-path',
  '/Users/wangyifan/Downloads/harmonyOS/harmonychat-main/entry/build/default/intermediates/res/default/resources',
  '--index-path',
  '/Users/wangyifan/Downloads/harmonyOS/harmonychat-main/entry/build/default/intermediates/res/default/resources.index',
  '--pack-info-path',
  '/Users/wangyifan/Downloads/harmonyOS/harmonychat-main/entry/build/default/outputs/default/pack.info',
  '--out-path',
  '/Users/wangyifan/Downloads/harmonyOS/harmonychat-main/entry/build/default/outputs/default/entry-default-unsigned.hap',
  '--ets-path',
  '/Users/wangyifan/Downloads/harmonyOS/harmonychat-main/entry/build/default/intermediates/loader_out/default/ets',
  '--pkg-context-path',
  '/Users/wangyifan/Downloads/harmonyOS/harmonychat-main/entry/build/default/intermediates/loader/default/pkgContextInfo.json'
]
[2026-06-05T12:48:26.389] [DEBUG] debug-file - default@PackageHap work[8] is submitted.
[2026-06-05T12:48:26.389] [DEBUG] debug-file - default@PackageHap work[8] is pushed to ready queue.
[2026-06-05T12:48:26.389] [DEBUG] debug-file - A work dispatched to worker[9] failed because unable to get work from ready queue.
[2026-06-05T12:48:26.389] [DEBUG] debug-file - default@PackageHap work[8] has been dispatched to worker[8].
[2026-06-05T12:48:26.389] [DEBUG] debug-file - default@PackageHap work[8] is dispatched.
[2026-06-05T12:48:26.390] [DEBUG] debug-file - entry : default@PackageHap cost memory 0.6397476196289062
[2026-06-05T12:48:26.464] [DEBUG] debug-file - current process  memoryUsage: {
  rss: 595558400,
  heapTotal: 81559552,
  heapUsed: 49926440,
  external: 2225992,
  arrayBuffers: 72538
} os memoryUsage :15.835372924804688
[2026-06-05T12:48:26.666] [DEBUG] debug-file - worker[8] has one work done.
[2026-06-05T12:48:26.666] [DEBUG] debug-file - default@PackageHap work[8] done.
[2026-06-05T12:48:26.666] [DEBUG] debug-file - A work dispatched to worker[8] failed because unable to get work from ready queue.
[2026-06-05T12:48:26.666] [INFO] debug-file - Finished :entry:default@PackageHap... after 205 ms 
[2026-06-05T12:48:26.667] [DEBUG] debug-file - Executing task :entry:default@PackingCheck
[2026-06-05T12:48:26.668] [DEBUG] debug-file - entry : default@PackingCheck cost memory 0.43102264404296875
[2026-06-05T12:48:26.669] [DEBUG] debug-file - runTaskFromQueue task cost before running: 1 s 207 ms 
[2026-06-05T12:48:26.669] [INFO] debug-file - Finished :entry:default@PackingCheck... after 2 ms 
[2026-06-05T12:48:26.669] [DEBUG] debug-file - Executing task :entry:default@SignHap
[2026-06-05T12:48:26.669] [WARN] debug-file - Will skip sign 'hos_hap'. No signingConfigs profile is configured in current project.
             If needed, configure the signingConfigs in /Users/wangyifan/Downloads/harmonyOS/harmonychat-main/build-profile.json5.
[2026-06-05T12:48:26.669] [DEBUG] debug-file - entry:default@SignHap is not up-to-date, since the input file '/Users/wangyifan/Downloads/harmonyOS/harmonychat-main/entry/build/default/outputs/default/entry-default-unsigned.hap' has been changed.
[2026-06-05T12:48:26.669] [DEBUG] debug-file - Incremental task entry:default@SignHap pre-execution cost: 1 ms .
[2026-06-05T12:48:26.670] [DEBUG] debug-file - entry : default@SignHap cost memory 0.07619476318359375
[2026-06-05T12:48:26.670] [DEBUG] debug-file - runTaskFromQueue task cost before running: 1 s 208 ms 
[2026-06-05T12:48:26.670] [INFO] debug-file - Finished :entry:default@SignHap... after 1 ms 
[2026-06-05T12:48:26.670] [DEBUG] debug-file - Executing task :entry:default@CollectDebugSymbol
[2026-06-05T12:48:26.670] [DEBUG] debug-file - entry : default@CollectDebugSymbol cost memory 0.0895843505859375
[2026-06-05T12:48:26.670] [DEBUG] debug-file - runTaskFromQueue task cost before running: 1 s 209 ms 
[2026-06-05T12:48:26.670] [INFO] debug-file - Finished :entry:default@CollectDebugSymbol... after 1 ms 
[2026-06-05T12:48:26.670] [DEBUG] debug-file - Executing task :entry:assembleHap
[2026-06-05T12:48:26.670] [DEBUG] debug-file - entry : assembleHap cost memory 0.01264190673828125
[2026-06-05T12:48:26.670] [DEBUG] debug-file - runTaskFromQueue task cost before running: 1 s 209 ms 
[2026-06-05T12:48:26.670] [INFO] debug-file - Finished :entry:assembleHap... after 1 ms 
[2026-06-05T12:48:26.671] [INFO] debug-file - BUILD SUCCESSFUL in 1 s 210 ms 
[2026-06-05T12:48:26.671] [DEBUG] debug-file - Update task entry:default@PreBuild input file:/Users/wangyifan/Downloads/harmonyOS/harmonychat-main/AppScope/app.json5 cache by regenerate.
[2026-06-05T12:48:26.671] [DEBUG] debug-file - Update task entry:default@PreBuild input file:/Users/wangyifan/Downloads/harmonyOS/harmonychat-main/entry/src/main/module.json5 cache by regenerate.
[2026-06-05T12:48:26.671] [DEBUG] debug-file - Update task entry:default@PreBuild input file:/Users/wangyifan/Downloads/harmonyOS/harmonychat-main/build-profile.json5 cache by regenerate.
[2026-06-05T12:48:26.671] [DEBUG] debug-file - Update task entry:default@PreBuild input file:/Users/wangyifan/Downloads/harmonyOS/harmonychat-main/entry/build-profile.json5 cache by regenerate.
[2026-06-05T12:48:26.671] [DEBUG] debug-file - Update task entry:default@PreBuild input file:/Users/wangyifan/Downloads/harmonyOS/harmonychat-main/entry/src/main/resources/base/profile/main_pages.json cache by regenerate.
[2026-06-05T12:48:26.672] [DEBUG] debug-file - Update task entry:default@PreBuild input file:/Users/wangyifan/Downloads/harmonyOS/harmonychat-main/hvigor/hvigor-config.json5 cache by regenerate.
[2026-06-05T12:48:26.672] [DEBUG] debug-file - Update task entry:default@PreBuild input file:/Users/wangyifan/Downloads/harmonyOS/harmonychat-main/entry/oh-package.json5 cache by regenerate.
[2026-06-05T12:48:26.672] [DEBUG] debug-file - Update task entry:default@PreBuild input file:/Users/wangyifan/Downloads/harmonyOS/harmonychat-main/oh-package.json5 cache by regenerate.
[2026-06-05T12:48:26.672] [DEBUG] debug-file - Incremental task entry:default@PreBuild post-execution cost:1 ms .
[2026-06-05T12:48:26.672] [DEBUG] debug-file - Update task entry:default@CreateModuleInfo output file:/Users/wangyifan/Downloads/harmonyOS/harmonychat-main/entry/build/default/generated/profile/default/ModuleInfo.ts cache.
[2026-06-05T12:48:26.672] [DEBUG] debug-file - Incremental task entry:default@CreateModuleInfo post-execution cost:1 ms .
[2026-06-05T12:48:26.672] [DEBUG] debug-file - There is no need to refresh cache, since the incremental task entry:default@GenerateMetadata is up-to-date.
[2026-06-05T12:48:26.672] [DEBUG] debug-file - There is no need to refresh cache, since the incremental task entry:default@MergeProfile is up-to-date.
[2026-06-05T12:48:26.672] [DEBUG] debug-file - There is no need to refresh cache, since the incremental task entry:default@CreateBuildProfile is up-to-date.
[2026-06-05T12:48:26.672] [DEBUG] debug-file - There is no need to refresh cache, since the incremental task entry:default@GeneratePkgContextInfo is up-to-date.
[2026-06-05T12:48:26.672] [DEBUG] debug-file - Update task entry:default@GeneratePkgSdkInfo output file:/Users/wangyifan/Downloads/harmonyOS/harmonychat-main/entry/build/default/intermediates/loader/default/pkgSdkInfo.json cache.
[2026-06-05T12:48:26.672] [DEBUG] debug-file - Incremental task entry:default@GeneratePkgSdkInfo post-execution cost:1 ms .
[2026-06-05T12:48:26.672] [DEBUG] debug-file - Update task entry:default@ProcessIntegratedHsp output file:/Users/wangyifan/Downloads/harmonyOS/harmonychat-main/build/cache/default/integrated_hsp/integratedHspCache.json cache.
[2026-06-05T12:48:26.672] [DEBUG] debug-file - Incremental task entry:default@ProcessIntegratedHsp post-execution cost:1 ms .
[2026-06-05T12:48:26.672] [DEBUG] debug-file - There is no need to refresh cache, since the incremental task entry:default@MakePackInfo is up-to-date.
[2026-06-05T12:48:26.672] [DEBUG] debug-file - Update task entry:default@SyscapTransform input file:/Applications/DevEco-Studio.app/Contents/sdk/default/openharmony/toolchains/syscap_tool cache by regenerate.
[2026-06-05T12:48:26.672] [DEBUG] debug-file - Update task entry:default@SyscapTransform input file:/Applications/DevEco-Studio.app/Contents/sdk/default/openharmony/ets/api/device-define cache by regenerate.
[2026-06-05T12:48:26.672] [DEBUG] debug-file - Update task entry:default@SyscapTransform output file:/Users/wangyifan/Downloads/harmonyOS/harmonychat-main/entry/build/default/intermediates/syscap/default/rpcid.sc cache.
[2026-06-05T12:48:26.672] [DEBUG] debug-file - Incremental task entry:default@SyscapTransform post-execution cost:1 ms .
[2026-06-05T12:48:26.672] [DEBUG] debug-file - There is no need to refresh cache, since the incremental task entry:default@ProcessProfile is up-to-date.
[2026-06-05T12:48:26.672] [DEBUG] debug-file - There is no need to refresh cache, since the incremental task entry:default@ProcessRouterMap is up-to-date.
[2026-06-05T12:48:26.672] [DEBUG] debug-file - There is no need to refresh cache, since the incremental task entry:default@ProcessShareConfig is up-to-date.
[2026-06-05T12:48:26.672] [DEBUG] debug-file - Update task entry:default@ProcessStartupConfig input file:/Users/wangyifan/Downloads/harmonyOS/harmonychat-main/entry/build/default/intermediates/loader/default/pkgContextInfo.json cache by regenerate.
[2026-06-05T12:48:26.673] [DEBUG] debug-file - Update task entry:default@ProcessStartupConfig output file:/Users/wangyifan/Downloads/harmonyOS/harmonychat-main/entry/build/default/intermediates/startup/default/startup_config.json cache.
[2026-06-05T12:48:26.673] [DEBUG] debug-file - Incremental task entry:default@ProcessStartupConfig post-execution cost:1 ms .
[2026-06-05T12:48:26.673] [DEBUG] debug-file - There is no need to refresh cache, since the incremental task entry:default@ProcessResource is up-to-date.
[2026-06-05T12:48:26.673] [DEBUG] debug-file - There is no need to refresh cache, since the incremental task entry:default@GenerateLoaderJson is up-to-date.
[2026-06-05T12:48:26.673] [DEBUG] debug-file - There is no need to refresh cache, since the incremental task entry:default@ProcessLibs is up-to-date.
[2026-06-05T12:48:26.673] [DEBUG] debug-file - There is no need to refresh cache, since the incremental task entry:default@CompileResource is up-to-date.
[2026-06-05T12:48:26.673] [DEBUG] debug-file - There is no need to refresh cache, since the incremental task entry:default@DoNativeStrip is up-to-date.
[2026-06-05T12:48:26.673] [DEBUG] debug-file - Update task entry:default@CompileArkTS input file:/Users/wangyifan/Downloads/harmonyOS/harmonychat-main/entry/build/default/intermediates/loader/default cache by regenerate.
[2026-06-05T12:48:26.673] [DEBUG] debug-file - Update task entry:default@CompileArkTS input file:/Users/wangyifan/Downloads/harmonyOS/harmonychat-main/oh_modules/.ohpm/mobileimsdk@hoop830zxxr8xnn6crmdrvjoor6h7alv6wz1iybybxq=/oh_modules/mobileimsdk/src/main/ets cache by regenerate.
[2026-06-05T12:48:26.674] [DEBUG] debug-file - Update task entry:default@CompileArkTS input file:/Users/wangyifan/Downloads/harmonyOS/harmonychat-main/entry/build/default/intermediates/res/default/resources/rawfile cache by regenerate.
[2026-06-05T12:48:26.674] [DEBUG] debug-file - Update task entry:default@CompileArkTS input file:/Users/wangyifan/Downloads/harmonyOS/harmonychat-main/entry/build/default/intermediates/res/default/ResourceTable.txt cache by regenerate.
[2026-06-05T12:48:26.674] [DEBUG] debug-file - Update task entry:default@CompileArkTS input file:/Users/wangyifan/Downloads/harmonyOS/harmonychat-main/entry/build/default/intermediates/res/default/ark_module.json cache by regenerate.
[2026-06-05T12:48:26.674] [DEBUG] debug-file - Update task entry:default@CompileArkTS input file:/Users/wangyifan/Downloads/harmonyOS/harmonychat-main/entry/build/default/intermediates/res/default/resources/base/profile cache by regenerate.
[2026-06-05T12:48:26.674] [DEBUG] debug-file - Update task entry:default@CompileArkTS input file:/Users/wangyifan/Downloads/harmonyOS/harmonychat-main/entry/src/main/ets cache from map.
[2026-06-05T12:48:26.674] [DEBUG] debug-file - Update task entry:default@CompileArkTS input file:/Users/wangyifan/Downloads/harmonyOS/harmonychat-main/entry/build/default/intermediates/loader/default/pkgContextInfo.json cache by regenerate.
[2026-06-05T12:48:26.674] [DEBUG] debug-file - Update task entry:default@CompileArkTS input file:/Users/wangyifan/Downloads/harmonyOS/harmonychat-main/entry/build/default/generated/profile/default/BuildProfile.ets cache by regenerate.
[2026-06-05T12:48:26.674] [DEBUG] debug-file - Update task entry:default@CompileArkTS output file:/Users/wangyifan/Downloads/harmonyOS/harmonychat-main/entry/build/default/intermediates/loader_out/default/ets cache.
[2026-06-05T12:48:26.674] [DEBUG] debug-file - Incremental task entry:default@CompileArkTS post-execution cost:2 ms .
[2026-06-05T12:48:26.674] [DEBUG] debug-file - Update task entry:default@BuildJS input file:/Users/wangyifan/Downloads/harmonyOS/harmonychat-main/entry/build/default/intermediates/loader/default cache by regenerate.
[2026-06-05T12:48:26.674] [DEBUG] debug-file - Update task entry:default@BuildJS input file:/Users/wangyifan/Downloads/harmonyOS/harmonychat-main/entry/build/default/intermediates/res/default/resources/rawfile cache by regenerate.
[2026-06-05T12:48:26.674] [DEBUG] debug-file - Update task entry:default@BuildJS input file:/Users/wangyifan/Downloads/harmonyOS/harmonychat-main/entry/build/default/intermediates/res/default/ResourceTable.txt cache by regenerate.
[2026-06-05T12:48:26.674] [DEBUG] debug-file - Update task entry:default@BuildJS input file:/Users/wangyifan/Downloads/harmonyOS/harmonychat-main/entry/build/default/intermediates/res/default/ark_module.json cache by regenerate.
[2026-06-05T12:48:26.674] [DEBUG] debug-file - Update task entry:default@BuildJS input file:/Users/wangyifan/Downloads/harmonyOS/harmonychat-main/entry/build/default/intermediates/res/default/resources/base/profile cache by regenerate.
[2026-06-05T12:48:26.675] [DEBUG] debug-file - Update task entry:default@BuildJS input file:/Users/wangyifan/Downloads/harmonyOS/harmonychat-main/entry/build/default/intermediates/loader/default/pkgContextInfo.json cache by regenerate.
[2026-06-05T12:48:26.675] [DEBUG] debug-file - Update task entry:default@BuildJS output file:/Users/wangyifan/Downloads/harmonyOS/harmonychat-main/entry/build/default/intermediates/loader_out/default/js cache.
[2026-06-05T12:48:26.675] [DEBUG] debug-file - Incremental task entry:default@BuildJS post-execution cost:1 ms .
[2026-06-05T12:48:26.675] [DEBUG] debug-file - There is no need to refresh cache, since the incremental task entry:default@CacheNativeLibs is up-to-date.
[2026-06-05T12:48:26.675] [DEBUG] debug-file - There is no need to refresh cache, since the incremental task entry:default@GeneratePkgModuleJson is up-to-date.
[2026-06-05T12:48:26.675] [DEBUG] debug-file - Incremental task entry:default@ProcessCompiledResources post-execution cost:1 ms .
[2026-06-05T12:48:26.675] [DEBUG] debug-file - Update task entry:default@PackageHap input file:/Users/wangyifan/Downloads/harmonyOS/harmonychat-main/entry/build/default/intermediates/stripped_native_libs/default cache by regenerate.
[2026-06-05T12:48:26.675] [DEBUG] debug-file - Update task entry:default@PackageHap input file:/Users/wangyifan/Downloads/harmonyOS/harmonychat-main/entry/build/default/intermediates/res/default/module.json cache by regenerate.
[2026-06-05T12:48:26.675] [DEBUG] debug-file - Update task entry:default@PackageHap input file:/Users/wangyifan/Downloads/harmonyOS/harmonychat-main/entry/build/default/intermediates/res/default/resources cache by regenerate.
[2026-06-05T12:48:26.675] [DEBUG] debug-file - Update task entry:default@PackageHap input file:/Users/wangyifan/Downloads/harmonyOS/harmonychat-main/entry/build/default/intermediates/res/default/resources.index cache by regenerate.
[2026-06-05T12:48:26.675] [DEBUG] debug-file - Update task entry:default@PackageHap input file:/Users/wangyifan/Downloads/harmonyOS/harmonychat-main/entry/build/default/outputs/default/pack.info cache by regenerate.
[2026-06-05T12:48:26.675] [DEBUG] debug-file - Update task entry:default@PackageHap input file:/Users/wangyifan/Downloads/harmonyOS/harmonychat-main/entry/build/default/intermediates/loader_out/default/ets cache from map.
[2026-06-05T12:48:26.675] [DEBUG] debug-file - Update task entry:default@PackageHap input file:/Users/wangyifan/Downloads/harmonyOS/harmonychat-main/entry/build/default/intermediates/loader/default/pkgContextInfo.json cache by regenerate.
[2026-06-05T12:48:26.675] [DEBUG] debug-file - Update task entry:default@PackageHap input file:/Users/wangyifan/Downloads/harmonyOS/harmonychat-main/entry/build/default/intermediates/loader_out/default/ets/sourceMaps.map cache by regenerate.
[2026-06-05T12:48:26.675] [DEBUG] debug-file - Update task entry:default@PackageHap input file:/Users/wangyifan/Downloads/harmonyOS/harmonychat-main/entry/build/default/generated/profile/default/BuildProfile.ets cache by regenerate.
[2026-06-05T12:48:26.675] [DEBUG] debug-file - Update task entry:default@PackageHap output file:/Users/wangyifan/Downloads/harmonyOS/harmonychat-main/entry/build/default/outputs/default/entry-default-unsigned.hap cache.
[2026-06-05T12:48:26.675] [DEBUG] debug-file - Update task entry:default@PackageHap output file:/Users/wangyifan/Downloads/harmonyOS/harmonychat-main/entry/build/default/intermediates/source_map/default/sourceMaps.map cache.
[2026-06-05T12:48:26.675] [DEBUG] debug-file - Update task entry:default@PackageHap output file:/Users/wangyifan/Downloads/harmonyOS/harmonychat-main/entry/build/default/outputs/default/mapping/sourceMaps.map cache.
[2026-06-05T12:48:26.675] [DEBUG] debug-file - Incremental task entry:default@PackageHap post-execution cost:1 ms .
[2026-06-05T12:48:26.675] [DEBUG] debug-file - Update task entry:default@SignHap input file:/Users/wangyifan/Downloads/harmonyOS/harmonychat-main/entry/build/default/outputs/default/entry-default-unsigned.hap cache from map.
[2026-06-05T12:48:26.675] [DEBUG] debug-file - Update task entry:default@SignHap output file:/Users/wangyifan/Downloads/harmonyOS/harmonychat-main/entry/build/default/outputs/default/entry-default-signed.hap cache.
[2026-06-05T12:48:26.675] [DEBUG] debug-file - Incremental task entry:default@SignHap post-execution cost:1 ms .
[2026-06-05T12:48:26.675] [DEBUG] debug-file - Update task entry:default@CollectDebugSymbol input file:/Users/wangyifan/Downloads/harmonyOS/harmonychat-main/entry/build/default/intermediates/loader_out/default/ets/sourceMaps.map cache by regenerate.
[2026-06-05T12:48:26.675] [DEBUG] debug-file - Update task entry:default@CollectDebugSymbol input file:/Users/wangyifan/Downloads/harmonyOS/harmonychat-main/entry/build/default/intermediates/libs/default cache by regenerate.
[2026-06-05T12:48:26.675] [DEBUG] debug-file - Update task entry:default@CollectDebugSymbol output file:/Users/wangyifan/Downloads/harmonyOS/harmonychat-main/entry/build/default/outputs/default/symbol cache.
[2026-06-05T12:48:26.676] [DEBUG] debug-file - Incremental task entry:default@CollectDebugSymbol post-execution cost:1 ms .
[2026-06-05T12:48:26.681] [DEBUG] debug-file - Cleanup worker 8.
[2026-06-05T12:48:26.681] [DEBUG] debug-file - Worker 8 has been cleaned up.
[2026-06-05T12:48:26.681] [DEBUG] debug-file - Current idle worker size: 1.
[2026-06-05T12:48:26.681] [DEBUG] debug-file - Current resident worker size: 2.
[2026-06-05T12:48:26.681] [DEBUG] debug-file - hvigor build process will be closed.
[2026-06-05T12:48:26.683] [DEBUG] debug-file - session manager: send message to worker process.
[2026-06-05T12:48:26.683] [DEBUG] debug-file - session manager: send message to worker process.
[2026-06-05T12:48:26.683] [DEBUG] debug-file - watch worker: worker id should be larger than 0. Nothing will be sent to any worker thread.
[2026-06-05T12:48:26.683] [DEBUG] debug-file - watch worker: worker id should be larger than 0. Nothing will be sent to any worker thread.
[2026-06-05T12:48:26.684] [DEBUG] debug-file - worker[8] exits with exit code 1.
[2026-06-05T12:49:10.062] [DEBUG] debug-file - session manager: set active socket. socketId=PoWZQMofsyuK3r1JAAAJ
[2026-06-05T12:49:10.063] [DEBUG] debug-file - watch worker: worker id should be larger than 0. Nothing will be sent to any worker thread.
[2026-06-05T12:49:10.064] [DEBUG] debug-file - Workers' log level updated to INFO
[2026-06-05T12:49:10.065] [DEBUG] debug-file - Hvigor init with startParameters:{
  hvigorfileTypeCheck: false,
  parallelExecution: true,
  incrementalExecution: true,
  printStackTrace: false,
  daemon: true,
  analyze: 0,
  logLevel: Level { level: 20000, levelStr: 'INFO', colour: 'green' },
  optimizationStrategy: 'memory',
  hotCompile: undefined,
  hotReloadBuild: undefined,
  customizedParam: undefined
}
[2026-06-05T12:49:10.068] [DEBUG] debug-file - Cache service initialization finished in 3 ms 
[2026-06-05T12:49:10.068] [DEBUG] debug-file - hvigorfile, resolving /Users/wangyifan/Downloads/harmonyOS/harmonychat-main/hvigorfile.ts
[2026-06-05T12:49:10.100] [DEBUG] debug-file - hvigorfile, require result:  { default: { plugins: [] } }
[2026-06-05T12:49:10.100] [DEBUG] debug-file - hvigorfile, binding system plugins null
[2026-06-05T12:49:10.100] [DEBUG] debug-file - Starting plugin build process
[2026-06-05T12:49:10.100] [DEBUG] debug-file - App plugin prepare start...
[2026-06-05T12:49:10.100] [DEBUG] debug-file - App plugin prepare end...
[2026-06-05T12:49:10.100] [DEBUG] debug-file - App plugin creating...
[2026-06-05T12:49:10.107] [DEBUG] debug-file - App plugin register hook start...
[2026-06-05T12:49:10.108] [DEBUG] debug-file - App plugin register hook end...
[2026-06-05T12:49:10.108] [DEBUG] debug-file - Plugin build process completed
[2026-06-05T12:49:10.108] [DEBUG] debug-file - Start initialize project's product build option map with build mode debug.
[2026-06-05T12:49:10.108] [DEBUG] debug-file - Picking option from product 'default' with build mode 'debug'.
[2026-06-05T12:49:10.108] [DEBUG] debug-file - Product 'default' build option initialized
[2026-06-05T12:49:10.108] [DEBUG] debug-file - End initialize project's product build option map with build mode 'debug'.
[2026-06-05T12:49:10.108] [DEBUG] debug-file - Obtain build option for product 'default'in this build.
[2026-06-05T12:49:10.109] [DEBUG] debug-file - No signingConfig found, initRemoteHspCache failed.
[2026-06-05T12:49:10.109] [DEBUG] debug-file - Start recording SDK configuration permission data.
[2026-06-05T12:49:10.122] [DEBUG] debug-file - Sdk init in 14 ms 
[2026-06-05T12:49:10.123] [DEBUG] debug-file - Project task initialization takes 2 ms 
[2026-06-05T12:49:10.124] [DEBUG] debug-file - hvigorfile, begin to bind custom plugins...
[2026-06-05T12:49:10.124] [DEBUG] debug-file - hvigorfile, no custom plugins were found in /Users/wangyifan/Downloads/harmonyOS/harmonychat-main/hvigorfile.ts
[2026-06-05T12:49:10.124] [DEBUG] debug-file - hvigorfile, resolve finished /Users/wangyifan/Downloads/harmonyOS/harmonychat-main/hvigorfile.ts
[2026-06-05T12:49:10.124] [DEBUG] debug-file - hvigorfile, resolving /Users/wangyifan/Downloads/harmonyOS/harmonychat-main/entry/hvigorfile.ts
[2026-06-05T12:49:10.125] [DEBUG] debug-file - hvigorfile, require result:  { default: { plugins: [] } }
[2026-06-05T12:49:10.125] [DEBUG] debug-file - hvigorfile, binding system plugins null
[2026-06-05T12:49:10.125] [DEBUG] debug-file - Starting plugin build process
[2026-06-05T12:49:10.125] [DEBUG] debug-file - Hap plugin creating...
[2026-06-05T12:49:10.125] [DEBUG] debug-file - failed to load cangjie to dynamically generate schemas: Error: Cannot find module '@ohos/cangjie-build-support/index'
Require stack:
- /Applications/DevEco-Studio.app/Contents/tools/hvigor/hvigor-ohos-plugin/src/plugin/hooks/cangjie-register.js
- /Applications/DevEco-Studio.app/Contents/tools/hvigor/hvigor-ohos-plugin/src/plugin/strategy/stage-init-strategy.js
- /Applications/DevEco-Studio.app/Contents/tools/hvigor/hvigor-ohos-plugin/src/plugin/builder/abstract-plugin-builder.js
- /Applications/DevEco-Studio.app/Contents/tools/hvigor/hvigor-ohos-plugin/src/plugin/builder/app-plugin-builder.js
- /Applications/DevEco-Studio.app/Contents/tools/hvigor/hvigor-ohos-plugin/src/plugin/factory/plugin-factory.js
- /Applications/DevEco-Studio.app/Contents/tools/hvigor/hvigor-ohos-plugin/index.js
- /Users/wangyifan/Downloads/harmonyOS/harmonychat-main/hvigorfile.ts
- /Applications/DevEco-Studio.app/Contents/tools/hvigor/hvigor/src/base/internal/lifecycle/configuration.js
- /Applications/DevEco-Studio.app/Contents/tools/hvigor/hvigor/src/base/boot/index.js
- /Applications/DevEco-Studio.app/Contents/tools/hvigor/hvigor/src/base/daemon/cluster/worker-process-lifecycle.js
- /Applications/DevEco-Studio.app/Contents/tools/hvigor/hvigor/src/base/daemon/process/daemon-process-boot-script.js
[2026-06-05T12:49:10.128] [DEBUG] debug-file - Start initialize module-target build option map, moduleName=entry, buildMode=debug
[2026-06-05T12:49:10.128] [DEBUG] debug-file - Target 'default' config initialized
[2026-06-05T12:49:10.128] [DEBUG] debug-file - Module 'entry' target 'default' build option initialized
[2026-06-05T12:49:10.129] [DEBUG] debug-file - End initialize module-target build option map, moduleName=entry
[2026-06-05T12:49:10.129] [DEBUG] debug-file - Start initialize module-target build option map, moduleName=entry, buildMode=release
[2026-06-05T12:49:10.129] [DEBUG] debug-file - Target 'default' config initialized
[2026-06-05T12:49:10.129] [DEBUG] debug-file - Module 'entry' target 'default' build option initialized
[2026-06-05T12:49:10.129] [DEBUG] debug-file - End initialize module-target build option map, moduleName=entry
[2026-06-05T12:49:10.129] [DEBUG] debug-file - Start initialize module-target build option map, moduleName=entry, buildMode=debug
[2026-06-05T12:49:10.129] [DEBUG] debug-file - Target 'default' config initialized
[2026-06-05T12:49:10.129] [DEBUG] debug-file - Module 'entry' target 'default' build option initialized
[2026-06-05T12:49:10.129] [DEBUG] debug-file - End initialize module-target build option map, moduleName=entry
[2026-06-05T12:49:10.129] [DEBUG] debug-file - Obtain build option for module 'entry' target 'default'in this build.
[2026-06-05T12:49:10.130] [DEBUG] debug-file - Module entry task initialization takes 2 ms 
[2026-06-05T12:49:10.130] [DEBUG] debug-file - Hap plugin register hook start...
[2026-06-05T12:49:10.130] [DEBUG] debug-file - Hap plugin register hook end...
[2026-06-05T12:49:10.130] [DEBUG] debug-file - Plugin build process completed
[2026-06-05T12:49:10.130] [DEBUG] debug-file - hvigorfile, begin to bind custom plugins...
[2026-06-05T12:49:10.130] [DEBUG] debug-file - hvigorfile, no custom plugins were found in /Users/wangyifan/Downloads/harmonyOS/harmonychat-main/entry/hvigorfile.ts
[2026-06-05T12:49:10.130] [DEBUG] debug-file - hvigorfile, resolve finished /Users/wangyifan/Downloads/harmonyOS/harmonychat-main/entry/hvigorfile.ts
[2026-06-05T12:49:10.163] [DEBUG] debug-file - hvigorfile, resolve hvigorfile dependencies in 33 ms 
[2026-06-05T12:49:10.163] [DEBUG] debug-file - project has submodules:entry
[2026-06-05T12:49:10.164] [DEBUG] debug-file - start to load updatedOhPackageInfo to the disk
[2026-06-05T12:49:10.164] [DEBUG] debug-file - load to the disk finished
[2026-06-05T12:49:10.164] [DEBUG] debug-file - Start to initialize dependency information.
[2026-06-05T12:49:10.165] [DEBUG] debug-file - Module harmonychat-main Collected Dependency: 
[2026-06-05T12:49:10.165] [DEBUG] debug-file - Module harmonychat-main's total dependency: 0
[2026-06-05T12:49:10.165] [DEBUG] debug-file - Start to initialize dependency information.
[2026-06-05T12:49:10.165] [DEBUG] debug-file - Module entry Collected Dependency: /Users/wangyifan/Downloads/harmonyOS/harmonychat-main/oh_modules/.ohpm/mobileimsdk@hoop830zxxr8xnn6crmdrvjoor6h7alv6wz1iybybxq=/oh_modules/mobileimsdk
[2026-06-05T12:49:10.165] [DEBUG] debug-file - Module entry's total dependency: 1
[2026-06-05T12:49:10.166] [DEBUG] debug-file - Configuration phase cost:99 ms 
[2026-06-05T12:49:10.167] [DEBUG] debug-file - Configuration task cost before running: 103 ms 
[2026-06-05T12:49:10.168] [DEBUG] debug-file - Executing task :entry:default@PreBuild
[2026-06-05T12:49:10.169] [DEBUG] debug-file - Task 'entry:default@PreBuild' cost while wrapping incremental declarations: 1 ms 
[2026-06-05T12:49:10.170] [DEBUG] debug-file - entry:default@PreBuild is not up-to-date, since the task snapshots are different.
[2026-06-05T12:49:10.170] [DEBUG] debug-file - Incremental task entry:default@PreBuild pre-execution cost: 1 ms .
[2026-06-05T12:49:10.177] [DEBUG] debug-file - current product is not Atomic service.
[2026-06-05T12:49:10.177] [DEBUG] debug-file - Use tool [darwin: JAVA_HOME, CLASSPATH]
 [
  {
    JAVA_HOME: '/Applications/DevEco-Studio.app/Contents/jbr/Contents/Home'
  },
  { CLASSPATH: undefined }
]
[2026-06-05T12:49:10.177] [DEBUG] debug-file - Use tool [darwin: NODE_HOME]
 [
  {
    NODE_HOME: '/Applications/DevEco-Studio.app/Contents/tools/node/bin'
  }
]
[2026-06-05T12:49:10.177] [DEBUG] debug-file - entry : default@PreBuild cost memory 1.3972015380859375
[2026-06-05T12:49:10.177] [DEBUG] debug-file - runTaskFromQueue task cost before running: 114 ms 
[2026-06-05T12:49:10.178] [INFO] debug-file - Finished :entry:default@PreBuild... after 10 ms 
[2026-06-05T12:49:10.178] [DEBUG] debug-file - Executing task :entry:default@CreateModuleInfo
[2026-06-05T12:49:10.178] [DEBUG] debug-file - Task 'entry:default@CreateModuleInfo' cost while wrapping incremental declarations: 1 ms 
[2026-06-05T12:49:10.178] [DEBUG] debug-file - entry : default@CreateModuleInfo cost memory 0.040069580078125
[2026-06-05T12:49:10.178] [DEBUG] debug-file - runTaskFromQueue task cost before running: 114 ms 
[2026-06-05T12:49:10.178] [INFO] debug-file - Finished :entry:default@CreateModuleInfo... after 1 ms 
[2026-06-05T12:49:10.178] [DEBUG] debug-file - Executing task :entry:default@GenerateMetadata
[2026-06-05T12:49:10.178] [DEBUG] debug-file - Task 'entry:default@GenerateMetadata' cost while wrapping incremental declarations: 1 ms 
[2026-06-05T12:49:10.178] [DEBUG] debug-file - Incremental task entry:default@GenerateMetadata pre-execution cost: 1 ms .
[2026-06-05T12:49:10.178] [DEBUG] debug-file - entry : default@GenerateMetadata cost memory 0.07372283935546875
[2026-06-05T12:49:10.178] [INFO] debug-file - UP-TO-DATE :entry:default@GenerateMetadata...  
[2026-06-05T12:49:10.179] [DEBUG] debug-file - Executing task :entry:default@ConfigureCmake
[2026-06-05T12:49:10.179] [DEBUG] debug-file - entry : default@ConfigureCmake cost memory 0.0145263671875
[2026-06-05T12:49:10.179] [DEBUG] debug-file - runTaskFromQueue task cost before running: 115 ms 
[2026-06-05T12:49:10.179] [INFO] debug-file - Finished :entry:default@ConfigureCmake... after 1 ms 
[2026-06-05T12:49:10.179] [DEBUG] debug-file - Executing task :entry:default@MergeProfile
[2026-06-05T12:49:10.179] [DEBUG] debug-file - Task 'entry:default@MergeProfile' cost while wrapping incremental declarations: 1 ms 
[2026-06-05T12:49:10.179] [DEBUG] debug-file - Incremental task entry:default@MergeProfile pre-execution cost: 1 ms .
[2026-06-05T12:49:10.179] [DEBUG] debug-file - entry : default@MergeProfile cost memory 0.12424468994140625
[2026-06-05T12:49:10.179] [INFO] debug-file - UP-TO-DATE :entry:default@MergeProfile...  
[2026-06-05T12:49:10.180] [DEBUG] debug-file - Executing task :entry:default@CreateBuildProfile
[2026-06-05T12:49:10.180] [DEBUG] debug-file - Task 'entry:default@CreateBuildProfile' cost while wrapping incremental declarations: 1 ms 
[2026-06-05T12:49:10.180] [DEBUG] debug-file - Incremental task entry:default@CreateBuildProfile pre-execution cost: 1 ms .
[2026-06-05T12:49:10.180] [DEBUG] debug-file - entry : default@CreateBuildProfile cost memory 0.0906829833984375
[2026-06-05T12:49:10.180] [INFO] debug-file - UP-TO-DATE :entry:default@CreateBuildProfile...  
[2026-06-05T12:49:10.180] [DEBUG] debug-file - Executing task :entry:default@PreCheckSyscap
[2026-06-05T12:49:10.180] [DEBUG] debug-file - entry : default@PreCheckSyscap cost memory 0.01474761962890625
[2026-06-05T12:49:10.180] [DEBUG] debug-file - runTaskFromQueue task cost before running: 116 ms 
[2026-06-05T12:49:10.180] [INFO] debug-file - Finished :entry:default@PreCheckSyscap... after 1 ms 
[2026-06-05T12:49:10.180] [DEBUG] debug-file - Executing task :entry:default@GeneratePkgContextInfo
[2026-06-05T12:49:10.182] [DEBUG] debug-file - Task 'entry:default@GeneratePkgContextInfo' cost while wrapping incremental declarations: 1 ms 
[2026-06-05T12:49:10.182] [DEBUG] debug-file - Incremental task entry:default@GeneratePkgContextInfo pre-execution cost: 1 ms .
[2026-06-05T12:49:10.182] [DEBUG] debug-file - entry : default@GeneratePkgContextInfo cost memory 0.34615325927734375
[2026-06-05T12:49:10.182] [INFO] debug-file - UP-TO-DATE :entry:default@GeneratePkgContextInfo...  
[2026-06-05T12:49:10.182] [DEBUG] debug-file - Executing task :entry:default@GeneratePkgSdkInfo
[2026-06-05T12:49:10.182] [DEBUG] debug-file - Task 'entry:default@GeneratePkgSdkInfo' cost while wrapping incremental declarations: 1 ms 
[2026-06-05T12:49:10.182] [DEBUG] debug-file - entry : default@GeneratePkgSdkInfo cost memory 0.11321258544921875
[2026-06-05T12:49:10.182] [DEBUG] debug-file - runTaskFromQueue task cost before running: 119 ms 
[2026-06-05T12:49:10.183] [INFO] debug-file - Finished :entry:default@GeneratePkgSdkInfo... after 1 ms 
[2026-06-05T12:49:10.183] [DEBUG] debug-file - Executing task :entry:default@ProcessIntegratedHsp
[2026-06-05T12:49:10.183] [DEBUG] debug-file - entry:default@ProcessIntegratedHsp is not up-to-date, since the output file '/Users/wangyifan/Downloads/harmonyOS/harmonychat-main/build/cache/default/integrated_hsp/integratedHspCache.json' does not exist.
[2026-06-05T12:49:10.183] [DEBUG] debug-file - Incremental task entry:default@ProcessIntegratedHsp pre-execution cost: 1 ms .
[2026-06-05T12:49:10.183] [DEBUG] debug-file - entry : default@ProcessIntegratedHsp cost memory 0.05764007568359375
[2026-06-05T12:49:10.183] [DEBUG] debug-file - runTaskFromQueue task cost before running: 119 ms 
[2026-06-05T12:49:10.183] [INFO] debug-file - Finished :entry:default@ProcessIntegratedHsp... after 1 ms 
[2026-06-05T12:49:10.183] [DEBUG] debug-file - Executing task :entry:default@BuildNativeWithCmake
[2026-06-05T12:49:10.183] [DEBUG] debug-file - entry : default@BuildNativeWithCmake cost memory 0.0145263671875
[2026-06-05T12:49:10.183] [DEBUG] debug-file - runTaskFromQueue task cost before running: 119 ms 
[2026-06-05T12:49:10.183] [INFO] debug-file - Finished :entry:default@BuildNativeWithCmake... after 1 ms 
[2026-06-05T12:49:10.185] [DEBUG] debug-file - Executing task :entry:default@MakePackInfo
[2026-06-05T12:49:10.186] [DEBUG] debug-file - Incremental task entry:default@MakePackInfo pre-execution cost: 1 ms .
[2026-06-05T12:49:10.186] [DEBUG] debug-file - entry : default@MakePackInfo cost memory 0.09686279296875
[2026-06-05T12:49:10.186] [INFO] debug-file - UP-TO-DATE :entry:default@MakePackInfo...  
[2026-06-05T12:49:10.186] [DEBUG] debug-file - Executing task :entry:default@SyscapTransform
[2026-06-05T12:49:10.186] [DEBUG] debug-file - File: '/Users/wangyifan/Downloads/harmonyOS/harmonychat-main/entry/src/main/syscap.json' from 'sysCapJsonPath' is not exists, just ignore.
[2026-06-05T12:49:10.186] [DEBUG] debug-file - Task 'entry:default@SyscapTransform' cost while wrapping incremental declarations: 1 ms 
[2026-06-05T12:49:10.187] [DEBUG] debug-file - entry:default@SyscapTransform is not up-to-date, since the output file '/Users/wangyifan/Downloads/harmonyOS/harmonychat-main/entry/build/default/intermediates/syscap/default/rpcid.sc' does not exist.
[2026-06-05T12:49:10.187] [DEBUG] debug-file - Incremental task entry:default@SyscapTransform pre-execution cost: 1 ms .
[2026-06-05T12:49:10.187] [DEBUG] debug-file - entry : default@SyscapTransform cost memory 0.10820770263671875
[2026-06-05T12:49:10.187] [DEBUG] debug-file - runTaskFromQueue task cost before running: 123 ms 
[2026-06-05T12:49:10.187] [INFO] debug-file - Finished :entry:default@SyscapTransform... after 1 ms 
[2026-06-05T12:49:10.187] [DEBUG] debug-file - Executing task :entry:default@ProcessProfile
[2026-06-05T12:49:10.187] [DEBUG] debug-file - Task 'entry:default@ProcessProfile' cost while wrapping incremental declarations: 1 ms 
[2026-06-05T12:49:10.188] [DEBUG] debug-file - Incremental task entry:default@ProcessProfile pre-execution cost: 1 ms .
[2026-06-05T12:49:10.188] [DEBUG] debug-file - entry : default@ProcessProfile cost memory 0.1211090087890625
[2026-06-05T12:49:10.188] [INFO] debug-file - UP-TO-DATE :entry:default@ProcessProfile...  
[2026-06-05T12:49:10.188] [DEBUG] debug-file - Executing task :entry:default@ProcessRouterMap
[2026-06-05T12:49:10.189] [DEBUG] debug-file - Incremental task entry:default@ProcessRouterMap pre-execution cost: 1 ms .
[2026-06-05T12:49:10.189] [DEBUG] debug-file - entry : default@ProcessRouterMap cost memory 0.14658355712890625
[2026-06-05T12:49:10.190] [INFO] debug-file - UP-TO-DATE :entry:default@ProcessRouterMap...  
[2026-06-05T12:49:10.190] [DEBUG] debug-file - Executing task :entry:default@ProcessShareConfig
[2026-06-05T12:49:10.191] [DEBUG] debug-file - Incremental task entry:default@ProcessShareConfig pre-execution cost: 1 ms .
[2026-06-05T12:49:10.191] [DEBUG] debug-file - entry : default@ProcessShareConfig cost memory 0.126556396484375
[2026-06-05T12:49:10.191] [INFO] debug-file - UP-TO-DATE :entry:default@ProcessShareConfig...  
[2026-06-05T12:49:10.191] [DEBUG] debug-file - Executing task :entry:default@ProcessStartupConfig
[2026-06-05T12:49:10.191] [DEBUG] debug-file - Task 'entry:default@ProcessStartupConfig' cost while wrapping incremental declarations: 1 ms 
[2026-06-05T12:49:10.191] [DEBUG] debug-file - entry:default@ProcessStartupConfig is not up-to-date, since the output file '/Users/wangyifan/Downloads/harmonyOS/harmonychat-main/entry/build/default/intermediates/startup/default/startup_config.json' does not exist.
[2026-06-05T12:49:10.191] [DEBUG] debug-file - Incremental task entry:default@ProcessStartupConfig pre-execution cost: 1 ms .
[2026-06-05T12:49:10.192] [DEBUG] debug-file - entry : default@ProcessStartupConfig cost memory 0.1387939453125
[2026-06-05T12:49:10.192] [DEBUG] debug-file - runTaskFromQueue task cost before running: 128 ms 
[2026-06-05T12:49:10.192] [INFO] debug-file - Finished :entry:default@ProcessStartupConfig... after 1 ms 
[2026-06-05T12:49:10.192] [DEBUG] debug-file - Executing task :entry:default@BuildNativeWithNinja
[2026-06-05T12:49:10.192] [DEBUG] debug-file - entry : default@BuildNativeWithNinja cost memory 0.02019500732421875
[2026-06-05T12:49:10.192] [DEBUG] debug-file - runTaskFromQueue task cost before running: 128 ms 
[2026-06-05T12:49:10.192] [INFO] debug-file - Finished :entry:default@BuildNativeWithNinja... after 1 ms 
[2026-06-05T12:49:10.193] [DEBUG] debug-file - restool module names: entry; moduleName=entry, taskName=default@ProcessResource
[2026-06-05T12:49:10.193] [DEBUG] debug-file - Executing task :entry:default@ProcessResource
[2026-06-05T12:49:10.193] [DEBUG] debug-file - Task 'entry:default@ProcessResource' cost while wrapping incremental declarations: 1 ms 
[2026-06-05T12:49:10.193] [DEBUG] debug-file - Incremental task entry:default@ProcessResource pre-execution cost: 1 ms .
[2026-06-05T12:49:10.193] [DEBUG] debug-file - entry : default@ProcessResource cost memory 0.12548828125
[2026-06-05T12:49:10.194] [INFO] debug-file - UP-TO-DATE :entry:default@ProcessResource...  
[2026-06-05T12:49:10.194] [DEBUG] debug-file - Executing task :entry:default@GenerateLoaderJson
[2026-06-05T12:49:10.194] [DEBUG] debug-file - Task 'entry:default@GenerateLoaderJson' cost while wrapping incremental declarations: 1 ms 
[2026-06-05T12:49:10.197] [DEBUG] debug-file - Incremental task entry:default@GenerateLoaderJson pre-execution cost: 2 ms .
[2026-06-05T12:49:10.197] [DEBUG] debug-file - entry : default@GenerateLoaderJson cost memory 0.5346908569335938
[2026-06-05T12:49:10.198] [INFO] debug-file - UP-TO-DATE :entry:default@GenerateLoaderJson...  
[2026-06-05T12:49:10.198] [DEBUG] debug-file - Executing task :entry:default@ProcessLibs
[2026-06-05T12:49:10.199] [DEBUG] debug-file - Incremental task entry:default@ProcessLibs pre-execution cost: 1 ms .
[2026-06-05T12:49:10.199] [DEBUG] debug-file - entry : default@ProcessLibs cost memory 0.160552978515625
[2026-06-05T12:49:10.199] [INFO] debug-file - UP-TO-DATE :entry:default@ProcessLibs...  
[2026-06-05T12:49:10.199] [DEBUG] debug-file - restool module names: entry; moduleName=entry, taskName=default@CompileResource
[2026-06-05T12:49:10.199] [DEBUG] debug-file - Executing task :entry:default@CompileResource
[2026-06-05T12:49:10.201] [DEBUG] debug-file - Incremental task entry:default@CompileResource pre-execution cost: 2 ms .
[2026-06-05T12:49:10.202] [DEBUG] debug-file - entry : default@CompileResource cost memory 0.6850128173828125
[2026-06-05T12:49:10.202] [INFO] debug-file - UP-TO-DATE :entry:default@CompileResource...  
[2026-06-05T12:49:10.202] [DEBUG] debug-file - Executing task :entry:default@DoNativeStrip
[2026-06-05T12:49:10.202] [DEBUG] debug-file - File: '/Users/wangyifan/Downloads/harmonyOS/harmonychat-main/entry/build/default/intermediates/binxo/default' from 'doBinxoNativeLibs' is not exists, just ignore.
[2026-06-05T12:49:10.202] [DEBUG] debug-file - Task 'entry:default@DoNativeStrip' cost while wrapping incremental declarations: 1 ms 
[2026-06-05T12:49:10.202] [DEBUG] debug-file - Incremental task entry:default@DoNativeStrip pre-execution cost: 1 ms .
[2026-06-05T12:49:10.202] [DEBUG] debug-file - entry : default@DoNativeStrip cost memory 0.07613372802734375
[2026-06-05T12:49:10.202] [INFO] debug-file - UP-TO-DATE :entry:default@DoNativeStrip...  
[2026-06-05T12:49:10.203] [DEBUG] debug-file - Executing task :entry:default@CompileArkTS
[2026-06-05T12:49:10.203] [DEBUG] debug-file - obfuscationOptions: undefined
[2026-06-05T12:49:10.203] [DEBUG] debug-file - Task 'entry:default@CompileArkTS' cost while wrapping incremental declarations: 1 ms 
[2026-06-05T12:49:10.206] [DEBUG] debug-file - Incremental task entry:default@CompileArkTS pre-execution cost: 3 ms .
[2026-06-05T12:49:10.207] [DEBUG] debug-file - entry : default@CompileArkTS cost memory -4.073875427246094
[2026-06-05T12:49:10.207] [INFO] debug-file - UP-TO-DATE :entry:default@CompileArkTS...  
[2026-06-05T12:49:10.208] [DEBUG] debug-file - Executing task :entry:default@BuildJS
[2026-06-05T12:49:10.208] [DEBUG] debug-file - Task 'entry:default@BuildJS' cost while wrapping incremental declarations: 1 ms 
[2026-06-05T12:49:10.208] [DEBUG] debug-file - entry : default@BuildJS cost memory 0.13307952880859375
[2026-06-05T12:49:10.208] [DEBUG] debug-file - runTaskFromQueue task cost before running: 144 ms 
[2026-06-05T12:49:10.208] [INFO] debug-file - Finished :entry:default@BuildJS... after 1 ms 
[2026-06-05T12:49:10.208] [DEBUG] debug-file - Executing task :entry:default@CacheNativeLibs
[2026-06-05T12:49:10.208] [DEBUG] debug-file - File: '/Users/wangyifan/Downloads/harmonyOS/harmonychat-main/entry/build/default/intermediates/binxo/default' from 'cacheBinxoNativeLibs' is not exists, just ignore.
[2026-06-05T12:49:10.209] [DEBUG] debug-file - Task 'entry:default@CacheNativeLibs' cost while wrapping incremental declarations: 1 ms 
[2026-06-05T12:49:10.209] [DEBUG] debug-file - Incremental task entry:default@CacheNativeLibs pre-execution cost: 1 ms .
[2026-06-05T12:49:10.209] [DEBUG] debug-file - entry : default@CacheNativeLibs cost memory 0.08792877197265625
[2026-06-05T12:49:10.209] [INFO] debug-file - UP-TO-DATE :entry:default@CacheNativeLibs...  
[2026-06-05T12:49:10.209] [DEBUG] debug-file - Executing task :entry:default@GeneratePkgModuleJson
[2026-06-05T12:49:10.209] [DEBUG] debug-file - File: '/Users/wangyifan/Downloads/harmonyOS/harmonychat-main/entry/build/default/intermediates/preload/default/preload.json' from 'preloadSoJsonPath' is not exists, just ignore.
[2026-06-05T12:49:10.209] [DEBUG] debug-file - Error occurs while handling @Input 'shouldDeduplicateHar': The "data" argument must be of type string or an instance of Buffer, TypedArray, or DataView. Received undefined
[2026-06-05T12:49:10.209] [DEBUG] debug-file - Task 'entry:default@GeneratePkgModuleJson' cost while wrapping incremental declarations: 1 ms 
[2026-06-05T12:49:10.209] [DEBUG] debug-file - Incremental task entry:default@GeneratePkgModuleJson pre-execution cost: 1 ms .
[2026-06-05T12:49:10.209] [DEBUG] debug-file - entry : default@GeneratePkgModuleJson cost memory 0.08765411376953125
[2026-06-05T12:49:10.209] [INFO] debug-file - UP-TO-DATE :entry:default@GeneratePkgModuleJson...  
[2026-06-05T12:49:10.209] [DEBUG] debug-file - Executing task :entry:default@ProcessCompiledResources
[2026-06-05T12:49:10.209] [DEBUG] debug-file - File: '/Users/wangyifan/Downloads/harmonyOS/harmonychat-main/entry/build/default/intermediates/preload/default/preload.json' from 'preloadSoJsonPath' is not exists, just ignore.
[2026-06-05T12:49:10.209] [DEBUG] debug-file - Task 'entry:default@ProcessCompiledResources' cost while wrapping incremental declarations: 1 ms 
[2026-06-05T12:49:10.209] [DEBUG] debug-file - entry : default@ProcessCompiledResources cost memory 0.055816650390625
[2026-06-05T12:49:10.209] [DEBUG] debug-file - runTaskFromQueue task cost before running: 146 ms 
[2026-06-05T12:49:10.209] [INFO] debug-file - Finished :entry:default@ProcessCompiledResources... after 1 ms 
[2026-06-05T12:49:10.210] [DEBUG] debug-file - Executing task :entry:default@PackageHap
[2026-06-05T12:49:10.211] [DEBUG] debug-file - Incremental task entry:default@PackageHap pre-execution cost: 1 ms .
[2026-06-05T12:49:10.211] [DEBUG] debug-file - entry : default@PackageHap cost memory 0.32541656494140625
[2026-06-05T12:49:10.211] [INFO] debug-file - UP-TO-DATE :entry:default@PackageHap...  
[2026-06-05T12:49:10.211] [DEBUG] debug-file - Executing task :entry:default@PackingCheck
[2026-06-05T12:49:10.212] [DEBUG] debug-file - entry : default@PackingCheck cost memory 0.3797149658203125
[2026-06-05T12:49:10.212] [DEBUG] debug-file - runTaskFromQueue task cost before running: 148 ms 
[2026-06-05T12:49:10.212] [INFO] debug-file - Finished :entry:default@PackingCheck... after 2 ms 
[2026-06-05T12:49:10.212] [DEBUG] debug-file - Executing task :entry:default@SignHap
[2026-06-05T12:49:10.212] [WARN] debug-file - Will skip sign 'hos_hap'. No signingConfigs profile is configured in current project.
             If needed, configure the signingConfigs in /Users/wangyifan/Downloads/harmonyOS/harmonychat-main/build-profile.json5.
[2026-06-05T12:49:10.212] [DEBUG] debug-file - entry:default@SignHap is not up-to-date, since the output file '/Users/wangyifan/Downloads/harmonyOS/harmonychat-main/entry/build/default/outputs/default/entry-default-signed.hap' does not exist.
[2026-06-05T12:49:10.212] [DEBUG] debug-file - Incremental task entry:default@SignHap pre-execution cost: 1 ms .
[2026-06-05T12:49:10.212] [DEBUG] debug-file - entry : default@SignHap cost memory 0.0746612548828125
[2026-06-05T12:49:10.212] [DEBUG] debug-file - runTaskFromQueue task cost before running: 149 ms 
[2026-06-05T12:49:10.212] [INFO] debug-file - Finished :entry:default@SignHap... after 1 ms 
[2026-06-05T12:49:10.213] [DEBUG] debug-file - Executing task :entry:default@CollectDebugSymbol
[2026-06-05T12:49:10.213] [DEBUG] debug-file - entry : default@CollectDebugSymbol cost memory 0.08774566650390625
[2026-06-05T12:49:10.213] [DEBUG] debug-file - runTaskFromQueue task cost before running: 149 ms 
[2026-06-05T12:49:10.213] [INFO] debug-file - Finished :entry:default@CollectDebugSymbol... after 1 ms 
[2026-06-05T12:49:10.213] [DEBUG] debug-file - Executing task :entry:assembleHap
[2026-06-05T12:49:10.213] [DEBUG] debug-file - entry : assembleHap cost memory 0.0122528076171875
[2026-06-05T12:49:10.213] [DEBUG] debug-file - runTaskFromQueue task cost before running: 149 ms 
[2026-06-05T12:49:10.213] [INFO] debug-file - Finished :entry:assembleHap... after 1 ms 
[2026-06-05T12:49:10.213] [INFO] debug-file - BUILD SUCCESSFUL in 149 ms 
[2026-06-05T12:49:10.213] [DEBUG] debug-file - Update task entry:default@PreBuild input file:/Users/wangyifan/Downloads/harmonyOS/harmonychat-main/AppScope/app.json5 cache by regenerate.
[2026-06-05T12:49:10.213] [DEBUG] debug-file - Update task entry:default@PreBuild input file:/Users/wangyifan/Downloads/harmonyOS/harmonychat-main/entry/src/main/module.json5 cache by regenerate.
[2026-06-05T12:49:10.213] [DEBUG] debug-file - Update task entry:default@PreBuild input file:/Users/wangyifan/Downloads/harmonyOS/harmonychat-main/build-profile.json5 cache by regenerate.
[2026-06-05T12:49:10.213] [DEBUG] debug-file - Update task entry:default@PreBuild input file:/Users/wangyifan/Downloads/harmonyOS/harmonychat-main/entry/build-profile.json5 cache by regenerate.
[2026-06-05T12:49:10.213] [DEBUG] debug-file - Update task entry:default@PreBuild input file:/Users/wangyifan/Downloads/harmonyOS/harmonychat-main/entry/src/main/resources/base/profile/main_pages.json cache by regenerate.
[2026-06-05T12:49:10.213] [DEBUG] debug-file - Update task entry:default@PreBuild input file:/Users/wangyifan/Downloads/harmonyOS/harmonychat-main/hvigor/hvigor-config.json5 cache by regenerate.
[2026-06-05T12:49:10.214] [DEBUG] debug-file - Update task entry:default@PreBuild input file:/Users/wangyifan/Downloads/harmonyOS/harmonychat-main/entry/oh-package.json5 cache by regenerate.
[2026-06-05T12:49:10.214] [DEBUG] debug-file - Update task entry:default@PreBuild input file:/Users/wangyifan/Downloads/harmonyOS/harmonychat-main/oh-package.json5 cache by regenerate.
[2026-06-05T12:49:10.214] [DEBUG] debug-file - Incremental task entry:default@PreBuild post-execution cost:1 ms .
[2026-06-05T12:49:10.214] [DEBUG] debug-file - Update task entry:default@CreateModuleInfo output file:/Users/wangyifan/Downloads/harmonyOS/harmonychat-main/entry/build/default/generated/profile/default/ModuleInfo.ts cache.
[2026-06-05T12:49:10.214] [DEBUG] debug-file - Incremental task entry:default@CreateModuleInfo post-execution cost:1 ms .
[2026-06-05T12:49:10.214] [DEBUG] debug-file - There is no need to refresh cache, since the incremental task entry:default@GenerateMetadata is up-to-date.
[2026-06-05T12:49:10.214] [DEBUG] debug-file - There is no need to refresh cache, since the incremental task entry:default@MergeProfile is up-to-date.
[2026-06-05T12:49:10.214] [DEBUG] debug-file - There is no need to refresh cache, since the incremental task entry:default@CreateBuildProfile is up-to-date.
[2026-06-05T12:49:10.214] [DEBUG] debug-file - There is no need to refresh cache, since the incremental task entry:default@GeneratePkgContextInfo is up-to-date.
[2026-06-05T12:49:10.214] [DEBUG] debug-file - Update task entry:default@GeneratePkgSdkInfo output file:/Users/wangyifan/Downloads/harmonyOS/harmonychat-main/entry/build/default/intermediates/loader/default/pkgSdkInfo.json cache.
[2026-06-05T12:49:10.214] [DEBUG] debug-file - Incremental task entry:default@GeneratePkgSdkInfo post-execution cost:1 ms .
[2026-06-05T12:49:10.214] [DEBUG] debug-file - Update task entry:default@ProcessIntegratedHsp output file:/Users/wangyifan/Downloads/harmonyOS/harmonychat-main/build/cache/default/integrated_hsp/integratedHspCache.json cache.
[2026-06-05T12:49:10.214] [DEBUG] debug-file - Incremental task entry:default@ProcessIntegratedHsp post-execution cost:1 ms .
[2026-06-05T12:49:10.214] [DEBUG] debug-file - There is no need to refresh cache, since the incremental task entry:default@MakePackInfo is up-to-date.
[2026-06-05T12:49:10.214] [DEBUG] debug-file - Update task entry:default@SyscapTransform input file:/Applications/DevEco-Studio.app/Contents/sdk/default/openharmony/toolchains/syscap_tool cache by regenerate.
[2026-06-05T12:49:10.214] [DEBUG] debug-file - Update task entry:default@SyscapTransform input file:/Applications/DevEco-Studio.app/Contents/sdk/default/openharmony/ets/api/device-define cache by regenerate.
[2026-06-05T12:49:10.214] [DEBUG] debug-file - Update task entry:default@SyscapTransform output file:/Users/wangyifan/Downloads/harmonyOS/harmonychat-main/entry/build/default/intermediates/syscap/default/rpcid.sc cache.
[2026-06-05T12:49:10.214] [DEBUG] debug-file - Incremental task entry:default@SyscapTransform post-execution cost:1 ms .
[2026-06-05T12:49:10.214] [DEBUG] debug-file - There is no need to refresh cache, since the incremental task entry:default@ProcessProfile is up-to-date.
[2026-06-05T12:49:10.214] [DEBUG] debug-file - There is no need to refresh cache, since the incremental task entry:default@ProcessRouterMap is up-to-date.
[2026-06-05T12:49:10.214] [DEBUG] debug-file - There is no need to refresh cache, since the incremental task entry:default@ProcessShareConfig is up-to-date.
[2026-06-05T12:49:10.214] [DEBUG] debug-file - Update task entry:default@ProcessStartupConfig input file:/Users/wangyifan/Downloads/harmonyOS/harmonychat-main/entry/build/default/intermediates/loader/default/pkgContextInfo.json cache by regenerate.
[2026-06-05T12:49:10.214] [DEBUG] debug-file - Update task entry:default@ProcessStartupConfig output file:/Users/wangyifan/Downloads/harmonyOS/harmonychat-main/entry/build/default/intermediates/startup/default/startup_config.json cache.
[2026-06-05T12:49:10.214] [DEBUG] debug-file - Incremental task entry:default@ProcessStartupConfig post-execution cost:1 ms .
[2026-06-05T12:49:10.214] [DEBUG] debug-file - There is no need to refresh cache, since the incremental task entry:default@ProcessResource is up-to-date.
[2026-06-05T12:49:10.214] [DEBUG] debug-file - There is no need to refresh cache, since the incremental task entry:default@GenerateLoaderJson is up-to-date.
[2026-06-05T12:49:10.214] [DEBUG] debug-file - There is no need to refresh cache, since the incremental task entry:default@ProcessLibs is up-to-date.
[2026-06-05T12:49:10.214] [DEBUG] debug-file - There is no need to refresh cache, since the incremental task entry:default@CompileResource is up-to-date.
[2026-06-05T12:49:10.214] [DEBUG] debug-file - There is no need to refresh cache, since the incremental task entry:default@DoNativeStrip is up-to-date.
[2026-06-05T12:49:10.214] [DEBUG] debug-file - There is no need to refresh cache, since the incremental task entry:default@CompileArkTS is up-to-date.
[2026-06-05T12:49:10.214] [DEBUG] debug-file - Update task entry:default@BuildJS input file:/Users/wangyifan/Downloads/harmonyOS/harmonychat-main/entry/build/default/intermediates/loader/default cache by regenerate.
[2026-06-05T12:49:10.214] [DEBUG] debug-file - Update task entry:default@BuildJS input file:/Users/wangyifan/Downloads/harmonyOS/harmonychat-main/entry/build/default/intermediates/res/default/resources/rawfile cache by regenerate.
[2026-06-05T12:49:10.214] [DEBUG] debug-file - Update task entry:default@BuildJS input file:/Users/wangyifan/Downloads/harmonyOS/harmonychat-main/entry/build/default/intermediates/res/default/ResourceTable.txt cache by regenerate.
[2026-06-05T12:49:10.215] [DEBUG] debug-file - Update task entry:default@BuildJS input file:/Users/wangyifan/Downloads/harmonyOS/harmonychat-main/entry/build/default/intermediates/res/default/ark_module.json cache by regenerate.
[2026-06-05T12:49:10.215] [DEBUG] debug-file - Update task entry:default@BuildJS input file:/Users/wangyifan/Downloads/harmonyOS/harmonychat-main/entry/build/default/intermediates/res/default/resources/base/profile cache by regenerate.
[2026-06-05T12:49:10.215] [DEBUG] debug-file - Update task entry:default@BuildJS input file:/Users/wangyifan/Downloads/harmonyOS/harmonychat-main/entry/build/default/intermediates/loader/default/pkgContextInfo.json cache by regenerate.
[2026-06-05T12:49:10.215] [DEBUG] debug-file - Update task entry:default@BuildJS output file:/Users/wangyifan/Downloads/harmonyOS/harmonychat-main/entry/build/default/intermediates/loader_out/default/js cache.
[2026-06-05T12:49:10.215] [DEBUG] debug-file - Incremental task entry:default@BuildJS post-execution cost:1 ms .
[2026-06-05T12:49:10.215] [DEBUG] debug-file - There is no need to refresh cache, since the incremental task entry:default@CacheNativeLibs is up-to-date.
[2026-06-05T12:49:10.215] [DEBUG] debug-file - There is no need to refresh cache, since the incremental task entry:default@GeneratePkgModuleJson is up-to-date.
[2026-06-05T12:49:10.215] [DEBUG] debug-file - Incremental task entry:default@ProcessCompiledResources post-execution cost:1 ms .
[2026-06-05T12:49:10.215] [DEBUG] debug-file - There is no need to refresh cache, since the incremental task entry:default@PackageHap is up-to-date.
[2026-06-05T12:49:10.215] [DEBUG] debug-file - Update task entry:default@SignHap input file:/Users/wangyifan/Downloads/harmonyOS/harmonychat-main/entry/build/default/outputs/default/entry-default-unsigned.hap cache by regenerate.
[2026-06-05T12:49:10.215] [DEBUG] debug-file - Update task entry:default@SignHap output file:/Users/wangyifan/Downloads/harmonyOS/harmonychat-main/entry/build/default/outputs/default/entry-default-signed.hap cache.
[2026-06-05T12:49:10.215] [DEBUG] debug-file - Incremental task entry:default@SignHap post-execution cost:1 ms .
[2026-06-05T12:49:10.215] [DEBUG] debug-file - Update task entry:default@CollectDebugSymbol input file:/Users/wangyifan/Downloads/harmonyOS/harmonychat-main/entry/build/default/intermediates/loader_out/default/ets/sourceMaps.map cache by regenerate.
[2026-06-05T12:49:10.215] [DEBUG] debug-file - Update task entry:default@CollectDebugSymbol input file:/Users/wangyifan/Downloads/harmonyOS/harmonychat-main/entry/build/default/intermediates/libs/default cache by regenerate.
[2026-06-05T12:49:10.215] [DEBUG] debug-file - Update task entry:default@CollectDebugSymbol output file:/Users/wangyifan/Downloads/harmonyOS/harmonychat-main/entry/build/default/outputs/default/symbol cache.
[2026-06-05T12:49:10.215] [DEBUG] debug-file - Incremental task entry:default@CollectDebugSymbol post-execution cost:1 ms .
[2026-06-05T12:49:10.219] [DEBUG] debug-file - hvigor build process will be closed.
[2026-06-05T12:49:10.246] [DEBUG] debug-file - session manager: send message to worker process.
[2026-06-05T12:49:10.246] [DEBUG] debug-file - session manager: send message to worker process.
[2026-06-05T12:49:10.247] [DEBUG] debug-file - watch worker: worker id should be larger than 0. Nothing will be sent to any worker thread.
[2026-06-05T12:49:10.247] [DEBUG] debug-file - watch worker: worker id should be larger than 0. Nothing will be sent to any worker thread.
[2026-06-05T13:07:05.712] [DEBUG] debug-file - session manager: set active socket. socketId=Qni1zVYdtCMPo957AAAL
[2026-06-05T13:07:05.715] [DEBUG] debug-file - watch worker: worker id should be larger than 0. Nothing will be sent to any worker thread.
[2026-06-05T13:07:05.723] [DEBUG] debug-file - Workers' log level updated to INFO
[2026-06-05T13:07:05.728] [DEBUG] debug-file - Hvigor init with startParameters:{
  hvigorfileTypeCheck: false,
  parallelExecution: true,
  incrementalExecution: true,
  printStackTrace: false,
  daemon: true,
  analyze: 0,
  logLevel: Level { level: 20000, levelStr: 'INFO', colour: 'green' },
  optimizationStrategy: 'memory',
  hotCompile: undefined,
  hotReloadBuild: undefined,
  customizedParam: undefined
}
[2026-06-05T13:07:05.732] [DEBUG] debug-file - Cache service initialization finished in 4 ms 
[2026-06-05T13:07:05.734] [DEBUG] debug-file - hvigorfile, resolving /Users/wangyifan/Downloads/harmonyOS/harmonychat-main/hvigorfile.ts
[2026-06-05T13:07:05.789] [DEBUG] debug-file - hvigorfile, require result:  { default: { plugins: [] } }
[2026-06-05T13:07:05.789] [DEBUG] debug-file - hvigorfile, binding system plugins null
[2026-06-05T13:07:05.790] [DEBUG] debug-file - Starting plugin build process
[2026-06-05T13:07:05.790] [DEBUG] debug-file - App plugin prepare start...
[2026-06-05T13:07:05.790] [DEBUG] debug-file - App plugin prepare end...
[2026-06-05T13:07:05.790] [DEBUG] debug-file - App plugin creating...
[2026-06-05T13:07:05.800] [DEBUG] debug-file - App plugin register hook start...
[2026-06-05T13:07:05.801] [DEBUG] debug-file - App plugin register hook end...
[2026-06-05T13:07:05.801] [DEBUG] debug-file - Plugin build process completed
[2026-06-05T13:07:05.801] [DEBUG] debug-file - Start initialize project's product build option map with build mode debug.
[2026-06-05T13:07:05.801] [DEBUG] debug-file - Picking option from product 'default' with build mode 'debug'.
[2026-06-05T13:07:05.801] [DEBUG] debug-file - Product 'default' build option initialized
[2026-06-05T13:07:05.801] [DEBUG] debug-file - End initialize project's product build option map with build mode 'debug'.
[2026-06-05T13:07:05.802] [DEBUG] debug-file - Obtain build option for product 'default'in this build.
[2026-06-05T13:07:05.804] [DEBUG] debug-file - No signingConfig found, initRemoteHspCache failed.
[2026-06-05T13:07:05.805] [DEBUG] debug-file - Start recording SDK configuration permission data.
[2026-06-05T13:07:05.819] [DEBUG] debug-file - Sdk init in 15 ms 
[2026-06-05T13:07:05.821] [DEBUG] debug-file - Project task initialization takes 2 ms 
[2026-06-05T13:07:05.821] [DEBUG] debug-file - hvigorfile, begin to bind custom plugins...
[2026-06-05T13:07:05.821] [DEBUG] debug-file - hvigorfile, no custom plugins were found in /Users/wangyifan/Downloads/harmonyOS/harmonychat-main/hvigorfile.ts
[2026-06-05T13:07:05.821] [DEBUG] debug-file - hvigorfile, resolve finished /Users/wangyifan/Downloads/harmonyOS/harmonychat-main/hvigorfile.ts
[2026-06-05T13:07:05.821] [DEBUG] debug-file - hvigorfile, resolving /Users/wangyifan/Downloads/harmonyOS/harmonychat-main/entry/hvigorfile.ts
[2026-06-05T13:07:05.823] [DEBUG] debug-file - hvigorfile, require result:  { default: { plugins: [] } }
[2026-06-05T13:07:05.823] [DEBUG] debug-file - hvigorfile, binding system plugins null
[2026-06-05T13:07:05.823] [DEBUG] debug-file - Starting plugin build process
[2026-06-05T13:07:05.823] [DEBUG] debug-file - Hap plugin creating...
[2026-06-05T13:07:05.823] [DEBUG] debug-file - failed to load cangjie to dynamically generate schemas: Error: Cannot find module '@ohos/cangjie-build-support/index'
Require stack:
- /Applications/DevEco-Studio.app/Contents/tools/hvigor/hvigor-ohos-plugin/src/plugin/hooks/cangjie-register.js
- /Applications/DevEco-Studio.app/Contents/tools/hvigor/hvigor-ohos-plugin/src/plugin/strategy/stage-init-strategy.js
- /Applications/DevEco-Studio.app/Contents/tools/hvigor/hvigor-ohos-plugin/src/plugin/builder/abstract-plugin-builder.js
- /Applications/DevEco-Studio.app/Contents/tools/hvigor/hvigor-ohos-plugin/src/plugin/builder/app-plugin-builder.js
- /Applications/DevEco-Studio.app/Contents/tools/hvigor/hvigor-ohos-plugin/src/plugin/factory/plugin-factory.js
- /Applications/DevEco-Studio.app/Contents/tools/hvigor/hvigor-ohos-plugin/index.js
- /Users/wangyifan/Downloads/harmonyOS/harmonychat-main/hvigorfile.ts
- /Applications/DevEco-Studio.app/Contents/tools/hvigor/hvigor/src/base/internal/lifecycle/configuration.js
- /Applications/DevEco-Studio.app/Contents/tools/hvigor/hvigor/src/base/boot/index.js
- /Applications/DevEco-Studio.app/Contents/tools/hvigor/hvigor/src/base/daemon/cluster/worker-process-lifecycle.js
- /Applications/DevEco-Studio.app/Contents/tools/hvigor/hvigor/src/base/daemon/process/daemon-process-boot-script.js
[2026-06-05T13:07:05.827] [DEBUG] debug-file - Start initialize module-target build option map, moduleName=entry, buildMode=debug
[2026-06-05T13:07:05.827] [DEBUG] debug-file - Target 'default' config initialized
[2026-06-05T13:07:05.827] [DEBUG] debug-file - Module 'entry' target 'default' build option initialized
[2026-06-05T13:07:05.827] [DEBUG] debug-file - End initialize module-target build option map, moduleName=entry
[2026-06-05T13:07:05.827] [DEBUG] debug-file - Start initialize module-target build option map, moduleName=entry, buildMode=release
[2026-06-05T13:07:05.827] [DEBUG] debug-file - Target 'default' config initialized
[2026-06-05T13:07:05.827] [DEBUG] debug-file - Module 'entry' target 'default' build option initialized
[2026-06-05T13:07:05.827] [DEBUG] debug-file - End initialize module-target build option map, moduleName=entry
[2026-06-05T13:07:05.827] [DEBUG] debug-file - Start initialize module-target build option map, moduleName=entry, buildMode=debug
[2026-06-05T13:07:05.827] [DEBUG] debug-file - Target 'default' config initialized
[2026-06-05T13:07:05.827] [DEBUG] debug-file - Module 'entry' target 'default' build option initialized
[2026-06-05T13:07:05.827] [DEBUG] debug-file - End initialize module-target build option map, moduleName=entry
[2026-06-05T13:07:05.827] [DEBUG] debug-file - Obtain build option for module 'entry' target 'default'in this build.
[2026-06-05T13:07:05.829] [DEBUG] debug-file - Module entry task initialization takes 2 ms 
[2026-06-05T13:07:05.829] [DEBUG] debug-file - Hap plugin register hook start...
[2026-06-05T13:07:05.829] [DEBUG] debug-file - Hap plugin register hook end...
[2026-06-05T13:07:05.829] [DEBUG] debug-file - Plugin build process completed
[2026-06-05T13:07:05.829] [DEBUG] debug-file - hvigorfile, begin to bind custom plugins...
[2026-06-05T13:07:05.829] [DEBUG] debug-file - hvigorfile, no custom plugins were found in /Users/wangyifan/Downloads/harmonyOS/harmonychat-main/entry/hvigorfile.ts
[2026-06-05T13:07:05.829] [DEBUG] debug-file - hvigorfile, resolve finished /Users/wangyifan/Downloads/harmonyOS/harmonychat-main/entry/hvigorfile.ts
[2026-06-05T13:07:05.867] [DEBUG] debug-file - hvigorfile, resolve hvigorfile dependencies in 39 ms 
[2026-06-05T13:07:05.868] [DEBUG] debug-file - project has submodules:entry
[2026-06-05T13:07:05.869] [DEBUG] debug-file - start to load updatedOhPackageInfo to the disk
[2026-06-05T13:07:05.870] [DEBUG] debug-file - load to the disk finished
[2026-06-05T13:07:05.870] [DEBUG] debug-file - Start to initialize dependency information.
[2026-06-05T13:07:05.871] [DEBUG] debug-file - Module harmonychat-main Collected Dependency: 
[2026-06-05T13:07:05.871] [DEBUG] debug-file - Module harmonychat-main's total dependency: 0
[2026-06-05T13:07:05.872] [DEBUG] debug-file - Start to initialize dependency information.
[2026-06-05T13:07:05.872] [DEBUG] debug-file - Module entry Collected Dependency: /Users/wangyifan/Downloads/harmonyOS/harmonychat-main/oh_modules/.ohpm/mobileimsdk@hoop830zxxr8xnn6crmdrvjoor6h7alv6wz1iybybxq=/oh_modules/mobileimsdk
[2026-06-05T13:07:05.872] [DEBUG] debug-file - Module entry's total dependency: 1
[2026-06-05T13:07:05.873] [DEBUG] debug-file - Configuration phase cost:142 ms 
[2026-06-05T13:07:05.874] [DEBUG] debug-file - Configuration task cost before running: 151 ms 
[2026-06-05T13:07:05.875] [DEBUG] debug-file - Executing task :entry:default@PreBuild
[2026-06-05T13:07:05.876] [DEBUG] debug-file - Task 'entry:default@PreBuild' cost while wrapping incremental declarations: 1 ms 
[2026-06-05T13:07:05.877] [DEBUG] debug-file - Incremental task entry:default@PreBuild pre-execution cost: 1 ms .
[2026-06-05T13:07:05.877] [DEBUG] debug-file - entry : default@PreBuild cost memory 0.2529144287109375
[2026-06-05T13:07:05.877] [INFO] debug-file - UP-TO-DATE :entry:default@PreBuild...  
[2026-06-05T13:07:05.877] [DEBUG] debug-file - Executing task :entry:default@CreateModuleInfo
[2026-06-05T13:07:05.877] [DEBUG] debug-file - Task 'entry:default@CreateModuleInfo' cost while wrapping incremental declarations: 1 ms 
[2026-06-05T13:07:05.877] [DEBUG] debug-file - entry : default@CreateModuleInfo cost memory 0.038116455078125
[2026-06-05T13:07:05.877] [DEBUG] debug-file - runTaskFromQueue task cost before running: 154 ms 
[2026-06-05T13:07:05.877] [INFO] debug-file - Finished :entry:default@CreateModuleInfo... after 1 ms 
[2026-06-05T13:07:05.878] [DEBUG] debug-file - Executing task :entry:default@GenerateMetadata
[2026-06-05T13:07:05.878] [DEBUG] debug-file - Task 'entry:default@GenerateMetadata' cost while wrapping incremental declarations: 1 ms 
[2026-06-05T13:07:05.878] [DEBUG] debug-file - Incremental task entry:default@GenerateMetadata pre-execution cost: 1 ms .
[2026-06-05T13:07:05.878] [DEBUG] debug-file - entry : default@GenerateMetadata cost memory 0.07222747802734375
[2026-06-05T13:07:05.878] [INFO] debug-file - UP-TO-DATE :entry:default@GenerateMetadata...  
[2026-06-05T13:07:05.878] [DEBUG] debug-file - Executing task :entry:default@ConfigureCmake
[2026-06-05T13:07:05.878] [DEBUG] debug-file - entry : default@ConfigureCmake cost memory 0.0142364501953125
[2026-06-05T13:07:05.878] [DEBUG] debug-file - runTaskFromQueue task cost before running: 155 ms 
[2026-06-05T13:07:05.878] [INFO] debug-file - Finished :entry:default@ConfigureCmake... after 1 ms 
[2026-06-05T13:07:05.878] [DEBUG] debug-file - Executing task :entry:default@MergeProfile
[2026-06-05T13:07:05.879] [DEBUG] debug-file - Task 'entry:default@MergeProfile' cost while wrapping incremental declarations: 1 ms 
[2026-06-05T13:07:05.879] [DEBUG] debug-file - Incremental task entry:default@MergeProfile pre-execution cost: 1 ms .
[2026-06-05T13:07:05.879] [DEBUG] debug-file - entry : default@MergeProfile cost memory 0.2047882080078125
[2026-06-05T13:07:05.879] [INFO] debug-file - UP-TO-DATE :entry:default@MergeProfile...  
[2026-06-05T13:07:05.879] [DEBUG] debug-file - Executing task :entry:default@CreateBuildProfile
[2026-06-05T13:07:05.879] [DEBUG] debug-file - Task 'entry:default@CreateBuildProfile' cost while wrapping incremental declarations: 1 ms 
[2026-06-05T13:07:05.880] [DEBUG] debug-file - Incremental task entry:default@CreateBuildProfile pre-execution cost: 1 ms .
[2026-06-05T13:07:05.880] [DEBUG] debug-file - entry : default@CreateBuildProfile cost memory 0.08916473388671875
[2026-06-05T13:07:05.880] [INFO] debug-file - UP-TO-DATE :entry:default@CreateBuildProfile...  
[2026-06-05T13:07:05.880] [DEBUG] debug-file - Executing task :entry:default@PreCheckSyscap
[2026-06-05T13:07:05.880] [DEBUG] debug-file - entry : default@PreCheckSyscap cost memory 0.01432037353515625
[2026-06-05T13:07:05.880] [DEBUG] debug-file - runTaskFromQueue task cost before running: 157 ms 
[2026-06-05T13:07:05.880] [INFO] debug-file - Finished :entry:default@PreCheckSyscap... after 1 ms 
[2026-06-05T13:07:05.880] [DEBUG] debug-file - Executing task :entry:default@GeneratePkgContextInfo
[2026-06-05T13:07:05.882] [DEBUG] debug-file - Task 'entry:default@GeneratePkgContextInfo' cost while wrapping incremental declarations: 1 ms 
[2026-06-05T13:07:05.882] [DEBUG] debug-file - Incremental task entry:default@GeneratePkgContextInfo pre-execution cost: 1 ms .
[2026-06-05T13:07:05.882] [DEBUG] debug-file - entry : default@GeneratePkgContextInfo cost memory 0.7229537963867188
[2026-06-05T13:07:05.882] [INFO] debug-file - UP-TO-DATE :entry:default@GeneratePkgContextInfo...  
[2026-06-05T13:07:05.882] [DEBUG] debug-file - Executing task :entry:default@GeneratePkgSdkInfo
[2026-06-05T13:07:05.883] [DEBUG] debug-file - Task 'entry:default@GeneratePkgSdkInfo' cost while wrapping incremental declarations: 1 ms 
[2026-06-05T13:07:05.883] [DEBUG] debug-file - entry : default@GeneratePkgSdkInfo cost memory 0.111175537109375
[2026-06-05T13:07:05.883] [DEBUG] debug-file - runTaskFromQueue task cost before running: 160 ms 
[2026-06-05T13:07:05.883] [INFO] debug-file - Finished :entry:default@GeneratePkgSdkInfo... after 1 ms 
[2026-06-05T13:07:05.883] [DEBUG] debug-file - Executing task :entry:default@ProcessIntegratedHsp
[2026-06-05T13:07:05.884] [DEBUG] debug-file - entry:default@ProcessIntegratedHsp is not up-to-date, since the output file '/Users/wangyifan/Downloads/harmonyOS/harmonychat-main/build/cache/default/integrated_hsp/integratedHspCache.json' does not exist.
[2026-06-05T13:07:05.884] [DEBUG] debug-file - Incremental task entry:default@ProcessIntegratedHsp pre-execution cost: 1 ms .
[2026-06-05T13:07:05.884] [DEBUG] debug-file - entry : default@ProcessIntegratedHsp cost memory 0.05649566650390625
[2026-06-05T13:07:05.884] [DEBUG] debug-file - runTaskFromQueue task cost before running: 160 ms 
[2026-06-05T13:07:05.884] [INFO] debug-file - Finished :entry:default@ProcessIntegratedHsp... after 1 ms 
[2026-06-05T13:07:05.884] [DEBUG] debug-file - Executing task :entry:default@BuildNativeWithCmake
[2026-06-05T13:07:05.884] [DEBUG] debug-file - entry : default@BuildNativeWithCmake cost memory 0.01409912109375
[2026-06-05T13:07:05.884] [DEBUG] debug-file - runTaskFromQueue task cost before running: 161 ms 
[2026-06-05T13:07:05.884] [INFO] debug-file - Finished :entry:default@BuildNativeWithCmake... after 1 ms 
[2026-06-05T13:07:05.884] [DEBUG] debug-file - Executing task :entry:default@MakePackInfo
[2026-06-05T13:07:05.884] [DEBUG] debug-file - Incremental task entry:default@MakePackInfo pre-execution cost: 1 ms .
[2026-06-05T13:07:05.885] [DEBUG] debug-file - entry : default@MakePackInfo cost memory 0.0956573486328125
[2026-06-05T13:07:05.885] [INFO] debug-file - UP-TO-DATE :entry:default@MakePackInfo...  
[2026-06-05T13:07:05.885] [DEBUG] debug-file - Executing task :entry:default@SyscapTransform
[2026-06-05T13:07:05.885] [DEBUG] debug-file - File: '/Users/wangyifan/Downloads/harmonyOS/harmonychat-main/entry/src/main/syscap.json' from 'sysCapJsonPath' is not exists, just ignore.
[2026-06-05T13:07:05.885] [DEBUG] debug-file - Task 'entry:default@SyscapTransform' cost while wrapping incremental declarations: 1 ms 
[2026-06-05T13:07:05.886] [DEBUG] debug-file - entry:default@SyscapTransform is not up-to-date, since the output file '/Users/wangyifan/Downloads/harmonyOS/harmonychat-main/entry/build/default/intermediates/syscap/default/rpcid.sc' does not exist.
[2026-06-05T13:07:05.886] [DEBUG] debug-file - Incremental task entry:default@SyscapTransform pre-execution cost: 1 ms .
[2026-06-05T13:07:05.886] [DEBUG] debug-file - entry : default@SyscapTransform cost memory 0.10650634765625
[2026-06-05T13:07:05.886] [DEBUG] debug-file - runTaskFromQueue task cost before running: 163 ms 
[2026-06-05T13:07:05.886] [INFO] debug-file - Finished :entry:default@SyscapTransform... after 2 ms 
[2026-06-05T13:07:05.888] [DEBUG] debug-file - Executing task :entry:default@ProcessProfile
[2026-06-05T13:07:05.889] [DEBUG] debug-file - Task 'entry:default@ProcessProfile' cost while wrapping incremental declarations: 1 ms 
[2026-06-05T13:07:05.889] [DEBUG] debug-file - Incremental task entry:default@ProcessProfile pre-execution cost: 1 ms .
[2026-06-05T13:07:05.889] [DEBUG] debug-file - entry : default@ProcessProfile cost memory 0.11902618408203125
[2026-06-05T13:07:05.889] [INFO] debug-file - UP-TO-DATE :entry:default@ProcessProfile...  
[2026-06-05T13:07:05.889] [DEBUG] debug-file - Executing task :entry:default@ProcessRouterMap
[2026-06-05T13:07:05.890] [DEBUG] debug-file - Incremental task entry:default@ProcessRouterMap pre-execution cost: 1 ms .
[2026-06-05T13:07:05.890] [DEBUG] debug-file - entry : default@ProcessRouterMap cost memory 0.1450653076171875
[2026-06-05T13:07:05.890] [INFO] debug-file - UP-TO-DATE :entry:default@ProcessRouterMap...  
[2026-06-05T13:07:05.890] [DEBUG] debug-file - Executing task :entry:default@ProcessShareConfig
[2026-06-05T13:07:05.890] [DEBUG] debug-file - Incremental task entry:default@ProcessShareConfig pre-execution cost: 1 ms .
[2026-06-05T13:07:05.890] [DEBUG] debug-file - entry : default@ProcessShareConfig cost memory 0.12456512451171875
[2026-06-05T13:07:05.890] [INFO] debug-file - UP-TO-DATE :entry:default@ProcessShareConfig...  
[2026-06-05T13:07:05.890] [DEBUG] debug-file - Executing task :entry:default@ProcessStartupConfig
[2026-06-05T13:07:05.890] [DEBUG] debug-file - Task 'entry:default@ProcessStartupConfig' cost while wrapping incremental declarations: 1 ms 
[2026-06-05T13:07:05.891] [DEBUG] debug-file - entry:default@ProcessStartupConfig is not up-to-date, since the output file '/Users/wangyifan/Downloads/harmonyOS/harmonychat-main/entry/build/default/intermediates/startup/default/startup_config.json' does not exist.
[2026-06-05T13:07:05.891] [DEBUG] debug-file - Incremental task entry:default@ProcessStartupConfig pre-execution cost: 1 ms .
[2026-06-05T13:07:05.891] [DEBUG] debug-file - entry : default@ProcessStartupConfig cost memory 0.13668060302734375
[2026-06-05T13:07:05.891] [DEBUG] debug-file - runTaskFromQueue task cost before running: 168 ms 
[2026-06-05T13:07:05.891] [INFO] debug-file - Finished :entry:default@ProcessStartupConfig... after 1 ms 
[2026-06-05T13:07:05.891] [DEBUG] debug-file - Executing task :entry:default@BuildNativeWithNinja
[2026-06-05T13:07:05.892] [DEBUG] debug-file - entry : default@BuildNativeWithNinja cost memory 0.01970672607421875
[2026-06-05T13:07:05.892] [DEBUG] debug-file - runTaskFromQueue task cost before running: 168 ms 
[2026-06-05T13:07:05.892] [INFO] debug-file - Finished :entry:default@BuildNativeWithNinja... after 1 ms 
[2026-06-05T13:07:05.892] [DEBUG] debug-file - restool module names: entry; moduleName=entry, taskName=default@ProcessResource
[2026-06-05T13:07:05.893] [DEBUG] debug-file - Executing task :entry:default@ProcessResource
[2026-06-05T13:07:05.893] [DEBUG] debug-file - Task 'entry:default@ProcessResource' cost while wrapping incremental declarations: 1 ms 
[2026-06-05T13:07:05.893] [DEBUG] debug-file - Incremental task entry:default@ProcessResource pre-execution cost: 1 ms .
[2026-06-05T13:07:05.893] [DEBUG] debug-file - entry : default@ProcessResource cost memory 0.12384796142578125
[2026-06-05T13:07:05.894] [INFO] debug-file - UP-TO-DATE :entry:default@ProcessResource...  
[2026-06-05T13:07:05.894] [DEBUG] debug-file - Executing task :entry:default@GenerateLoaderJson
[2026-06-05T13:07:05.895] [DEBUG] debug-file - Task 'entry:default@GenerateLoaderJson' cost while wrapping incremental declarations: 1 ms 
[2026-06-05T13:07:05.896] [DEBUG] debug-file - Incremental task entry:default@GenerateLoaderJson pre-execution cost: 1 ms .
[2026-06-05T13:07:05.896] [DEBUG] debug-file - entry : default@GenerateLoaderJson cost memory 0.5390625
[2026-06-05T13:07:05.897] [INFO] debug-file - UP-TO-DATE :entry:default@GenerateLoaderJson...  
[2026-06-05T13:07:05.897] [DEBUG] debug-file - Executing task :entry:default@ProcessLibs
[2026-06-05T13:07:05.898] [DEBUG] debug-file - Incremental task entry:default@ProcessLibs pre-execution cost: 1 ms .
[2026-06-05T13:07:05.899] [DEBUG] debug-file - entry : default@ProcessLibs cost memory 0.1814117431640625
[2026-06-05T13:07:05.899] [INFO] debug-file - UP-TO-DATE :entry:default@ProcessLibs...  
[2026-06-05T13:07:05.899] [DEBUG] debug-file - restool module names: entry; moduleName=entry, taskName=default@CompileResource
[2026-06-05T13:07:05.899] [DEBUG] debug-file - Executing task :entry:default@CompileResource
[2026-06-05T13:07:05.908] [DEBUG] debug-file - Incremental task entry:default@CompileResource pre-execution cost: 8 ms .
[2026-06-05T13:07:05.908] [DEBUG] debug-file - entry : default@CompileResource cost memory 0.8224334716796875
[2026-06-05T13:07:05.909] [INFO] debug-file - UP-TO-DATE :entry:default@CompileResource...  
[2026-06-05T13:07:05.909] [DEBUG] debug-file - Executing task :entry:default@DoNativeStrip
[2026-06-05T13:07:05.909] [DEBUG] debug-file - File: '/Users/wangyifan/Downloads/harmonyOS/harmonychat-main/entry/build/default/intermediates/binxo/default' from 'doBinxoNativeLibs' is not exists, just ignore.
[2026-06-05T13:07:05.909] [DEBUG] debug-file - Task 'entry:default@DoNativeStrip' cost while wrapping incremental declarations: 1 ms 
[2026-06-05T13:07:05.910] [DEBUG] debug-file - Incremental task entry:default@DoNativeStrip pre-execution cost: 1 ms .
[2026-06-05T13:07:05.910] [DEBUG] debug-file - entry : default@DoNativeStrip cost memory 0.0741119384765625
[2026-06-05T13:07:05.910] [INFO] debug-file - UP-TO-DATE :entry:default@DoNativeStrip...  
[2026-06-05T13:07:05.911] [DEBUG] debug-file - Executing task :entry:default@CompileArkTS
[2026-06-05T13:07:05.911] [DEBUG] debug-file - obfuscationOptions: undefined
[2026-06-05T13:07:05.912] [DEBUG] debug-file - Task 'entry:default@CompileArkTS' cost while wrapping incremental declarations: 1 ms 
[2026-06-05T13:07:05.916] [DEBUG] debug-file - Incremental task entry:default@CompileArkTS pre-execution cost: 4 ms .
[2026-06-05T13:07:05.917] [DEBUG] debug-file - entry : default@CompileArkTS cost memory 0.8545150756835938
[2026-06-05T13:07:05.918] [INFO] debug-file - UP-TO-DATE :entry:default@CompileArkTS...  
[2026-06-05T13:07:05.920] [DEBUG] debug-file - Executing task :entry:default@BuildJS
[2026-06-05T13:07:05.921] [DEBUG] debug-file - Task 'entry:default@BuildJS' cost while wrapping incremental declarations: 1 ms 
[2026-06-05T13:07:05.923] [DEBUG] debug-file - entry : default@BuildJS cost memory 0.13300323486328125
[2026-06-05T13:07:05.923] [DEBUG] debug-file - runTaskFromQueue task cost before running: 200 ms 
[2026-06-05T13:07:05.923] [INFO] debug-file - Finished :entry:default@BuildJS... after 4 ms 
[2026-06-05T13:07:05.925] [DEBUG] debug-file - Executing task :entry:default@CacheNativeLibs
[2026-06-05T13:07:05.925] [DEBUG] debug-file - File: '/Users/wangyifan/Downloads/harmonyOS/harmonychat-main/entry/build/default/intermediates/binxo/default' from 'cacheBinxoNativeLibs' is not exists, just ignore.
[2026-06-05T13:07:05.925] [DEBUG] debug-file - Task 'entry:default@CacheNativeLibs' cost while wrapping incremental declarations: 1 ms 
[2026-06-05T13:07:05.926] [DEBUG] debug-file - Incremental task entry:default@CacheNativeLibs pre-execution cost: 1 ms .
[2026-06-05T13:07:05.929] [DEBUG] debug-file - entry : default@CacheNativeLibs cost memory 0.08657073974609375
[2026-06-05T13:07:05.929] [INFO] debug-file - UP-TO-DATE :entry:default@CacheNativeLibs...  
[2026-06-05T13:07:05.929] [DEBUG] debug-file - Executing task :entry:default@GeneratePkgModuleJson
[2026-06-05T13:07:05.929] [DEBUG] debug-file - File: '/Users/wangyifan/Downloads/harmonyOS/harmonychat-main/entry/build/default/intermediates/preload/default/preload.json' from 'preloadSoJsonPath' is not exists, just ignore.
[2026-06-05T13:07:05.929] [DEBUG] debug-file - Error occurs while handling @Input 'shouldDeduplicateHar': The "data" argument must be of type string or an instance of Buffer, TypedArray, or DataView. Received undefined
[2026-06-05T13:07:05.930] [DEBUG] debug-file - Task 'entry:default@GeneratePkgModuleJson' cost while wrapping incremental declarations: 1 ms 
[2026-06-05T13:07:05.930] [DEBUG] debug-file - Incremental task entry:default@GeneratePkgModuleJson pre-execution cost: 1 ms .
[2026-06-05T13:07:05.930] [DEBUG] debug-file - entry : default@GeneratePkgModuleJson cost memory 0.0904388427734375
[2026-06-05T13:07:05.930] [INFO] debug-file - UP-TO-DATE :entry:default@GeneratePkgModuleJson...  
[2026-06-05T13:07:05.930] [DEBUG] debug-file - Executing task :entry:default@ProcessCompiledResources
[2026-06-05T13:07:05.930] [DEBUG] debug-file - File: '/Users/wangyifan/Downloads/harmonyOS/harmonychat-main/entry/build/default/intermediates/preload/default/preload.json' from 'preloadSoJsonPath' is not exists, just ignore.
[2026-06-05T13:07:05.930] [DEBUG] debug-file - Task 'entry:default@ProcessCompiledResources' cost while wrapping incremental declarations: 1 ms 
[2026-06-05T13:07:05.930] [DEBUG] debug-file - entry : default@ProcessCompiledResources cost memory 0.0593414306640625
[2026-06-05T13:07:05.930] [DEBUG] debug-file - runTaskFromQueue task cost before running: 207 ms 
[2026-06-05T13:07:05.930] [INFO] debug-file - Finished :entry:default@ProcessCompiledResources... after 1 ms 
[2026-06-05T13:07:05.931] [DEBUG] debug-file - Executing task :entry:default@PackageHap
[2026-06-05T13:07:05.932] [DEBUG] debug-file - Incremental task entry:default@PackageHap pre-execution cost: 1 ms .
[2026-06-05T13:07:05.932] [DEBUG] debug-file - entry : default@PackageHap cost memory 0.3212738037109375
[2026-06-05T13:07:05.932] [INFO] debug-file - UP-TO-DATE :entry:default@PackageHap...  
[2026-06-05T13:07:05.932] [DEBUG] debug-file - Executing task :entry:default@PackingCheck
[2026-06-05T13:07:05.935] [DEBUG] debug-file - entry : default@PackingCheck cost memory 0.6342086791992188
[2026-06-05T13:07:05.935] [DEBUG] debug-file - runTaskFromQueue task cost before running: 212 ms 
[2026-06-05T13:07:05.935] [INFO] debug-file - Finished :entry:default@PackingCheck... after 3 ms 
[2026-06-05T13:07:05.936] [DEBUG] debug-file - Executing task :entry:default@SignHap
[2026-06-05T13:07:05.936] [WARN] debug-file - Will skip sign 'hos_hap'. No signingConfigs profile is configured in current project.
             If needed, configure the signingConfigs in /Users/wangyifan/Downloads/harmonyOS/harmonychat-main/build-profile.json5.
[2026-06-05T13:07:05.936] [DEBUG] debug-file - entry:default@SignHap is not up-to-date, since the output file '/Users/wangyifan/Downloads/harmonyOS/harmonychat-main/entry/build/default/outputs/default/entry-default-signed.hap' does not exist.
[2026-06-05T13:07:05.936] [DEBUG] debug-file - Incremental task entry:default@SignHap pre-execution cost: 1 ms .
[2026-06-05T13:07:05.936] [DEBUG] debug-file - entry : default@SignHap cost memory 0.074676513671875
[2026-06-05T13:07:05.937] [DEBUG] debug-file - runTaskFromQueue task cost before running: 213 ms 
[2026-06-05T13:07:05.937] [INFO] debug-file - Finished :entry:default@SignHap... after 1 ms 
[2026-06-05T13:07:05.937] [DEBUG] debug-file - Executing task :entry:default@CollectDebugSymbol
[2026-06-05T13:07:05.937] [DEBUG] debug-file - entry : default@CollectDebugSymbol cost memory 0.0732269287109375
[2026-06-05T13:07:05.937] [DEBUG] debug-file - runTaskFromQueue task cost before running: 214 ms 
[2026-06-05T13:07:05.937] [INFO] debug-file - Finished :entry:default@CollectDebugSymbol... after 1 ms 
[2026-06-05T13:07:05.937] [DEBUG] debug-file - Executing task :entry:assembleHap
[2026-06-05T13:07:05.937] [DEBUG] debug-file - entry : assembleHap cost memory 0.01708221435546875
[2026-06-05T13:07:05.937] [DEBUG] debug-file - runTaskFromQueue task cost before running: 214 ms 
[2026-06-05T13:07:05.937] [INFO] debug-file - Finished :entry:assembleHap... after 1 ms 
[2026-06-05T13:07:05.938] [INFO] debug-file - BUILD SUCCESSFUL in 215 ms 
[2026-06-05T13:07:05.938] [DEBUG] debug-file - There is no need to refresh cache, since the incremental task entry:default@PreBuild is up-to-date.
[2026-06-05T13:07:05.938] [DEBUG] debug-file - Update task entry:default@CreateModuleInfo output file:/Users/wangyifan/Downloads/harmonyOS/harmonychat-main/entry/build/default/generated/profile/default/ModuleInfo.ts cache.
[2026-06-05T13:07:05.938] [DEBUG] debug-file - Incremental task entry:default@CreateModuleInfo post-execution cost:1 ms .
[2026-06-05T13:07:05.938] [DEBUG] debug-file - There is no need to refresh cache, since the incremental task entry:default@GenerateMetadata is up-to-date.
[2026-06-05T13:07:05.938] [DEBUG] debug-file - There is no need to refresh cache, since the incremental task entry:default@MergeProfile is up-to-date.
[2026-06-05T13:07:05.938] [DEBUG] debug-file - There is no need to refresh cache, since the incremental task entry:default@CreateBuildProfile is up-to-date.
[2026-06-05T13:07:05.938] [DEBUG] debug-file - There is no need to refresh cache, since the incremental task entry:default@GeneratePkgContextInfo is up-to-date.
[2026-06-05T13:07:05.938] [DEBUG] debug-file - Update task entry:default@GeneratePkgSdkInfo output file:/Users/wangyifan/Downloads/harmonyOS/harmonychat-main/entry/build/default/intermediates/loader/default/pkgSdkInfo.json cache.
[2026-06-05T13:07:05.938] [DEBUG] debug-file - Incremental task entry:default@GeneratePkgSdkInfo post-execution cost:1 ms .
[2026-06-05T13:07:05.938] [DEBUG] debug-file - Update task entry:default@ProcessIntegratedHsp output file:/Users/wangyifan/Downloads/harmonyOS/harmonychat-main/build/cache/default/integrated_hsp/integratedHspCache.json cache.
[2026-06-05T13:07:05.939] [DEBUG] debug-file - Incremental task entry:default@ProcessIntegratedHsp post-execution cost:1 ms .
[2026-06-05T13:07:05.939] [DEBUG] debug-file - There is no need to refresh cache, since the incremental task entry:default@MakePackInfo is up-to-date.
[2026-06-05T13:07:05.939] [DEBUG] debug-file - Update task entry:default@SyscapTransform input file:/Applications/DevEco-Studio.app/Contents/sdk/default/openharmony/toolchains/syscap_tool cache by regenerate.
[2026-06-05T13:07:05.939] [DEBUG] debug-file - Update task entry:default@SyscapTransform input file:/Applications/DevEco-Studio.app/Contents/sdk/default/openharmony/ets/api/device-define cache by regenerate.
[2026-06-05T13:07:05.939] [DEBUG] debug-file - Update task entry:default@SyscapTransform output file:/Users/wangyifan/Downloads/harmonyOS/harmonychat-main/entry/build/default/intermediates/syscap/default/rpcid.sc cache.
[2026-06-05T13:07:05.939] [DEBUG] debug-file - Incremental task entry:default@SyscapTransform post-execution cost:1 ms .
[2026-06-05T13:07:05.939] [DEBUG] debug-file - There is no need to refresh cache, since the incremental task entry:default@ProcessProfile is up-to-date.
[2026-06-05T13:07:05.939] [DEBUG] debug-file - There is no need to refresh cache, since the incremental task entry:default@ProcessRouterMap is up-to-date.
[2026-06-05T13:07:05.939] [DEBUG] debug-file - There is no need to refresh cache, since the incremental task entry:default@ProcessShareConfig is up-to-date.
[2026-06-05T13:07:05.939] [DEBUG] debug-file - Update task entry:default@ProcessStartupConfig input file:/Users/wangyifan/Downloads/harmonyOS/harmonychat-main/entry/build/default/intermediates/loader/default/pkgContextInfo.json cache by regenerate.
[2026-06-05T13:07:05.939] [DEBUG] debug-file - Update task entry:default@ProcessStartupConfig output file:/Users/wangyifan/Downloads/harmonyOS/harmonychat-main/entry/build/default/intermediates/startup/default/startup_config.json cache.
[2026-06-05T13:07:05.939] [DEBUG] debug-file - Incremental task entry:default@ProcessStartupConfig post-execution cost:1 ms .
[2026-06-05T13:07:05.939] [DEBUG] debug-file - There is no need to refresh cache, since the incremental task entry:default@ProcessResource is up-to-date.
[2026-06-05T13:07:05.939] [DEBUG] debug-file - There is no need to refresh cache, since the incremental task entry:default@GenerateLoaderJson is up-to-date.
[2026-06-05T13:07:05.939] [DEBUG] debug-file - There is no need to refresh cache, since the incremental task entry:default@ProcessLibs is up-to-date.
[2026-06-05T13:07:05.939] [DEBUG] debug-file - There is no need to refresh cache, since the incremental task entry:default@CompileResource is up-to-date.
[2026-06-05T13:07:05.939] [DEBUG] debug-file - There is no need to refresh cache, since the incremental task entry:default@DoNativeStrip is up-to-date.
[2026-06-05T13:07:05.939] [DEBUG] debug-file - There is no need to refresh cache, since the incremental task entry:default@CompileArkTS is up-to-date.
[2026-06-05T13:07:05.939] [DEBUG] debug-file - Update task entry:default@BuildJS input file:/Users/wangyifan/Downloads/harmonyOS/harmonychat-main/entry/build/default/intermediates/loader/default cache by regenerate.
[2026-06-05T13:07:05.940] [DEBUG] debug-file - Update task entry:default@BuildJS input file:/Users/wangyifan/Downloads/harmonyOS/harmonychat-main/entry/build/default/intermediates/res/default/resources/rawfile cache by regenerate.
[2026-06-05T13:07:05.940] [DEBUG] debug-file - Update task entry:default@BuildJS input file:/Users/wangyifan/Downloads/harmonyOS/harmonychat-main/entry/build/default/intermediates/res/default/ResourceTable.txt cache by regenerate.
[2026-06-05T13:07:05.940] [DEBUG] debug-file - Update task entry:default@BuildJS input file:/Users/wangyifan/Downloads/harmonyOS/harmonychat-main/entry/build/default/intermediates/res/default/ark_module.json cache by regenerate.
[2026-06-05T13:07:05.940] [DEBUG] debug-file - Update task entry:default@BuildJS input file:/Users/wangyifan/Downloads/harmonyOS/harmonychat-main/entry/build/default/intermediates/res/default/resources/base/profile cache by regenerate.
[2026-06-05T13:07:05.940] [DEBUG] debug-file - Update task entry:default@BuildJS input file:/Users/wangyifan/Downloads/harmonyOS/harmonychat-main/entry/build/default/intermediates/loader/default/pkgContextInfo.json cache by regenerate.
[2026-06-05T13:07:05.940] [DEBUG] debug-file - Update task entry:default@BuildJS output file:/Users/wangyifan/Downloads/harmonyOS/harmonychat-main/entry/build/default/intermediates/loader_out/default/js cache.
[2026-06-05T13:07:05.940] [DEBUG] debug-file - Incremental task entry:default@BuildJS post-execution cost:1 ms .
[2026-06-05T13:07:05.940] [DEBUG] debug-file - There is no need to refresh cache, since the incremental task entry:default@CacheNativeLibs is up-to-date.
[2026-06-05T13:07:05.940] [DEBUG] debug-file - There is no need to refresh cache, since the incremental task entry:default@GeneratePkgModuleJson is up-to-date.
[2026-06-05T13:07:05.940] [DEBUG] debug-file - Incremental task entry:default@ProcessCompiledResources post-execution cost:1 ms .
[2026-06-05T13:07:05.940] [DEBUG] debug-file - There is no need to refresh cache, since the incremental task entry:default@PackageHap is up-to-date.
[2026-06-05T13:07:05.940] [DEBUG] debug-file - Update task entry:default@SignHap input file:/Users/wangyifan/Downloads/harmonyOS/harmonychat-main/entry/build/default/outputs/default/entry-default-unsigned.hap cache by regenerate.
[2026-06-05T13:07:05.940] [DEBUG] debug-file - Update task entry:default@SignHap output file:/Users/wangyifan/Downloads/harmonyOS/harmonychat-main/entry/build/default/outputs/default/entry-default-signed.hap cache.
[2026-06-05T13:07:05.940] [DEBUG] debug-file - Incremental task entry:default@SignHap post-execution cost:1 ms .
[2026-06-05T13:07:05.940] [DEBUG] debug-file - Update task entry:default@CollectDebugSymbol input file:/Users/wangyifan/Downloads/harmonyOS/harmonychat-main/entry/build/default/intermediates/loader_out/default/ets/sourceMaps.map cache by regenerate.
[2026-06-05T13:07:05.940] [DEBUG] debug-file - Update task entry:default@CollectDebugSymbol input file:/Users/wangyifan/Downloads/harmonyOS/harmonychat-main/entry/build/default/intermediates/libs/default cache by regenerate.
[2026-06-05T13:07:05.940] [DEBUG] debug-file - Update task entry:default@CollectDebugSymbol output file:/Users/wangyifan/Downloads/harmonyOS/harmonychat-main/entry/build/default/outputs/default/symbol cache.
[2026-06-05T13:07:05.940] [DEBUG] debug-file - Incremental task entry:default@CollectDebugSymbol post-execution cost:1 ms .
[2026-06-05T13:07:05.946] [DEBUG] debug-file - hvigor build process will be closed.
[2026-06-05T13:07:05.980] [DEBUG] debug-file - session manager: send message to worker process.
[2026-06-05T13:07:05.980] [DEBUG] debug-file - session manager: send message to worker process.
[2026-06-05T13:07:05.981] [DEBUG] debug-file - watch worker: worker id should be larger than 0. Nothing will be sent to any worker thread.
[2026-06-05T13:07:05.981] [DEBUG] debug-file - watch worker: worker id should be larger than 0. Nothing will be sent to any worker thread.
[2026-06-05T13:52:59.299] [DEBUG] debug-file - session manager: set active socket. socketId=WQmx1zVcWmUlXPX9AAAN
[2026-06-05T13:52:59.307] [DEBUG] debug-file - watch worker: worker id should be larger than 0. Nothing will be sent to any worker thread.
[2026-06-05T13:52:59.318] [DEBUG] debug-file - Workers' log level updated to INFO
[2026-06-05T13:52:59.326] [DEBUG] debug-file - Hvigor init with startParameters:{
  hvigorfileTypeCheck: false,
  parallelExecution: true,
  incrementalExecution: true,
  printStackTrace: false,
  daemon: true,
  analyze: 0,
  logLevel: Level { level: 20000, levelStr: 'INFO', colour: 'green' },
  optimizationStrategy: 'memory',
  hotCompile: undefined,
  hotReloadBuild: undefined,
  customizedParam: undefined
}
[2026-06-05T13:52:59.330] [DEBUG] debug-file - Cache service initialization finished in 4 ms 
[2026-06-05T13:52:59.331] [DEBUG] debug-file - hvigorfile, resolving /Users/wangyifan/Downloads/harmonyOS/harmonychat-main/hvigorfile.ts
[2026-06-05T13:52:59.338] [DEBUG] debug-file - hvigorfile, require result:  { default: { plugins: [] } }
[2026-06-05T13:52:59.339] [DEBUG] debug-file - hvigorfile, binding system plugins null
[2026-06-05T13:52:59.339] [DEBUG] debug-file - Starting plugin build process
[2026-06-05T13:52:59.339] [DEBUG] debug-file - App plugin prepare start...
[2026-06-05T13:52:59.339] [DEBUG] debug-file - App plugin prepare end...
[2026-06-05T13:52:59.339] [DEBUG] debug-file - App plugin creating...
[2026-06-05T13:52:59.344] [DEBUG] debug-file - App plugin register hook start...
[2026-06-05T13:52:59.344] [DEBUG] debug-file - App plugin register hook end...
[2026-06-05T13:52:59.344] [DEBUG] debug-file - Plugin build process completed
[2026-06-05T13:52:59.345] [DEBUG] debug-file - Start initialize project's product build option map with build mode debug.
[2026-06-05T13:52:59.345] [DEBUG] debug-file - Picking option from product 'default' with build mode 'debug'.
[2026-06-05T13:52:59.345] [DEBUG] debug-file - Product 'default' build option initialized
[2026-06-05T13:52:59.345] [DEBUG] debug-file - End initialize project's product build option map with build mode 'debug'.
[2026-06-05T13:52:59.346] [DEBUG] debug-file - Obtain build option for product 'default'in this build.
[2026-06-05T13:52:59.347] [DEBUG] debug-file - No signingConfig found, initRemoteHspCache failed.
[2026-06-05T13:52:59.349] [DEBUG] debug-file - Start recording SDK configuration permission data.
[2026-06-05T13:52:59.368] [DEBUG] debug-file - Sdk init in 21 ms 
[2026-06-05T13:52:59.371] [DEBUG] debug-file - Project task initialization takes 3 ms 
[2026-06-05T13:52:59.371] [DEBUG] debug-file - hvigorfile, begin to bind custom plugins...
[2026-06-05T13:52:59.371] [DEBUG] debug-file - hvigorfile, no custom plugins were found in /Users/wangyifan/Downloads/harmonyOS/harmonychat-main/hvigorfile.ts
[2026-06-05T13:52:59.371] [DEBUG] debug-file - hvigorfile, resolve finished /Users/wangyifan/Downloads/harmonyOS/harmonychat-main/hvigorfile.ts
[2026-06-05T13:52:59.371] [DEBUG] debug-file - hvigorfile, resolving /Users/wangyifan/Downloads/harmonyOS/harmonychat-main/entry/hvigorfile.ts
[2026-06-05T13:52:59.374] [DEBUG] debug-file - hvigorfile, require result:  { default: { plugins: [] } }
[2026-06-05T13:52:59.374] [DEBUG] debug-file - hvigorfile, binding system plugins null
[2026-06-05T13:52:59.374] [DEBUG] debug-file - Starting plugin build process
[2026-06-05T13:52:59.374] [DEBUG] debug-file - Hap plugin creating...
[2026-06-05T13:52:59.374] [DEBUG] debug-file - failed to load cangjie to dynamically generate schemas: Error: Cannot find module '@ohos/cangjie-build-support/index'
Require stack:
- /Applications/DevEco-Studio.app/Contents/tools/hvigor/hvigor-ohos-plugin/src/plugin/hooks/cangjie-register.js
- /Applications/DevEco-Studio.app/Contents/tools/hvigor/hvigor-ohos-plugin/src/plugin/strategy/stage-init-strategy.js
- /Applications/DevEco-Studio.app/Contents/tools/hvigor/hvigor-ohos-plugin/src/plugin/builder/abstract-plugin-builder.js
- /Applications/DevEco-Studio.app/Contents/tools/hvigor/hvigor-ohos-plugin/src/plugin/builder/app-plugin-builder.js
- /Applications/DevEco-Studio.app/Contents/tools/hvigor/hvigor-ohos-plugin/src/plugin/factory/plugin-factory.js
- /Applications/DevEco-Studio.app/Contents/tools/hvigor/hvigor-ohos-plugin/index.js
- /Users/wangyifan/Downloads/harmonyOS/harmonychat-main/hvigorfile.ts
- /Applications/DevEco-Studio.app/Contents/tools/hvigor/hvigor/src/base/internal/lifecycle/configuration.js
- /Applications/DevEco-Studio.app/Contents/tools/hvigor/hvigor/src/base/boot/index.js
- /Applications/DevEco-Studio.app/Contents/tools/hvigor/hvigor/src/base/daemon/cluster/worker-process-lifecycle.js
- /Applications/DevEco-Studio.app/Contents/tools/hvigor/hvigor/src/base/daemon/process/daemon-process-boot-script.js
[2026-06-05T13:52:59.375] [DEBUG] debug-file - Start initialize module-target build option map, moduleName=entry, buildMode=debug
[2026-06-05T13:52:59.375] [DEBUG] debug-file - Target 'default' config initialized
[2026-06-05T13:52:59.375] [DEBUG] debug-file - Module 'entry' target 'default' build option initialized
[2026-06-05T13:52:59.375] [DEBUG] debug-file - End initialize module-target build option map, moduleName=entry
[2026-06-05T13:52:59.375] [DEBUG] debug-file - Start initialize module-target build option map, moduleName=entry, buildMode=release
[2026-06-05T13:52:59.375] [DEBUG] debug-file - Target 'default' config initialized
[2026-06-05T13:52:59.375] [DEBUG] debug-file - Module 'entry' target 'default' build option initialized
[2026-06-05T13:52:59.375] [DEBUG] debug-file - End initialize module-target build option map, moduleName=entry
[2026-06-05T13:52:59.375] [DEBUG] debug-file - Start initialize module-target build option map, moduleName=entry, buildMode=debug
[2026-06-05T13:52:59.375] [DEBUG] debug-file - Target 'default' config initialized
[2026-06-05T13:52:59.376] [DEBUG] debug-file - Module 'entry' target 'default' build option initialized
[2026-06-05T13:52:59.376] [DEBUG] debug-file - End initialize module-target build option map, moduleName=entry
[2026-06-05T13:52:59.376] [DEBUG] debug-file - Obtain build option for module 'entry' target 'default'in this build.
[2026-06-05T13:52:59.376] [DEBUG] debug-file - Module entry task initialization takes 1 ms 
[2026-06-05T13:52:59.376] [DEBUG] debug-file - Hap plugin register hook start...
[2026-06-05T13:52:59.377] [DEBUG] debug-file - Hap plugin register hook end...
[2026-06-05T13:52:59.377] [DEBUG] debug-file - Plugin build process completed
[2026-06-05T13:52:59.377] [DEBUG] debug-file - hvigorfile, begin to bind custom plugins...
[2026-06-05T13:52:59.377] [DEBUG] debug-file - hvigorfile, no custom plugins were found in /Users/wangyifan/Downloads/harmonyOS/harmonychat-main/entry/hvigorfile.ts
[2026-06-05T13:52:59.377] [DEBUG] debug-file - hvigorfile, resolve finished /Users/wangyifan/Downloads/harmonyOS/harmonychat-main/entry/hvigorfile.ts
[2026-06-05T13:52:59.412] [DEBUG] debug-file - hvigorfile, resolve hvigorfile dependencies in 36 ms 
[2026-06-05T13:52:59.412] [DEBUG] debug-file - project has submodules:entry
[2026-06-05T13:52:59.413] [DEBUG] debug-file - start to load updatedOhPackageInfo to the disk
[2026-06-05T13:52:59.414] [DEBUG] debug-file - load to the disk finished
[2026-06-05T13:52:59.414] [DEBUG] debug-file - Start to initialize dependency information.
[2026-06-05T13:52:59.415] [DEBUG] debug-file - Module harmonychat-main Collected Dependency: 
[2026-06-05T13:52:59.415] [DEBUG] debug-file - Module harmonychat-main's total dependency: 0
[2026-06-05T13:52:59.415] [DEBUG] debug-file - Start to initialize dependency information.
[2026-06-05T13:52:59.415] [DEBUG] debug-file - Module entry Collected Dependency: /Users/wangyifan/Downloads/harmonyOS/harmonychat-main/oh_modules/.ohpm/mobileimsdk@hoop830zxxr8xnn6crmdrvjoor6h7alv6wz1iybybxq=/oh_modules/mobileimsdk
[2026-06-05T13:52:59.415] [DEBUG] debug-file - Module entry's total dependency: 1
[2026-06-05T13:52:59.416] [DEBUG] debug-file - Configuration phase cost:86 ms 
[2026-06-05T13:52:59.416] [DEBUG] debug-file - Configuration task cost before running: 97 ms 
[2026-06-05T13:52:59.417] [DEBUG] debug-file - Executing task :entry:default@PreBuild
[2026-06-05T13:52:59.417] [DEBUG] debug-file - Task 'entry:default@PreBuild' cost while wrapping incremental declarations: 1 ms 
[2026-06-05T13:52:59.418] [DEBUG] debug-file - Incremental task entry:default@PreBuild pre-execution cost: 1 ms .
[2026-06-05T13:52:59.418] [DEBUG] debug-file - entry : default@PreBuild cost memory 0.23928070068359375
[2026-06-05T13:52:59.418] [INFO] debug-file - UP-TO-DATE :entry:default@PreBuild...  
[2026-06-05T13:52:59.418] [DEBUG] debug-file - Executing task :entry:default@CreateModuleInfo
[2026-06-05T13:52:59.419] [DEBUG] debug-file - Task 'entry:default@CreateModuleInfo' cost while wrapping incremental declarations: 1 ms 
[2026-06-05T13:52:59.419] [DEBUG] debug-file - entry : default@CreateModuleInfo cost memory 0.0380706787109375
[2026-06-05T13:52:59.419] [DEBUG] debug-file - runTaskFromQueue task cost before running: 100 ms 
[2026-06-05T13:52:59.419] [INFO] debug-file - Finished :entry:default@CreateModuleInfo... after 1 ms 
[2026-06-05T13:52:59.419] [DEBUG] debug-file - Executing task :entry:default@GenerateMetadata
[2026-06-05T13:52:59.419] [DEBUG] debug-file - Task 'entry:default@GenerateMetadata' cost while wrapping incremental declarations: 1 ms 
[2026-06-05T13:52:59.419] [DEBUG] debug-file - Incremental task entry:default@GenerateMetadata pre-execution cost: 1 ms .
[2026-06-05T13:52:59.419] [DEBUG] debug-file - entry : default@GenerateMetadata cost memory 0.0709381103515625
[2026-06-05T13:52:59.419] [INFO] debug-file - UP-TO-DATE :entry:default@GenerateMetadata...  
[2026-06-05T13:52:59.419] [DEBUG] debug-file - Executing task :entry:default@ConfigureCmake
[2026-06-05T13:52:59.419] [DEBUG] debug-file - entry : default@ConfigureCmake cost memory 0.01409912109375
[2026-06-05T13:52:59.419] [DEBUG] debug-file - runTaskFromQueue task cost before running: 101 ms 
[2026-06-05T13:52:59.419] [INFO] debug-file - Finished :entry:default@ConfigureCmake... after 1 ms 
[2026-06-05T13:52:59.420] [DEBUG] debug-file - Executing task :entry:default@MergeProfile
[2026-06-05T13:52:59.420] [DEBUG] debug-file - Task 'entry:default@MergeProfile' cost while wrapping incremental declarations: 1 ms 
[2026-06-05T13:52:59.420] [DEBUG] debug-file - Incremental task entry:default@MergeProfile pre-execution cost: 1 ms .
[2026-06-05T13:52:59.420] [DEBUG] debug-file - entry : default@MergeProfile cost memory 0.11785125732421875
[2026-06-05T13:52:59.420] [INFO] debug-file - UP-TO-DATE :entry:default@MergeProfile...  
[2026-06-05T13:52:59.420] [DEBUG] debug-file - Executing task :entry:default@CreateBuildProfile
[2026-06-05T13:52:59.420] [DEBUG] debug-file - Task 'entry:default@CreateBuildProfile' cost while wrapping incremental declarations: 1 ms 
[2026-06-05T13:52:59.420] [DEBUG] debug-file - Incremental task entry:default@CreateBuildProfile pre-execution cost: 1 ms .
[2026-06-05T13:52:59.420] [DEBUG] debug-file - entry : default@CreateBuildProfile cost memory 0.0864105224609375
[2026-06-05T13:52:59.420] [INFO] debug-file - UP-TO-DATE :entry:default@CreateBuildProfile...  
[2026-06-05T13:52:59.421] [DEBUG] debug-file - Executing task :entry:default@PreCheckSyscap
[2026-06-05T13:52:59.421] [DEBUG] debug-file - entry : default@PreCheckSyscap cost memory 0.01432037353515625
[2026-06-05T13:52:59.421] [DEBUG] debug-file - runTaskFromQueue task cost before running: 102 ms 
[2026-06-05T13:52:59.421] [INFO] debug-file - Finished :entry:default@PreCheckSyscap... after 1 ms 
[2026-06-05T13:52:59.421] [DEBUG] debug-file - Executing task :entry:default@GeneratePkgContextInfo
[2026-06-05T13:52:59.422] [DEBUG] debug-file - Task 'entry:default@GeneratePkgContextInfo' cost while wrapping incremental declarations: 1 ms 
[2026-06-05T13:52:59.422] [DEBUG] debug-file - Incremental task entry:default@GeneratePkgContextInfo pre-execution cost: 1 ms .
[2026-06-05T13:52:59.422] [DEBUG] debug-file - entry : default@GeneratePkgContextInfo cost memory 0.27660369873046875
[2026-06-05T13:52:59.422] [INFO] debug-file - UP-TO-DATE :entry:default@GeneratePkgContextInfo...  
[2026-06-05T13:52:59.423] [DEBUG] debug-file - Executing task :entry:default@GeneratePkgSdkInfo
[2026-06-05T13:52:59.423] [DEBUG] debug-file - Task 'entry:default@GeneratePkgSdkInfo' cost while wrapping incremental declarations: 1 ms 
[2026-06-05T13:52:59.423] [DEBUG] debug-file - entry : default@GeneratePkgSdkInfo cost memory 0.11124420166015625
[2026-06-05T13:52:59.423] [DEBUG] debug-file - runTaskFromQueue task cost before running: 104 ms 
[2026-06-05T13:52:59.423] [INFO] debug-file - Finished :entry:default@GeneratePkgSdkInfo... after 1 ms 
[2026-06-05T13:52:59.423] [DEBUG] debug-file - Executing task :entry:default@ProcessIntegratedHsp
[2026-06-05T13:52:59.423] [DEBUG] debug-file - entry:default@ProcessIntegratedHsp is not up-to-date, since the output file '/Users/wangyifan/Downloads/harmonyOS/harmonychat-main/build/cache/default/integrated_hsp/integratedHspCache.json' does not exist.
[2026-06-05T13:52:59.423] [DEBUG] debug-file - Incremental task entry:default@ProcessIntegratedHsp pre-execution cost: 1 ms .
[2026-06-05T13:52:59.423] [DEBUG] debug-file - entry : default@ProcessIntegratedHsp cost memory 0.056488037109375
[2026-06-05T13:52:59.423] [DEBUG] debug-file - runTaskFromQueue task cost before running: 105 ms 
[2026-06-05T13:52:59.423] [INFO] debug-file - Finished :entry:default@ProcessIntegratedHsp... after 1 ms 
[2026-06-05T13:52:59.424] [DEBUG] debug-file - Executing task :entry:default@BuildNativeWithCmake
[2026-06-05T13:52:59.424] [DEBUG] debug-file - entry : default@BuildNativeWithCmake cost memory 0.01409912109375
[2026-06-05T13:52:59.424] [DEBUG] debug-file - runTaskFromQueue task cost before running: 105 ms 
[2026-06-05T13:52:59.424] [INFO] debug-file - Finished :entry:default@BuildNativeWithCmake... after 1 ms 
[2026-06-05T13:52:59.424] [DEBUG] debug-file - Executing task :entry:default@MakePackInfo
[2026-06-05T13:52:59.424] [DEBUG] debug-file - Incremental task entry:default@MakePackInfo pre-execution cost: 1 ms .
[2026-06-05T13:52:59.424] [DEBUG] debug-file - entry : default@MakePackInfo cost memory 0.09283447265625
[2026-06-05T13:52:59.424] [INFO] debug-file - UP-TO-DATE :entry:default@MakePackInfo...  
[2026-06-05T13:52:59.424] [DEBUG] debug-file - Executing task :entry:default@SyscapTransform
[2026-06-05T13:52:59.424] [DEBUG] debug-file - File: '/Users/wangyifan/Downloads/harmonyOS/harmonychat-main/entry/src/main/syscap.json' from 'sysCapJsonPath' is not exists, just ignore.
[2026-06-05T13:52:59.424] [DEBUG] debug-file - Task 'entry:default@SyscapTransform' cost while wrapping incremental declarations: 1 ms 
[2026-06-05T13:52:59.425] [DEBUG] debug-file - entry:default@SyscapTransform is not up-to-date, since the output file '/Users/wangyifan/Downloads/harmonyOS/harmonychat-main/entry/build/default/intermediates/syscap/default/rpcid.sc' does not exist.
[2026-06-05T13:52:59.425] [DEBUG] debug-file - Incremental task entry:default@SyscapTransform pre-execution cost: 1 ms .
[2026-06-05T13:52:59.425] [DEBUG] debug-file - entry : default@SyscapTransform cost memory 0.10520172119140625
[2026-06-05T13:52:59.425] [DEBUG] debug-file - runTaskFromQueue task cost before running: 106 ms 
[2026-06-05T13:52:59.425] [INFO] debug-file - Finished :entry:default@SyscapTransform... after 1 ms 
[2026-06-05T13:52:59.426] [DEBUG] debug-file - Executing task :entry:default@ProcessProfile
[2026-06-05T13:52:59.427] [DEBUG] debug-file - Task 'entry:default@ProcessProfile' cost while wrapping incremental declarations: 1 ms 
[2026-06-05T13:52:59.427] [DEBUG] debug-file - Incremental task entry:default@ProcessProfile pre-execution cost: 1 ms .
[2026-06-05T13:52:59.427] [DEBUG] debug-file - entry : default@ProcessProfile cost memory -3.8651275634765625
[2026-06-05T13:52:59.427] [INFO] debug-file - UP-TO-DATE :entry:default@ProcessProfile...  
[2026-06-05T13:52:59.427] [DEBUG] debug-file - Executing task :entry:default@ProcessRouterMap
[2026-06-05T13:52:59.427] [DEBUG] debug-file - Incremental task entry:default@ProcessRouterMap pre-execution cost: 1 ms .
[2026-06-05T13:52:59.427] [DEBUG] debug-file - entry : default@ProcessRouterMap cost memory 0.14253997802734375
[2026-06-05T13:52:59.428] [INFO] debug-file - UP-TO-DATE :entry:default@ProcessRouterMap...  
[2026-06-05T13:52:59.428] [DEBUG] debug-file - Executing task :entry:default@ProcessShareConfig
[2026-06-05T13:52:59.428] [DEBUG] debug-file - Incremental task entry:default@ProcessShareConfig pre-execution cost: 1 ms .
[2026-06-05T13:52:59.428] [DEBUG] debug-file - entry : default@ProcessShareConfig cost memory 0.12323760986328125
[2026-06-05T13:52:59.428] [INFO] debug-file - UP-TO-DATE :entry:default@ProcessShareConfig...  
[2026-06-05T13:52:59.428] [DEBUG] debug-file - Executing task :entry:default@ProcessStartupConfig
[2026-06-05T13:52:59.428] [DEBUG] debug-file - Task 'entry:default@ProcessStartupConfig' cost while wrapping incremental declarations: 1 ms 
[2026-06-05T13:52:59.428] [DEBUG] debug-file - entry:default@ProcessStartupConfig is not up-to-date, since the output file '/Users/wangyifan/Downloads/harmonyOS/harmonychat-main/entry/build/default/intermediates/startup/default/startup_config.json' does not exist.
[2026-06-05T13:52:59.428] [DEBUG] debug-file - Incremental task entry:default@ProcessStartupConfig pre-execution cost: 1 ms .
[2026-06-05T13:52:59.429] [DEBUG] debug-file - entry : default@ProcessStartupConfig cost memory 0.13661956787109375
[2026-06-05T13:52:59.429] [DEBUG] debug-file - runTaskFromQueue task cost before running: 110 ms 
[2026-06-05T13:52:59.429] [INFO] debug-file - Finished :entry:default@ProcessStartupConfig... after 1 ms 
[2026-06-05T13:52:59.429] [DEBUG] debug-file - Executing task :entry:default@BuildNativeWithNinja
[2026-06-05T13:52:59.429] [DEBUG] debug-file - entry : default@BuildNativeWithNinja cost memory 0.01970672607421875
[2026-06-05T13:52:59.429] [DEBUG] debug-file - runTaskFromQueue task cost before running: 110 ms 
[2026-06-05T13:52:59.429] [INFO] debug-file - Finished :entry:default@BuildNativeWithNinja... after 1 ms 
[2026-06-05T13:52:59.429] [DEBUG] debug-file - restool module names: entry; moduleName=entry, taskName=default@ProcessResource
[2026-06-05T13:52:59.430] [DEBUG] debug-file - Executing task :entry:default@ProcessResource
[2026-06-05T13:52:59.430] [DEBUG] debug-file - Task 'entry:default@ProcessResource' cost while wrapping incremental declarations: 1 ms 
[2026-06-05T13:52:59.430] [DEBUG] debug-file - Incremental task entry:default@ProcessResource pre-execution cost: 1 ms .
[2026-06-05T13:52:59.430] [DEBUG] debug-file - entry : default@ProcessResource cost memory 0.12158966064453125
[2026-06-05T13:52:59.431] [INFO] debug-file - UP-TO-DATE :entry:default@ProcessResource...  
[2026-06-05T13:52:59.431] [DEBUG] debug-file - Executing task :entry:default@GenerateLoaderJson
[2026-06-05T13:52:59.431] [DEBUG] debug-file - Task 'entry:default@GenerateLoaderJson' cost while wrapping incremental declarations: 1 ms 
[2026-06-05T13:52:59.433] [DEBUG] debug-file - Incremental task entry:default@GenerateLoaderJson pre-execution cost: 1 ms .
[2026-06-05T13:52:59.433] [DEBUG] debug-file - entry : default@GenerateLoaderJson cost memory 0.515655517578125
[2026-06-05T13:52:59.433] [INFO] debug-file - UP-TO-DATE :entry:default@GenerateLoaderJson...  
[2026-06-05T13:52:59.433] [DEBUG] debug-file - Executing task :entry:default@ProcessLibs
[2026-06-05T13:52:59.434] [DEBUG] debug-file - Incremental task entry:default@ProcessLibs pre-execution cost: 1 ms .
[2026-06-05T13:52:59.434] [DEBUG] debug-file - entry : default@ProcessLibs cost memory 0.1621551513671875
[2026-06-05T13:52:59.434] [INFO] debug-file - UP-TO-DATE :entry:default@ProcessLibs...  
[2026-06-05T13:52:59.434] [DEBUG] debug-file - restool module names: entry; moduleName=entry, taskName=default@CompileResource
[2026-06-05T13:52:59.434] [DEBUG] debug-file - Executing task :entry:default@CompileResource
[2026-06-05T13:52:59.438] [DEBUG] debug-file - Incremental task entry:default@CompileResource pre-execution cost: 4 ms .
[2026-06-05T13:52:59.438] [DEBUG] debug-file - entry : default@CompileResource cost memory 0.57666015625
[2026-06-05T13:52:59.439] [INFO] debug-file - UP-TO-DATE :entry:default@CompileResource...  
[2026-06-05T13:52:59.439] [DEBUG] debug-file - Executing task :entry:default@DoNativeStrip
[2026-06-05T13:52:59.439] [DEBUG] debug-file - File: '/Users/wangyifan/Downloads/harmonyOS/harmonychat-main/entry/build/default/intermediates/binxo/default' from 'doBinxoNativeLibs' is not exists, just ignore.
[2026-06-05T13:52:59.439] [DEBUG] debug-file - Task 'entry:default@DoNativeStrip' cost while wrapping incremental declarations: 1 ms 
[2026-06-05T13:52:59.439] [DEBUG] debug-file - Incremental task entry:default@DoNativeStrip pre-execution cost: 1 ms .
[2026-06-05T13:52:59.439] [DEBUG] debug-file - entry : default@DoNativeStrip cost memory 0.073974609375
[2026-06-05T13:52:59.439] [INFO] debug-file - UP-TO-DATE :entry:default@DoNativeStrip...  
[2026-06-05T13:52:59.440] [DEBUG] debug-file - Executing task :entry:default@CompileArkTS
[2026-06-05T13:52:59.440] [DEBUG] debug-file - obfuscationOptions: undefined
[2026-06-05T13:52:59.440] [DEBUG] debug-file - Task 'entry:default@CompileArkTS' cost while wrapping incremental declarations: 1 ms 
[2026-06-05T13:52:59.442] [DEBUG] debug-file - entry:default@CompileArkTS is not up-to-date, since the input file '/Users/wangyifan/Downloads/harmonyOS/harmonychat-main/entry/src/main/ets' has been changed.
[2026-06-05T13:52:59.442] [DEBUG] debug-file - Incremental task entry:default@CompileArkTS pre-execution cost: 2 ms .
[2026-06-05T13:52:59.446] [DEBUG] debug-file - build config:
[2026-06-05T13:52:59.446] [DEBUG] debug-file - {
  moduleType: 'entry',
  perf: 0,
  targetName: '.default',
  packageManagerType: 'ohpm',
  localPropertiesPath: '/Users/wangyifan/Downloads/harmonyOS/harmonychat-main/local.properties',
  isPreview: false,
  isOhosTest: false,
  isLocalTest: false,
  buildMode: 'Debug',
  hotReloadBuild: undefined,
  watchMode: 'false',
  aceProfilePath: '/Users/wangyifan/Downloads/harmonyOS/harmonychat-main/entry/build/default/intermediates/res/default/resources/base/profile',
  etsLoaderPath: '/Applications/DevEco-Studio.app/Contents/sdk/default/openharmony/ets/build-tools/ets-loader',
  modulePath: '/Users/wangyifan/Downloads/harmonyOS/harmonychat-main/entry',
  testFrameworkPar: {
    testMode: undefined,
    coveragePathFilter: undefined,
    coverageMode: undefined
  },
  needCoverageInsert: false,
  debugLine: false,
  projectTopDir: '/Users/wangyifan/Downloads/harmonyOS/harmonychat-main',
  compileSdkVersion: 23,
  compatibleSdkVersion: 13,
  originCompatibleSdkVersion: '5.0.1(13)',
  compatibleSdkVersionStage: undefined,
  bundleName: 'c***t',
  etsLoaderVersion: '6.1.0.105',
  etsLoaderReleaseType: 'Release',
  aotCompileMode: 'type',
  apPath: '/Users/wangyifan/Downloads/harmonyOS/harmonychat-main/entry/modules.ap',
  entryModuleName: 'entry',
  entryModuleVersion: '1.0.0',
  entryPackageName: 'entry',
  allModuleNameHash: '52b4b82f65d9c3d301d0ced3931a74f60219238c22e18d0976c12b0c3363a29e',
  externalApiPaths: [ '/Applications/DevEco-Studio.app/Contents/sdk/default/hms/ets' ],
  compilerTypes: [],
  isCrossplatform: false,
  hvigorPluginFile: undefined,
  compilePluginPath: undefined,
  buildGeneratedProfilePath: '/Users/wangyifan/Downloads/harmonyOS/harmonychat-main/entry/build/default/generated/profile/default',
  bundleType: 'app',
  arkTSVersion: undefined,
  apiVersion: 23,
  needCompleteSourcesMap: false,
  isFaMode: false,
  buildDir: '/Users/wangyifan/Downloads/harmonyOS/harmonychat-main/entry/build',
  deviceTypes: [ 'phone', 'tablet', '2in1' ],
  pkgContextInfo: {
    mobileimsdk: {
      packageName: 'mobileimsdk',
      bundleName: '*****',
      moduleName: '',
      version: '1.0.0',
      entryPath: 'Index',
      isSO: false,
      dependencyAlias: ''
    },
    '@ohos/hypium': {
      packageName: '@ohos/hypium',
      bundleName: '*****',
      moduleName: '',
      version: '1.0.19',
      entryPath: 'index.js',
      isSO: false,
      dependencyAlias: ''
    },
    '@ohos/hamock': {
      packageName: '@ohos/hamock',
      bundleName: '*****',
      moduleName: '',
      version: '1.0.0',
      entryPath: 'index.ets',
      isSO: false,
      dependencyAlias: ''
    },
    entry: {
      packageName: 'entry',
      bundleName: '*****',
      moduleName: '',
      version: '',
      entryPath: 'src/main/',
      isSO: false,
      dependencyAlias: ''
    }
  },
  ohPackagePathMap: {},
  dependencyAliasMap: {},
  permission: {
    requestPermissions: [ [Object], [Object] ],
    definePermissions: undefined
  },
  useGetCurrentBundleName: false,
  projectArkOption: undefined,
  sourceMapDir: undefined,
  branchElimination: false,
  transformLib: undefined,
  tsImportSendable: false,
  resolveConflictMode: true,
  depName2RootPath: {},
  depName2DepInfo: {},
  depName2OhExports: {},
  rootPathSet: [ '/Users/wangyifan/Downloads/harmonyOS/harmonychat-main' ],
  useNativeResolver: true,
  shouldEmitJs: true,
  useTscResolve: false,
  singleFileEmit: false,
  userProjectConfig: {
    autoLazyImport: false,
    allowEmptyBundleName: false,
    reExportCheckMode: 'noCheck',
    executionMode: 'memory',
    usePathPlaceholder: false,
    writeRollupCache: true,
    isExpandImportEnabled: false,
    expandImportExclude: '',
    lazyImportExclude: '',
    lazyImportInclude: '',
    ignoreCrossplatformCheck: false,
    isHarDeduplicateEnabled: false,
    skipOhModulesLint: false,
    enableStrictCheckOHModule: false,
    disableSendableCheckRules: [],
    useDeclarationFileSignature: false,
    customizedOptions: undefined,
    integratedHsp: false,
    isPreloadSoEnabled: false
  },
  executionMode: 'memory',
  arkCompileCachePath: '/Users/wangyifan/Downloads/harmonyOS/harmonychat-main/entry/build/default/cache/default/default@CompileArkTS/esmodule',
  autoLazyFilter: undefined,
  isHarDeduplicateEnabled: false,
  intermediateHarDuplicateDirPath: '/Users/wangyifan/Downloads/harmonyOS/harmonychat-main/entry/build/default/intermediates/har_duplicate/default',
  autoLazyImport: false,
  allowEmptyBundleName: false,
  reExportCheckMode: 'noCheck',
  usePathPlaceholder: false,
  writeRollupCache: true,
  isExpandImportEnabled: false,
  expandImportExclude: '',
  lazyImportExclude: '',
  lazyImportInclude: '',
  ignoreCrossplatformCheck: false,
  skipOhModulesLint: false,
  enableStrictCheckOHModule: false,
  disableSendableCheckRules: [],
  useDeclarationFileSignature: false,
  customizedOptions: undefined,
  integratedHsp: false,
  isPreloadSoEnabled: false,
  strictMode: {
    caseSensitiveCheck: true,
    useNormalizedOHMUrl: true,
    noExternalImportByPath: true
  },
  useNormalizedOHMUrl: true,
  caseSensitiveCheck: true,
  aceModuleJsonPath: '/Users/wangyifan/Downloads/harmonyOS/harmonychat-main/entry/build/default/intermediates/res/default/ark_module.json',
  appResource: '/Users/wangyifan/Downloads/harmonyOS/harmonychat-main/entry/build/default/intermediates/res/default/ResourceTable.txt',
  rawFileResource: '/Users/wangyifan/Downloads/harmonyOS/harmonychat-main/entry/build/default/intermediates/res/default/resources/rawfile',
  resourceTableHash: 'c08cf2ccc4b7e67ffe92ac2b3578cff1fc93b83b68ee06731fcd45ac20e5f038',
  runtimeOS: 'HarmonyOS',
  sdkInfo: 'false:23:6.1.0.105:Release',
  aceModuleRoot: '/Users/wangyifan/Downloads/harmonyOS/harmonychat-main/entry/src/main/ets',
  compileMode: 'esmodule',
  aceSuperVisualPath: '/Users/wangyifan/Downloads/harmonyOS/harmonychat-main/entry/src/main/supervisual',
  aceBuildJson: '/Users/wangyifan/Downloads/harmonyOS/harmonychat-main/entry/build/default/intermediates/loader/default/loader.json',
  cachePath: '/Users/wangyifan/Downloads/harmonyOS/harmonychat-main/entry/build/default/cache/default/default@CompileArkTS/esmodule/debug',
  aceModuleBuild: '/Users/wangyifan/Downloads/harmonyOS/harmonychat-main/entry/build/default/intermediates/loader_out/default/ets',
  supportChunks: true,
  declaredFilesPath: undefined,
  shouldCollectDirectImportees: false,
  isByteCodeHarOptimize: false,
  expandImportPath: undefined,
  resourceTableTs: '/Users/wangyifan/Downloads/harmonyOS/harmonychat-main/entry/build/default/generated/r/default/ResourceTable.ts',
  moduleMetaInfoFiles: [
    {
      filePath: '/Users/wangyifan/Downloads/harmonyOS/harmonychat-main/entry/build/default/generated/r/default/ResourceTable.ts',
      ohmurl: '&entry/build/generated/r/ResourceTable&'
    }
  ],
  pkgNameToPkgBriefInfo: {
    mobileimsdk: {
      pkgRoot: '/Users/wangyifan/Downloads/harmonyOS/harmonychat-main/oh_modules/.ohpm/mobileimsdk@hoop830zxxr8xnn6crmdrvjoor6h7alv6wz1iybybxq=/oh_modules/mobileimsdk',
      pkgName: 'mobileimsdk',
      sourceRoots: [Array]
    },
    entry: {
      pkgRoot: '/Users/wangyifan/Downloads/harmonyOS/harmonychat-main/entry',
      originalSourceRoots: undefined,
      sourceRoots: [Array],
      pkgName: 'entry'
    }
  },
  projectModel: {
    '/Users/wangyifan/Downloads/harmonyOS/harmonychat-main/entry/src/main': {
      moduleName: 'entry',
      modulePkgPath: '/Users/wangyifan/Downloads/harmonyOS/harmonychat-main/entry',
      belongProjectPath: '/Users/wangyifan/Downloads/harmonyOS/harmonychat-main'
    },
    '/Users/wangyifan/Downloads/harmonyOS/harmonychat-main/entry': {
      moduleName: 'entry',
      modulePkgPath: '/Users/wangyifan/Downloads/harmonyOS/harmonychat-main/entry',
      belongProjectPath: '/Users/wangyifan/Downloads/harmonyOS/harmonychat-main'
    },
    '/Users/wangyifan/Downloads/harmonyOS/harmonychat-main': {
      moduleName: 'harmonychat-main',
      modulePkgPath: '/Users/wangyifan/Downloads/harmonyOS/harmonychat-main',
      belongProjectPath: '/Users/wangyifan/Downloads/harmonyOS/harmonychat-main'
    }
  },
  pkgJsonFileHash: 'a11a3b67bb8b0ff7a0222bf8ba1e3ad61b8c0340796aa6972a518570330421f2',
  allModulePaths: [ '/Users/wangyifan/Downloads/harmonyOS/harmonychat-main/entry' ],
  routerMap: {},
  obfuscationOptions: undefined,
  byteCodeHarToDependencyKeys: undefined,
  compileBlockPkg: [ 'mobileimsdk' ],
  mockParams: {
    decorator: '@MockSetup',
    packageName: '@ohos/hamock',
    etsSourceRootPath: 'src/main/ets',
    mockConfigPath: undefined,
    mockConfigKey2ModuleInfo: {},
    source2ModuleIdMap: {}
  },
  copyCodeResourceEnable: true,
  copyCodeResourceExcludes: [],
  copyCodeResourceIncludes: undefined,
  uiTransformOptimization: false,
  sdkPath: '/Applications/DevEco-Studio.app/Contents/sdk',
  needPreloadSoFileSet: {},
  preloadSoFilePath: '/Users/wangyifan/Downloads/harmonyOS/harmonychat-main/entry/build/default/intermediates/preload/default/preload.json',
  useSourceHash: false,
  localModuleParamMap: {},
  otherPaths: {
    'mobileimsdk/*': [
      '../../../../oh_modules/.ohpm/mobileimsdk@hoop830zxxr8xnn6crmdrvjoor6h7alv6wz1iybybxq=/oh_modules/mobileimsdk/src/main/*'
    ],
    'entry/*': [ '../*', '../../../build/default/generated/profile/default/*' ]
  },
  collectImportersConfig: undefined
}
[2026-06-05T13:52:59.447] [DEBUG] debug-file - Compile arkts with external api path: /Applications/DevEco-Studio.app/Contents/sdk/default/hms/ets
[2026-06-05T13:52:59.447] [DEBUG] debug-file - default@CompileArkTS work[9] is submitted.
[2026-06-05T13:52:59.448] [DEBUG] debug-file - default@CompileArkTS work[9] is pushed to ready queue.
[2026-06-05T13:52:59.448] [DEBUG] debug-file - A work dispatched to worker[9] failed because unable to get work from ready queue.
[2026-06-05T13:52:59.448] [DEBUG] debug-file - A work dispatched to worker[8] failed because unable to get work from ready queue.
[2026-06-05T13:52:59.448] [DEBUG] debug-file - A work dispatched to worker[7] failed because unable to get work from ready queue.
[2026-06-05T13:52:59.448] [DEBUG] debug-file - A work dispatched to worker[6] failed because unable to get work from ready queue.
[2026-06-05T13:52:59.448] [DEBUG] debug-file - A work dispatched to worker[5] failed because unable to get work from ready queue.
[2026-06-05T13:52:59.448] [DEBUG] debug-file - default@CompileArkTS work[9] has been dispatched to worker[4].
[2026-06-05T13:52:59.448] [DEBUG] debug-file - default@CompileArkTS work[9] is dispatched.
[2026-06-05T13:52:59.448] [DEBUG] debug-file - CopyResources startTime: 236529000150750
[2026-06-05T13:52:59.448] [DEBUG] debug-file - default@CompileArkTS work[10] is submitted.
[2026-06-05T13:52:59.448] [DEBUG] debug-file - default@CompileArkTS work[10] is pushed to ready queue.
[2026-06-05T13:52:59.448] [DEBUG] debug-file - A work dispatched to worker[9] failed because unable to get work from ready queue.
[2026-06-05T13:52:59.448] [DEBUG] debug-file - Create  resident worker with id: 8.
[2026-06-05T13:52:59.449] [DEBUG] debug-file - default@CompileArkTS work[10] has been dispatched to worker[8].
[2026-06-05T13:52:59.449] [DEBUG] debug-file - default@CompileArkTS work[10] is dispatched.
[2026-06-05T13:52:59.449] [DEBUG] debug-file - entry : default@CompileArkTS cost memory -3.1486053466796875
[2026-06-05T13:52:59.449] [DEBUG] debug-file - Executing task :entry:default@BuildJS
[2026-06-05T13:52:59.450] [DEBUG] debug-file - Task 'entry:default@BuildJS' cost while wrapping incremental declarations: 1 ms 
[2026-06-05T13:52:59.450] [DEBUG] debug-file - entry : default@BuildJS cost memory 0.13294219970703125
[2026-06-05T13:52:59.450] [DEBUG] debug-file - runTaskFromQueue task cost before running: 131 ms 
[2026-06-05T13:52:59.450] [INFO] debug-file - Finished :entry:default@BuildJS... after 1 ms 
[2026-06-05T13:52:59.451] [DEBUG] debug-file - Executing task :entry:default@CacheNativeLibs
[2026-06-05T13:52:59.451] [DEBUG] debug-file - File: '/Users/wangyifan/Downloads/harmonyOS/harmonychat-main/entry/build/default/intermediates/binxo/default' from 'cacheBinxoNativeLibs' is not exists, just ignore.
[2026-06-05T13:52:59.451] [DEBUG] debug-file - Task 'entry:default@CacheNativeLibs' cost while wrapping incremental declarations: 1 ms 
[2026-06-05T13:52:59.451] [DEBUG] debug-file - Incremental task entry:default@CacheNativeLibs pre-execution cost: 1 ms .
[2026-06-05T13:52:59.451] [DEBUG] debug-file - entry : default@CacheNativeLibs cost memory 0.0865478515625
[2026-06-05T13:52:59.451] [INFO] debug-file - UP-TO-DATE :entry:default@CacheNativeLibs...  
[2026-06-05T13:52:59.790] [DEBUG] debug-file - worker[8] has one work done.
[2026-06-05T13:52:59.790] [DEBUG] debug-file - CopyResources is end, endTime: 236529342170625
[2026-06-05T13:52:59.790] [DEBUG] debug-file - default@CompileArkTS work[10] done.
[2026-06-05T13:52:59.790] [DEBUG] debug-file - A work dispatched to worker[8] failed because unable to get work from ready queue.
[2026-06-05T13:53:01.387] [WARN] debug-file - [33mWARN: [33m[33mArkTS:WARN File: /Users/wangyifan/Downloads/harmonyOS/harmonychat-main/oh_modules/.ohpm/mobileimsdk@hoop830zxxr8xnn6crmdrvjoor6h7alv6wz1iybybxq=/oh_modules/mobileimsdk/src/main/ets/d1/f1/k1.d.ets:2:1
 Switching off type checks with in-place comments is not allowed (arkts-strict-typing-required)
[39m[39m
[33mWARN: [33m[33mArkTS:WARN File: /Users/wangyifan/Downloads/harmonyOS/harmonychat-main/oh_modules/.ohpm/mobileimsdk@hoop830zxxr8xnn6crmdrvjoor6h7alv6wz1iybybxq=/oh_modules/mobileimsdk/src/main/ets/d1/f1/g1.d.ets:2:1
 Switching off type checks with in-place comments is not allowed (arkts-strict-typing-required)
[39m[39m
[33mWARN: [33m[33mArkTS:WARN File: /Users/wangyifan/Downloads/harmonyOS/harmonychat-main/oh_modules/.ohpm/mobileimsdk@hoop830zxxr8xnn6crmdrvjoor6h7alv6wz1iybybxq=/oh_modules/mobileimsdk/src/main/ets/o/p/r.d.ets:2:1
 Switching off type checks with in-place comments is not allowed (arkts-strict-typing-required)
[39m[39m
[33mWARN: [33m[33mArkTS:WARN File: /Users/wangyifan/Downloads/harmonyOS/harmonychat-main/oh_modules/.ohpm/mobileimsdk@hoop830zxxr8xnn6crmdrvjoor6h7alv6wz1iybybxq=/oh_modules/mobileimsdk/src/main/ets/d.d.ets:2:1
 Switching off type checks with in-place comments is not allowed (arkts-strict-typing-required)
[39m[39m
[33mWARN: [33m[33mArkTS:WARN File: /Users/wangyifan/Downloads/harmonyOS/harmonychat-main/oh_modules/.ohpm/mobileimsdk@hoop830zxxr8xnn6crmdrvjoor6h7alv6wz1iybybxq=/oh_modules/mobileimsdk/src/main/ets/e/f.d.ets:2:1
 Switching off type checks with in-place comments is not allowed (arkts-strict-typing-required)
[39m[39m
[33mWARN: [33m[33mArkTS:WARN File: /Users/wangyifan/Downloads/harmonyOS/harmonychat-main/oh_modules/.ohpm/mobileimsdk@hoop830zxxr8xnn6crmdrvjoor6h7alv6wz1iybybxq=/oh_modules/mobileimsdk/src/main/ets/e/g.d.ets:2:1
 Switching off type checks with in-place comments is not allowed (arkts-strict-typing-required)
[39m[39m
[33mWARN: [33m[33mArkTS:WARN File: /Users/wangyifan/Downloads/harmonyOS/harmonychat-main/oh_modules/.ohpm/mobileimsdk@hoop830zxxr8xnn6crmdrvjoor6h7alv6wz1iybybxq=/oh_modules/mobileimsdk/src/main/ets/o/z.d.ets:2:1
 Switching off type checks with in-place comments is not allowed (arkts-strict-typing-required)
[39m[39m
[33mWARN: [33m[33mArkTS:WARN File: /Users/wangyifan/Downloads/harmonyOS/harmonychat-main/oh_modules/.ohpm/mobileimsdk@hoop830zxxr8xnn6crmdrvjoor6h7alv6wz1iybybxq=/oh_modules/mobileimsdk/src/main/ets/e/h.d.ets:2:1
 Switching off type checks with in-place comments is not allowed (arkts-strict-typing-required)
[39m[39m
[33mWARN: [33m[33mArkTS:WARN File: /Users/wangyifan/Downloads/harmonyOS/harmonychat-main/oh_modules/.ohpm/mobileimsdk@hoop830zxxr8xnn6crmdrvjoor6h7alv6wz1iybybxq=/oh_modules/mobileimsdk/src/main/ets/e/i.d.ets:2:1
 Switching off type checks with in-place comments is not allowed (arkts-strict-typing-required)
[39m[39m
[33mWARN: [33m[33mArkTS:WARN File: /Users/wangyifan/Downloads/harmonyOS/harmonychat-main/oh_modules/.ohpm/mobileimsdk@hoop830zxxr8xnn6crmdrvjoor6h7alv6wz1iybybxq=/oh_modules/mobileimsdk/src/main/ets/e/j.d.ets:2:1
 Switching off type checks with in-place comments is not allowed (arkts-strict-typing-required)
[39m[39m
[33mWARN: [33m[33mArkTS:WARN File: /Users/wangyifan/Downloads/harmonyOS/harmonychat-main/oh_modules/.ohpm/mobileimsdk@hoop830zxxr8xnn6crmdrvjoor6h7alv6wz1iybybxq=/oh_modules/mobileimsdk/src/main/ets/e/k.d.ets:2:1
 Switching off type checks with in-place comments is not allowed (arkts-strict-typing-required)
[39m[39m
[33mWARN: [33m[33mArkTS:WARN File: /Users/wangyifan/Downloads/harmonyOS/harmonychat-main/oh_modules/.ohpm/mobileimsdk@hoop830zxxr8xnn6crmdrvjoor6h7alv6wz1iybybxq=/oh_modules/mobileimsdk/src/main/ets/e/l.d.ets:2:1
 Switching off type checks with in-place comments is not allowed (arkts-strict-typing-required)
[39m[39m
[33mWARN: [33m[33mArkTS:WARN File: /Users/wangyifan/Downloads/harmonyOS/harmonychat-main/oh_modules/.ohpm/mobileimsdk@hoop830zxxr8xnn6crmdrvjoor6h7alv6wz1iybybxq=/oh_modules/mobileimsdk/src/main/ets/m/n.d.ets:2:1
 Switching off type checks with in-place comments is not allowed (arkts-strict-typing-required)
[39m[39m
[33mWARN: [33m[33mArkTS:WARN File: /Users/wangyifan/Downloads/harmonyOS/harmonychat-main/oh_modules/.ohpm/mobileimsdk@hoop830zxxr8xnn6crmdrvjoor6h7alv6wz1iybybxq=/oh_modules/mobileimsdk/src/main/ets/o/p/q.d.ets:2:1
 Switching off type checks with in-place comments is not allowed (arkts-strict-typing-required)
[39m[39m
[33mWARN: [33m[33mArkTS:WARN File: /Users/wangyifan/Downloads/harmonyOS/harmonychat-main/oh_modules/.ohpm/mobileimsdk@hoop830zxxr8xnn6crmdrvjoor6h7alv6wz1iybybxq=/oh_modules/mobileimsdk/src/main/ets/o/t/u.d.ets:2:1
 Switching off type checks with in-place comments is not allowed (arkts-strict-typing-required)
[39m[39m
[33mWARN: [33m[33mArkTS:WARN File: /Users/wangyifan/Downloads/harmonyOS/harmonychat-main/oh_modules/.ohpm/mobileimsdk@hoop830zxxr8xnn6crmdrvjoor6h7alv6wz1iybybxq=/oh_modules/mobileimsdk/src/main/ets/o/t/v.d.ets:2:1
 Switching off type checks with in-place comments is not allowed (arkts-strict-typing-required)
[39m[39m
[33mWARN: [33m[33mArkTS:WARN File: /Users/wangyifan/Downloads/harmonyOS/harmonychat-main/oh_modules/.ohpm/mobileimsdk@hoop830zxxr8xnn6crmdrvjoor6h7alv6wz1iybybxq=/oh_modules/mobileimsdk/src/main/ets/o/t/w.d.ets:2:1
 Switching off type checks with in-place comments is not allowed (arkts-strict-typing-required)
[39m[39m
[33mWARN: [33m[33mArkTS:WARN File: /Users/wangyifan/Downloads/harmonyOS/harmonychat-main/oh_modules/.ohpm/mobileimsdk@hoop830zxxr8xnn6crmdrvjoor6h7alv6wz1iybybxq=/oh_modules/mobileimsdk/src/main/ets/o/t/x.d.ets:2:1
 Switching off type checks with in-place comments is not allowed (arkts-strict-typing-required)
[39m[39m
[33mWARN: [33m[33mArkTS:WARN File: /Users/wangyifan/Downloads/harmonyOS/harmonychat-main/oh_modules/.ohpm/mobileimsdk@hoop830zxxr8xnn6crmdrvjoor6h7alv6wz1iybybxq=/oh_modules/mobileimsdk/src/main/ets/o/y.d.ets:2:1
 Switching off type checks with in-place comments is not allowed (arkts-strict-typing-required)
[39m[39m
[33mWARN: [33m[33mArkTS:WARN File: /Users/wangyifan/Downloads/harmonyOS/harmonychat-main/oh_modules/.ohpm/mobileimsdk@hoop830zxxr8xnn6crmdrvjoor6h7alv6wz1iybybxq=/oh_modules/mobileimsdk/src/main/ets/o/a1.d.ets:2:1
 Switching off type checks with in-place comments is not allowed (arkts-strict-typing-required)
[39m[39m
[33mWARN: [33m[33mArkTS:WARN File: /Users/wangyifan/Downloads/harmonyOS/harmonychat-main/oh_modules/.ohpm/mobileimsdk@hoop830zxxr8xnn6crmdrvjoor6h7alv6wz1iybybxq=/oh_modules/mobileimsdk/src/main/ets/o/b1.d.ets:2:1
 Switching off type checks with in-place comments is not allowed (arkts-strict-typing-required)
[39m[39m
[33mWARN: [33m[33mArkTS:WARN File: /Users/wangyifan/Downloads/harmonyOS/harmonychat-main/oh_modules/.ohpm/mobileimsdk@hoop830zxxr8xnn6crmdrvjoor6h7alv6wz1iybybxq=/oh_modules/mobileimsdk/src/main/ets/o/c1.d.ets:2:1
 Switching off type checks with in-place comments is not allowed (arkts-strict-typing-required)
[39m[39m
[33mWARN: [33m[33mArkTS:WARN File: /Users/wangyifan/Downloads/harmonyOS/harmonychat-main/oh_modules/.ohpm/mobileimsdk@hoop830zxxr8xnn6crmdrvjoor6h7alv6wz1iybybxq=/oh_modules/mobileimsdk/src/main/ets/d1/e1.d.ets:2:1
 Switching off type checks with in-place comments is not allowed (arkts-strict-typing-required)
[39m[39m
[33mWARN: [33m[33mArkTS:WARN File: /Users/wangyifan/Downloads/harmonyOS/harmonychat-main/oh_modules/.ohpm/mobileimsdk@hoop830zxxr8xnn6crmdrvjoor6h7alv6wz1iybybxq=/oh_modules/mobileimsdk/src/main/ets/d1/i1.d.ets:2:1
 Switching off type checks with in-place comments is not allowed (arkts-strict-typing-required)
[39m[39m
[33mWARN: [33m[33mArkTS:WARN File: /Users/wangyifan/Downloads/harmonyOS/harmonychat-main/oh_modules/.ohpm/mobileimsdk@hoop830zxxr8xnn6crmdrvjoor6h7alv6wz1iybybxq=/oh_modules/mobileimsdk/src/main/ets/d1/j1.d.ets:2:1
 Switching off type checks with in-place comments is not allowed (arkts-strict-typing-required)
[39m[39m
[33mWARN: [33m[33mArkTS:WARN File: /Users/wangyifan/Downloads/harmonyOS/harmonychat-main/oh_modules/.ohpm/mobileimsdk@hoop830zxxr8xnn6crmdrvjoor6h7alv6wz1iybybxq=/oh_modules/mobileimsdk/Index.d.ets:2:1
 Switching off type checks with in-place comments is not allowed (arkts-strict-typing-required)
[39m[39m
[33mWARN: [33m[33mArkTS:WARN: For details about ArkTS syntax errors, see FAQs[39m[39m
[33mWARN: [33m[33mArkTS:WARN File: /Users/wangyifan/Downloads/harmonyOS/harmonychat-main/entry/src/main/ets/pages/utils/ToolKits.ets:39:5
 Function may throw exceptions. Special handling is required.
[39m[39m
[33mWARN: [33m[33mArkTS:WARN File: /Users/wangyifan/Downloads/harmonyOS/harmonychat-main/entry/src/main/ets/pages/utils/ToolKits.ets:121:5
 Function may throw exceptions. Special handling is required.
[39m[39m
[33mWARN: [33m[33mArkTS:WARN File: /Users/wangyifan/Downloads/harmonyOS/harmonychat-main/entry/src/main/ets/pages/utils/ToolKits.ets:121:18
 'showToast' has been deprecated.
[39m[39m
[33mWARN: [33m[33mArkTS:WARN File: /Users/wangyifan/Downloads/harmonyOS/harmonychat-main/entry/src/main/ets/pages/utils/ToolKits.ets:144:17
 'show' has been deprecated.
[39m[39m
[33mWARN: [33m[33mArkTS:WARN File: /Users/wangyifan/Downloads/harmonyOS/harmonychat-main/entry/src/main/ets/pages/utils/ToolKits.ets:706:44
 'packing' has been deprecated.
[39m[39m
[33mWARN: [33m[33mArkTS:WARN File: /Users/wangyifan/Downloads/harmonyOS/harmonychat-main/entry/src/main/ets/pages/utils/ToolKits.ets:741:54
 'packing' has been deprecated.
[39m[39m
[33mWARN: [33m[33mArkTS:WARN File: /Users/wangyifan/Downloads/harmonyOS/harmonychat-main/entry/src/main/ets/entryability/EntryAbility.ets:61:53
 Function may throw exceptions. Special handling is required.
[39m[39m
[33mWARN: [33m[33mArkTS:WARN File: /Users/wangyifan/Downloads/harmonyOS/harmonychat-main/entry/src/main/ets/pages/SafePage.ets:89:24
 'pushUrl' has been deprecated.
[39m[39m
[33mWARN: [33m[33mArkTS:WARN File: /Users/wangyifan/Downloads/harmonyOS/harmonychat-main/entry/src/main/ets/pages/SafePage.ets:111:56
 'getContext' has been deprecated.
[39m[39m
[33mWARN: [33m[33mArkTS:WARN File: /Users/wangyifan/Downloads/harmonyOS/harmonychat-main/entry/src/main/ets/pages/SafePage.ets:121:24
 'replaceUrl' has been deprecated.
[39m[39m
[33mWARN: [33m[33mArkTS:WARN File: /Users/wangyifan/Downloads/harmonyOS/harmonychat-main/entry/src/main/ets/pages/components/ChatInputView.ets:53:22
 'getContext' has been deprecated.
[39m[39m
[33mWARN: [33m[33mArkTS:WARN File: /Users/wangyifan/Downloads/harmonyOS/harmonychat-main/entry/src/main/ets/pages/components/msg_view/NormalMsgView.ets:53:22
 'getContext' has been deprecated.
[39m[39m
[33mWARN: [33m[33mArkTS:WARN File: /Users/wangyifan/Downloads/harmonyOS/harmonychat-main/entry/src/main/ets/pages/ChatPage.ets:87:32
 'getContext' has been deprecated.
[39m[39m
[33mWARN: [33m[33mArkTS:WARN File: /Users/wangyifan/Downloads/harmonyOS/harmonychat-main/entry/src/main/ets/pages/ChatPage.ets:209:46
 'getContext' has been deprecated.
[39m[39m
[33mWARN: [33m[33mArkTS:WARN File: /Users/wangyifan/Downloads/harmonyOS/harmonychat-main/entry/src/main/ets/pages/ChatPage.ets:222:51
 'getContext' has been deprecated.
[39m[39m
[33mWARN: [33m[33mArkTS:WARN File: /Users/wangyifan/Downloads/harmonyOS/harmonychat-main/entry/src/main/ets/pages/ChatPage.ets:222:93
 'getContext' has been deprecated.
[39m[39m
[33mWARN: [33m[33mArkTS:WARN File: /Users/wangyifan/Downloads/harmonyOS/harmonychat-main/entry/src/main/ets/pages/ChatPage.ets:224:5
 Function may throw exceptions. Special handling is required.
[39m[39m
[33mWARN: [33m[33mArkTS:WARN File: /Users/wangyifan/Downloads/harmonyOS/harmonychat-main/entry/src/main/ets/pages/ChatPage.ets:224:12
 'replaceUrl' has been deprecated.
[39m[39m
[33mWARN: [33m[33mArkTS:WARN File: /Users/wangyifan/Downloads/harmonyOS/harmonychat-main/entry/src/main/ets/pages/LoginPage.ets:60:19
 'getContext' has been deprecated.
[39m[39m
[33mWARN: [33m[33mArkTS:WARN File: /Users/wangyifan/Downloads/harmonyOS/harmonychat-main/entry/src/main/ets/pages/LoginPage.ets:76:16
 'replaceUrl' has been deprecated.
[39m[39m
[33mWARN: [33m[33mArkTS:WARN File: /Users/wangyifan/Downloads/harmonyOS/harmonychat-main/entry/src/main/ets/pages/LoginPage.ets:223:21
 'getContext' has been deprecated.
[39m[39m
[33mWARN: [33m[33mArkTS:WARN File: /Users/wangyifan/Downloads/harmonyOS/harmonychat-main/entry/src/main/ets/pages/LoginPage.ets:235:5
 Function may throw exceptions. Special handling is required.
[39m[39m
[33mWARN: [33m[33mArkTS:WARN File: /Users/wangyifan/Downloads/harmonyOS/harmonychat-main/entry/src/main/ets/pages/LoginPage.ets:235:12
 'pushUrl' has been deprecated.
[39m[39m
[33mWARN: [33m[33mArkTS:WARN File: /Users/wangyifan/Downloads/harmonyOS/harmonychat-main/entry/src/main/ets/pages/RegisterPage.ets:51:19
 'getContext' has been deprecated.
[39m[39m
[33mWARN: [33m[33mArkTS:WARN File: /Users/wangyifan/Downloads/harmonyOS/harmonychat-main/entry/src/main/ets/pages/RegisterPage.ets:110:20
 'back' has been deprecated.
[39m[39m
[33mWARN: [33m[33mArkTS:WARN File: /Users/wangyifan/Downloads/harmonyOS/harmonychat-main/entry/src/main/ets/pages/RegisterPage.ets:135:12
 'back' has been deprecated.
[39m[39m
[33mWARN: [33m[33mArkTS:WARN File: /Users/wangyifan/Downloads/harmonyOS/harmonychat-main/entry/src/main/ets/pages/utils/PreferenceManager.ets:23:21
 'getContext' has been deprecated.
[39m[39m
[33mWARN: [33m[33mArkTS:WARN File: /Users/wangyifan/Downloads/harmonyOS/harmonychat-main/entry/src/main/ets/pages/utils/PreferenceManager.ets:38:12
 Function may throw exceptions. Special handling is required.
[39m[39m
[33mWARN: [33m[33mArkTS:WARN File: /Users/wangyifan/Downloads/harmonyOS/harmonychat-main/entry/src/main/ets/pages/utils/PreferenceManager.ets:46:7
 Function may throw exceptions. Special handling is required.
[39m[39m
[33mWARN: [33m[33mArkTS:WARN File: /Users/wangyifan/Downloads/harmonyOS/harmonychat-main/entry/src/main/ets/pages/utils/PreferenceManager.ets:58:14
 Function may throw exceptions. Special handling is required.
[39m[39m
[33mWARN: [33m[33mArkTS:WARN File: /Users/wangyifan/Downloads/harmonyOS/harmonychat-main/entry/src/main/ets/pages/utils/PreferenceManager.ets:74:14
 Function may throw exceptions. Special handling is required.
[39m[39m
[33mWARN: [33m[33mArkTS:WARN File: /Users/wangyifan/Downloads/harmonyOS/harmonychat-main/entry/src/main/ets/pages/utils/PreferenceManager.ets:84:7
 Function may throw exceptions. Special handling is required.
[39m[39m
[33mWARN: [33m[33mArkTS:WARN File: /Users/wangyifan/Downloads/harmonyOS/harmonychat-main/entry/src/main/ets/pages/utils/PreferenceManager.ets:95:5
 Function may throw exceptions. Special handling is required.
[39m[39m
[33mWARN: [33m[33mArkTS:WARN File: /Users/wangyifan/Downloads/harmonyOS/harmonychat-main/entry/src/main/ets/pages/SplashPage.ets:29:37
 'getParams' has been deprecated.
[39m[39m
[33mWARN: [33m[33mArkTS:WARN File: /Users/wangyifan/Downloads/harmonyOS/harmonychat-main/entry/src/main/ets/pages/SplashPage.ets:29:59
 'getParams' has been deprecated.
[39m[39m
[33mWARN: [33m[33mArkTS:WARN File: /Users/wangyifan/Downloads/harmonyOS/harmonychat-main/entry/src/main/ets/pages/SplashPage.ets:65:18
 'replaceUrl' has been deprecated.
[39m[39m
[33mWARN: [33m[33mArkTS:WARN File: /Users/wangyifan/Downloads/harmonyOS/harmonychat-main/entry/src/main/ets/pages/SplashPage.ets:75:5
 Function may throw exceptions. Special handling is required.
[39m[39m
[33mWARN: [33m[33mArkTS:WARN File: /Users/wangyifan/Downloads/harmonyOS/harmonychat-main/entry/src/main/ets/pages/SplashPage.ets:75:12
 'replaceUrl' has been deprecated.
[39m[39m
[33mWARN: [33m[33mArkTS:WARN File: /Users/wangyifan/Downloads/harmonyOS/harmonychat-main/entry/src/main/ets/pages/ChatComponent.ets:79:56
 'getContext' has been deprecated.
[39m[39m
[33mWARN: [33m[33mArkTS:WARN File: /Users/wangyifan/Downloads/harmonyOS/harmonychat-main/entry/src/main/ets/pages/ChatComponent.ets:256:46
 'getContext' has been deprecated.
[39m[39m
[33mWARN: [33m[33mArkTS:WARN File: /Users/wangyifan/Downloads/harmonyOS/harmonychat-main/entry/src/main/ets/pages/ChatComponent.ets:269:51
 'getContext' has been deprecated.
[39m[39m
[33mWARN: [33m[33mArkTS:WARN File: /Users/wangyifan/Downloads/harmonyOS/harmonychat-main/entry/src/main/ets/pages/ChatComponent.ets:269:93
 'getContext' has been deprecated.
[39m[39m
[33mWARN: [33m[33mArkTS:WARN File: /Users/wangyifan/Downloads/harmonyOS/harmonychat-main/entry/src/main/ets/pages/ChatComponent.ets:271:5
 Function may throw exceptions. Special handling is required.
[39m[39m
[33mWARN: [33m[33mArkTS:WARN File: /Users/wangyifan/Downloads/harmonyOS/harmonychat-main/entry/src/main/ets/pages/ChatComponent.ets:271:12
 'replaceUrl' has been deprecated.
[39m[39m
[33mWARN: [33m[33mArkTS:WARN File: /Users/wangyifan/Downloads/harmonyOS/harmonychat-main/entry/src/main/ets/pages/MineComponent.ets:403:20
 'getContext' has been deprecated.
[39m[39m
[33mWARN: [33m[33mArkTS:WARN File: /Users/wangyifan/Downloads/harmonyOS/harmonychat-main/entry/src/main/ets/pages/MineComponent.ets:568:55
 'getContext' has been deprecated.
[39m[39m
[33mWARN: [33m[33mArkTS:WARN File: /Users/wangyifan/Downloads/harmonyOS/harmonychat-main/entry/src/main/ets/pages/MineComponent.ets:568:97
 'getContext' has been deprecated.
[39m[39m
[33mWARN: [33m[33mArkTS:WARN File: /Users/wangyifan/Downloads/harmonyOS/harmonychat-main/entry/src/main/ets/pages/MineComponent.ets:569:16
 'replaceUrl' has been deprecated.
[39m[39m
[33mWARN: [33m[33mArkTS:WARN File: /Users/wangyifan/Downloads/harmonyOS/harmonychat-main/entry/src/main/ets/pages/MineComponent.ets:598:61
 'getContext' has been deprecated.
[39m[39m
[33mWARN: [33m[33mArkTS:WARN File: /Users/wangyifan/Downloads/harmonyOS/harmonychat-main/entry/src/main/ets/pages/MineComponent.ets:598:103
 'getContext' has been deprecated.
[39m[39m
[33mWARN: [33m[33mArkTS:WARN File: /Users/wangyifan/Downloads/harmonyOS/harmonychat-main/entry/src/main/ets/pages/MineComponent.ets:599:22
 'replaceUrl' has been deprecated.
[39m[39m
[33mWARN: [33m[33mArkTS:WARN File: /Users/wangyifan/Downloads/harmonyOS/harmonychat-main/entry/src/main/ets/pages/MineComponent.ets:663:16
 'key' can only be used for testing directories 
[39m[39m
[33mWARN: [33m[33mArkTS:WARN File: /Users/wangyifan/Downloads/harmonyOS/harmonychat-main/entry/src/main/ets/pages/MainPage.ets:45:20
 'getContext' has been deprecated.
[39m[39m
[33mWARN: [33m[33mArkTS:WARN File: /Users/wangyifan/Downloads/harmonyOS/harmonychat-main/entry/src/main/ets/pages/MainPage.ets:77:32
 'getContext' has been deprecated.
[39m[39m
[33mWARN: [33m[33m[39m [33mArkTS:WARN Property 'sourceMapsPath' not found in 'mobileimsdk'.[39m [33m[39m[39m[39m

[2026-06-05T13:53:01.387] [DEBUG] debug-file - Ark compile task finished.finished time is 236530938889083
[2026-06-05T13:53:01.388] [DEBUG] debug-file - worker[4] has one work done.
[2026-06-05T13:53:01.388] [DEBUG] debug-file - default@CompileArkTS work[9] done.
[2026-06-05T13:53:01.389] [INFO] debug-file - Finished :entry:default@CompileArkTS... after 1 s 948 ms 
[2026-06-05T13:53:01.389] [DEBUG] debug-file - Executing task :entry:default@GeneratePkgModuleJson
[2026-06-05T13:53:01.389] [DEBUG] debug-file - File: '/Users/wangyifan/Downloads/harmonyOS/harmonychat-main/entry/build/default/intermediates/preload/default/preload.json' from 'preloadSoJsonPath' is not exists, just ignore.
[2026-06-05T13:53:01.389] [DEBUG] debug-file - Error occurs while handling @Input 'shouldDeduplicateHar': The "data" argument must be of type string or an instance of Buffer, TypedArray, or DataView. Received undefined
[2026-06-05T13:53:01.389] [DEBUG] debug-file - Task 'entry:default@GeneratePkgModuleJson' cost while wrapping incremental declarations: 1 ms 
[2026-06-05T13:53:01.390] [DEBUG] debug-file - Incremental task entry:default@GeneratePkgModuleJson pre-execution cost: 1 ms .
[2026-06-05T13:53:01.390] [DEBUG] debug-file - entry : default@GeneratePkgModuleJson cost memory 0.086090087890625
[2026-06-05T13:53:01.390] [INFO] debug-file - UP-TO-DATE :entry:default@GeneratePkgModuleJson...  
[2026-06-05T13:53:01.390] [DEBUG] debug-file - Executing task :entry:default@ProcessCompiledResources
[2026-06-05T13:53:01.390] [DEBUG] debug-file - File: '/Users/wangyifan/Downloads/harmonyOS/harmonychat-main/entry/build/default/intermediates/preload/default/preload.json' from 'preloadSoJsonPath' is not exists, just ignore.
[2026-06-05T13:53:01.390] [DEBUG] debug-file - Task 'entry:default@ProcessCompiledResources' cost while wrapping incremental declarations: 1 ms 
[2026-06-05T13:53:01.390] [DEBUG] debug-file - entry : default@ProcessCompiledResources cost memory 0.05612945556640625
[2026-06-05T13:53:01.390] [DEBUG] debug-file - runTaskFromQueue task cost before running: 2 s 71 ms 
[2026-06-05T13:53:01.390] [INFO] debug-file - Finished :entry:default@ProcessCompiledResources... after 1 ms 
[2026-06-05T13:53:01.391] [DEBUG] debug-file - Executing task :entry:default@PackageHap
[2026-06-05T13:53:01.392] [DEBUG] debug-file - entry:default@PackageHap is not up-to-date, since the input file '/Users/wangyifan/Downloads/harmonyOS/harmonychat-main/entry/build/default/intermediates/loader_out/default/ets' has been changed.
[2026-06-05T13:53:01.392] [DEBUG] debug-file - Incremental task entry:default@PackageHap pre-execution cost: 1 ms .
[2026-06-05T13:53:01.392] [DEBUG] debug-file - Use tool [/Applications/DevEco-Studio.app/Contents/sdk/default/openharmony/toolchains/lib/app_packing_tool.jar]
 [
  'java',
  '-Dfile.encoding=utf-8',
  '-jar',
  '/Applications/DevEco-Studio.app/Contents/sdk/default/openharmony/toolchains/lib/app_packing_tool.jar',
  '--mode',
  'hap',
  '--force',
  'true',
  '--lib-path',
  '/Users/wangyifan/Downloads/harmonyOS/harmonychat-main/entry/build/default/intermediates/stripped_native_libs/default',
  '--json-path',
  '/Users/wangyifan/Downloads/harmonyOS/harmonychat-main/entry/build/default/intermediates/package/default/module.json',
  '--resources-path',
  '/Users/wangyifan/Downloads/harmonyOS/harmonychat-main/entry/build/default/intermediates/res/default/resources',
  '--index-path',
  '/Users/wangyifan/Downloads/harmonyOS/harmonychat-main/entry/build/default/intermediates/res/default/resources.index',
  '--pack-info-path',
  '/Users/wangyifan/Downloads/harmonyOS/harmonychat-main/entry/build/default/outputs/default/pack.info',
  '--out-path',
  '/Users/wangyifan/Downloads/harmonyOS/harmonychat-main/entry/build/default/outputs/default/entry-default-unsigned.hap',
  '--ets-path',
  '/Users/wangyifan/Downloads/harmonyOS/harmonychat-main/entry/build/default/intermediates/loader_out/default/ets',
  '--pkg-context-path',
  '/Users/wangyifan/Downloads/harmonyOS/harmonychat-main/entry/build/default/intermediates/loader/default/pkgContextInfo.json'
]
[2026-06-05T13:53:01.392] [DEBUG] debug-file - default@PackageHap work[11] is submitted.
[2026-06-05T13:53:01.392] [DEBUG] debug-file - default@PackageHap work[11] is pushed to ready queue.
[2026-06-05T13:53:01.392] [DEBUG] debug-file - default@PackageHap work[11] is not dispatched.
[2026-06-05T13:53:01.393] [DEBUG] debug-file - entry : default@PackageHap cost memory 0.46579742431640625
[2026-06-05T13:53:01.489] [DEBUG] debug-file - default@PackageHap work[11] has been dispatched to worker[4].
[2026-06-05T13:53:01.491] [DEBUG] debug-file - current process  memoryUsage: {
  rss: 508477440,
  heapTotal: 391217152,
  heapUsed: 353983632,
  external: 6023323,
  arrayBuffers: 2170802
} os memoryUsage :15.868057250976562
[2026-06-05T13:53:01.493] [DEBUG] debug-file - A work dispatched to worker[9] failed because unable to get work from ready queue.
[2026-06-05T13:53:01.493] [DEBUG] debug-file - A work dispatched to worker[8] failed because unable to get work from ready queue.
[2026-06-05T13:53:01.493] [DEBUG] debug-file - A work dispatched to worker[7] failed because unable to get work from ready queue.
[2026-06-05T13:53:01.493] [DEBUG] debug-file - A work dispatched to worker[6] failed because unable to get work from ready queue.
[2026-06-05T13:53:01.493] [DEBUG] debug-file - A work dispatched to worker[5] failed because unable to get work from ready queue.
[2026-06-05T13:53:01.493] [DEBUG] debug-file - A work dispatched to worker[4] failed because of worker busy.
[2026-06-05T13:53:01.493] [DEBUG] debug-file - A work dispatched to worker[3] failed because unable to get work from ready queue.
[2026-06-05T13:53:01.493] [DEBUG] debug-file - A work dispatched to worker[2] failed because unable to get work from ready queue.
[2026-06-05T13:53:01.493] [DEBUG] debug-file - A work dispatched to worker[1] failed because unable to get work from ready queue.
[2026-06-05T13:53:01.493] [DEBUG] debug-file - A work dispatched to worker[0] failed because unable to get work from ready queue.
[2026-06-05T13:53:01.698] [DEBUG] debug-file - worker[4] has one work done.
[2026-06-05T13:53:01.698] [DEBUG] debug-file - default@PackageHap work[11] done.
[2026-06-05T13:53:01.699] [INFO] debug-file - Finished :entry:default@PackageHap... after 210 ms 
[2026-06-05T13:53:01.700] [DEBUG] debug-file - Executing task :entry:default@PackingCheck
[2026-06-05T13:53:01.702] [DEBUG] debug-file - entry : default@PackingCheck cost memory 0.43729400634765625
[2026-06-05T13:53:01.702] [DEBUG] debug-file - runTaskFromQueue task cost before running: 2 s 383 ms 
[2026-06-05T13:53:01.702] [INFO] debug-file - Finished :entry:default@PackingCheck... after 2 ms 
[2026-06-05T13:53:01.702] [DEBUG] debug-file - Executing task :entry:default@SignHap
[2026-06-05T13:53:01.702] [WARN] debug-file - Will skip sign 'hos_hap'. No signingConfigs profile is configured in current project.
             If needed, configure the signingConfigs in /Users/wangyifan/Downloads/harmonyOS/harmonychat-main/build-profile.json5.
[2026-06-05T13:53:01.702] [DEBUG] debug-file - entry:default@SignHap is not up-to-date, since the input file '/Users/wangyifan/Downloads/harmonyOS/harmonychat-main/entry/build/default/outputs/default/entry-default-unsigned.hap' has been changed.
[2026-06-05T13:53:01.702] [DEBUG] debug-file - Incremental task entry:default@SignHap pre-execution cost: 1 ms .
[2026-06-05T13:53:01.702] [DEBUG] debug-file - entry : default@SignHap cost memory 0.07346343994140625
[2026-06-05T13:53:01.702] [DEBUG] debug-file - runTaskFromQueue task cost before running: 2 s 383 ms 
[2026-06-05T13:53:01.702] [INFO] debug-file - Finished :entry:default@SignHap... after 1 ms 
[2026-06-05T13:53:01.703] [DEBUG] debug-file - Executing task :entry:default@CollectDebugSymbol
[2026-06-05T13:53:01.703] [DEBUG] debug-file - entry : default@CollectDebugSymbol cost memory 0.08766937255859375
[2026-06-05T13:53:01.703] [DEBUG] debug-file - runTaskFromQueue task cost before running: 2 s 384 ms 
[2026-06-05T13:53:01.703] [INFO] debug-file - Finished :entry:default@CollectDebugSymbol... after 1 ms 
[2026-06-05T13:53:01.703] [DEBUG] debug-file - Executing task :entry:assembleHap
[2026-06-05T13:53:01.703] [DEBUG] debug-file - entry : assembleHap cost memory 0.01221466064453125
[2026-06-05T13:53:01.703] [DEBUG] debug-file - runTaskFromQueue task cost before running: 2 s 384 ms 
[2026-06-05T13:53:01.703] [INFO] debug-file - Finished :entry:assembleHap... after 1 ms 
[2026-06-05T13:53:01.703] [INFO] debug-file - BUILD SUCCESSFUL in 2 s 384 ms 
[2026-06-05T13:53:01.703] [DEBUG] debug-file - There is no need to refresh cache, since the incremental task entry:default@PreBuild is up-to-date.
[2026-06-05T13:53:01.703] [DEBUG] debug-file - Update task entry:default@CreateModuleInfo output file:/Users/wangyifan/Downloads/harmonyOS/harmonychat-main/entry/build/default/generated/profile/default/ModuleInfo.ts cache.
[2026-06-05T13:53:01.703] [DEBUG] debug-file - Incremental task entry:default@CreateModuleInfo post-execution cost:1 ms .
[2026-06-05T13:53:01.703] [DEBUG] debug-file - There is no need to refresh cache, since the incremental task entry:default@GenerateMetadata is up-to-date.
[2026-06-05T13:53:01.703] [DEBUG] debug-file - There is no need to refresh cache, since the incremental task entry:default@MergeProfile is up-to-date.
[2026-06-05T13:53:01.703] [DEBUG] debug-file - There is no need to refresh cache, since the incremental task entry:default@CreateBuildProfile is up-to-date.
[2026-06-05T13:53:01.703] [DEBUG] debug-file - There is no need to refresh cache, since the incremental task entry:default@GeneratePkgContextInfo is up-to-date.
[2026-06-05T13:53:01.703] [DEBUG] debug-file - Update task entry:default@GeneratePkgSdkInfo output file:/Users/wangyifan/Downloads/harmonyOS/harmonychat-main/entry/build/default/intermediates/loader/default/pkgSdkInfo.json cache.
[2026-06-05T13:53:01.703] [DEBUG] debug-file - Incremental task entry:default@GeneratePkgSdkInfo post-execution cost:1 ms .
[2026-06-05T13:53:01.703] [DEBUG] debug-file - Update task entry:default@ProcessIntegratedHsp output file:/Users/wangyifan/Downloads/harmonyOS/harmonychat-main/build/cache/default/integrated_hsp/integratedHspCache.json cache.
[2026-06-05T13:53:01.704] [DEBUG] debug-file - Incremental task entry:default@ProcessIntegratedHsp post-execution cost:1 ms .
[2026-06-05T13:53:01.704] [DEBUG] debug-file - There is no need to refresh cache, since the incremental task entry:default@MakePackInfo is up-to-date.
[2026-06-05T13:53:01.704] [DEBUG] debug-file - Update task entry:default@SyscapTransform input file:/Applications/DevEco-Studio.app/Contents/sdk/default/openharmony/toolchains/syscap_tool cache by regenerate.
[2026-06-05T13:53:01.704] [DEBUG] debug-file - Update task entry:default@SyscapTransform input file:/Applications/DevEco-Studio.app/Contents/sdk/default/openharmony/ets/api/device-define cache by regenerate.
[2026-06-05T13:53:01.704] [DEBUG] debug-file - Update task entry:default@SyscapTransform output file:/Users/wangyifan/Downloads/harmonyOS/harmonychat-main/entry/build/default/intermediates/syscap/default/rpcid.sc cache.
[2026-06-05T13:53:01.704] [DEBUG] debug-file - Incremental task entry:default@SyscapTransform post-execution cost:1 ms .
[2026-06-05T13:53:01.704] [DEBUG] debug-file - There is no need to refresh cache, since the incremental task entry:default@ProcessProfile is up-to-date.
[2026-06-05T13:53:01.704] [DEBUG] debug-file - There is no need to refresh cache, since the incremental task entry:default@ProcessRouterMap is up-to-date.
[2026-06-05T13:53:01.704] [DEBUG] debug-file - There is no need to refresh cache, since the incremental task entry:default@ProcessShareConfig is up-to-date.
[2026-06-05T13:53:01.704] [DEBUG] debug-file - Update task entry:default@ProcessStartupConfig input file:/Users/wangyifan/Downloads/harmonyOS/harmonychat-main/entry/build/default/intermediates/loader/default/pkgContextInfo.json cache by regenerate.
[2026-06-05T13:53:01.704] [DEBUG] debug-file - Update task entry:default@ProcessStartupConfig output file:/Users/wangyifan/Downloads/harmonyOS/harmonychat-main/entry/build/default/intermediates/startup/default/startup_config.json cache.
[2026-06-05T13:53:01.704] [DEBUG] debug-file - Incremental task entry:default@ProcessStartupConfig post-execution cost:1 ms .
[2026-06-05T13:53:01.704] [DEBUG] debug-file - There is no need to refresh cache, since the incremental task entry:default@ProcessResource is up-to-date.
[2026-06-05T13:53:01.704] [DEBUG] debug-file - There is no need to refresh cache, since the incremental task entry:default@GenerateLoaderJson is up-to-date.
[2026-06-05T13:53:01.704] [DEBUG] debug-file - There is no need to refresh cache, since the incremental task entry:default@ProcessLibs is up-to-date.
[2026-06-05T13:53:01.704] [DEBUG] debug-file - There is no need to refresh cache, since the incremental task entry:default@CompileResource is up-to-date.
[2026-06-05T13:53:01.704] [DEBUG] debug-file - There is no need to refresh cache, since the incremental task entry:default@DoNativeStrip is up-to-date.
[2026-06-05T13:53:01.704] [DEBUG] debug-file - Update task entry:default@CompileArkTS input file:/Users/wangyifan/Downloads/harmonyOS/harmonychat-main/entry/build/default/intermediates/loader/default cache by regenerate.
[2026-06-05T13:53:01.704] [DEBUG] debug-file - Update task entry:default@CompileArkTS input file:/Users/wangyifan/Downloads/harmonyOS/harmonychat-main/oh_modules/.ohpm/mobileimsdk@hoop830zxxr8xnn6crmdrvjoor6h7alv6wz1iybybxq=/oh_modules/mobileimsdk/src/main/ets cache by regenerate.
[2026-06-05T13:53:01.705] [DEBUG] debug-file - Update task entry:default@CompileArkTS input file:/Users/wangyifan/Downloads/harmonyOS/harmonychat-main/entry/build/default/intermediates/res/default/resources/rawfile cache by regenerate.
[2026-06-05T13:53:01.705] [DEBUG] debug-file - Update task entry:default@CompileArkTS input file:/Users/wangyifan/Downloads/harmonyOS/harmonychat-main/entry/build/default/intermediates/res/default/ResourceTable.txt cache by regenerate.
[2026-06-05T13:53:01.705] [DEBUG] debug-file - Update task entry:default@CompileArkTS input file:/Users/wangyifan/Downloads/harmonyOS/harmonychat-main/entry/build/default/intermediates/res/default/ark_module.json cache by regenerate.
[2026-06-05T13:53:01.705] [DEBUG] debug-file - Update task entry:default@CompileArkTS input file:/Users/wangyifan/Downloads/harmonyOS/harmonychat-main/entry/build/default/intermediates/res/default/resources/base/profile cache by regenerate.
[2026-06-05T13:53:01.705] [DEBUG] debug-file - Update task entry:default@CompileArkTS input file:/Users/wangyifan/Downloads/harmonyOS/harmonychat-main/entry/src/main/ets cache from map.
[2026-06-05T13:53:01.705] [DEBUG] debug-file - Update task entry:default@CompileArkTS input file:/Users/wangyifan/Downloads/harmonyOS/harmonychat-main/entry/build/default/intermediates/loader/default/pkgContextInfo.json cache by regenerate.
[2026-06-05T13:53:01.705] [DEBUG] debug-file - Update task entry:default@CompileArkTS input file:/Users/wangyifan/Downloads/harmonyOS/harmonychat-main/entry/build/default/generated/profile/default/BuildProfile.ets cache by regenerate.
[2026-06-05T13:53:01.705] [DEBUG] debug-file - Update task entry:default@CompileArkTS output file:/Users/wangyifan/Downloads/harmonyOS/harmonychat-main/entry/build/default/intermediates/loader_out/default/ets cache.
[2026-06-05T13:53:01.705] [DEBUG] debug-file - Incremental task entry:default@CompileArkTS post-execution cost:2 ms .
[2026-06-05T13:53:01.706] [DEBUG] debug-file - Update task entry:default@BuildJS input file:/Users/wangyifan/Downloads/harmonyOS/harmonychat-main/entry/build/default/intermediates/loader/default cache by regenerate.
[2026-06-05T13:53:01.706] [DEBUG] debug-file - Update task entry:default@BuildJS input file:/Users/wangyifan/Downloads/harmonyOS/harmonychat-main/entry/build/default/intermediates/res/default/resources/rawfile cache by regenerate.
[2026-06-05T13:53:01.706] [DEBUG] debug-file - Update task entry:default@BuildJS input file:/Users/wangyifan/Downloads/harmonyOS/harmonychat-main/entry/build/default/intermediates/res/default/ResourceTable.txt cache by regenerate.
[2026-06-05T13:53:01.706] [DEBUG] debug-file - Update task entry:default@BuildJS input file:/Users/wangyifan/Downloads/harmonyOS/harmonychat-main/entry/build/default/intermediates/res/default/ark_module.json cache by regenerate.
[2026-06-05T13:53:01.706] [DEBUG] debug-file - Update task entry:default@BuildJS input file:/Users/wangyifan/Downloads/harmonyOS/harmonychat-main/entry/build/default/intermediates/res/default/resources/base/profile cache by regenerate.
[2026-06-05T13:53:01.706] [DEBUG] debug-file - Update task entry:default@BuildJS input file:/Users/wangyifan/Downloads/harmonyOS/harmonychat-main/entry/build/default/intermediates/loader/default/pkgContextInfo.json cache by regenerate.
[2026-06-05T13:53:01.706] [DEBUG] debug-file - Update task entry:default@BuildJS output file:/Users/wangyifan/Downloads/harmonyOS/harmonychat-main/entry/build/default/intermediates/loader_out/default/js cache.
[2026-06-05T13:53:01.706] [DEBUG] debug-file - Incremental task entry:default@BuildJS post-execution cost:1 ms .
[2026-06-05T13:53:01.706] [DEBUG] debug-file - There is no need to refresh cache, since the incremental task entry:default@CacheNativeLibs is up-to-date.
[2026-06-05T13:53:01.706] [DEBUG] debug-file - There is no need to refresh cache, since the incremental task entry:default@GeneratePkgModuleJson is up-to-date.
[2026-06-05T13:53:01.706] [DEBUG] debug-file - Incremental task entry:default@ProcessCompiledResources post-execution cost:1 ms .
[2026-06-05T13:53:01.706] [DEBUG] debug-file - Update task entry:default@PackageHap input file:/Users/wangyifan/Downloads/harmonyOS/harmonychat-main/entry/build/default/intermediates/stripped_native_libs/default cache by regenerate.
[2026-06-05T13:53:01.706] [DEBUG] debug-file - Update task entry:default@PackageHap input file:/Users/wangyifan/Downloads/harmonyOS/harmonychat-main/entry/build/default/intermediates/res/default/module.json cache by regenerate.
[2026-06-05T13:53:01.706] [DEBUG] debug-file - Update task entry:default@PackageHap input file:/Users/wangyifan/Downloads/harmonyOS/harmonychat-main/entry/build/default/intermediates/res/default/resources cache by regenerate.
[2026-06-05T13:53:01.706] [DEBUG] debug-file - Update task entry:default@PackageHap input file:/Users/wangyifan/Downloads/harmonyOS/harmonychat-main/entry/build/default/intermediates/res/default/resources.index cache by regenerate.
[2026-06-05T13:53:01.706] [DEBUG] debug-file - Update task entry:default@PackageHap input file:/Users/wangyifan/Downloads/harmonyOS/harmonychat-main/entry/build/default/outputs/default/pack.info cache by regenerate.
[2026-06-05T13:53:01.706] [DEBUG] debug-file - Update task entry:default@PackageHap input file:/Users/wangyifan/Downloads/harmonyOS/harmonychat-main/entry/build/default/intermediates/loader_out/default/ets cache from map.
[2026-06-05T13:53:01.706] [DEBUG] debug-file - Update task entry:default@PackageHap input file:/Users/wangyifan/Downloads/harmonyOS/harmonychat-main/entry/build/default/intermediates/loader/default/pkgContextInfo.json cache by regenerate.
[2026-06-05T13:53:01.707] [DEBUG] debug-file - Update task entry:default@PackageHap input file:/Users/wangyifan/Downloads/harmonyOS/harmonychat-main/entry/build/default/intermediates/loader_out/default/ets/sourceMaps.map cache by regenerate.
[2026-06-05T13:53:01.707] [DEBUG] debug-file - Update task entry:default@PackageHap input file:/Users/wangyifan/Downloads/harmonyOS/harmonychat-main/entry/build/default/generated/profile/default/BuildProfile.ets cache by regenerate.
[2026-06-05T13:53:01.707] [DEBUG] debug-file - Update task entry:default@PackageHap output file:/Users/wangyifan/Downloads/harmonyOS/harmonychat-main/entry/build/default/outputs/default/entry-default-unsigned.hap cache.
[2026-06-05T13:53:01.707] [DEBUG] debug-file - Update task entry:default@PackageHap output file:/Users/wangyifan/Downloads/harmonyOS/harmonychat-main/entry/build/default/intermediates/source_map/default/sourceMaps.map cache.
[2026-06-05T13:53:01.707] [DEBUG] debug-file - Update task entry:default@PackageHap output file:/Users/wangyifan/Downloads/harmonyOS/harmonychat-main/entry/build/default/outputs/default/mapping/sourceMaps.map cache.
[2026-06-05T13:53:01.707] [DEBUG] debug-file - Incremental task entry:default@PackageHap post-execution cost:1 ms .
[2026-06-05T13:53:01.707] [DEBUG] debug-file - Update task entry:default@SignHap input file:/Users/wangyifan/Downloads/harmonyOS/harmonychat-main/entry/build/default/outputs/default/entry-default-unsigned.hap cache from map.
[2026-06-05T13:53:01.707] [DEBUG] debug-file - Update task entry:default@SignHap output file:/Users/wangyifan/Downloads/harmonyOS/harmonychat-main/entry/build/default/outputs/default/entry-default-signed.hap cache.
[2026-06-05T13:53:01.707] [DEBUG] debug-file - Incremental task entry:default@SignHap post-execution cost:1 ms .
[2026-06-05T13:53:01.707] [DEBUG] debug-file - Update task entry:default@CollectDebugSymbol input file:/Users/wangyifan/Downloads/harmonyOS/harmonychat-main/entry/build/default/intermediates/loader_out/default/ets/sourceMaps.map cache by regenerate.
[2026-06-05T13:53:01.707] [DEBUG] debug-file - Update task entry:default@CollectDebugSymbol input file:/Users/wangyifan/Downloads/harmonyOS/harmonychat-main/entry/build/default/intermediates/libs/default cache by regenerate.
[2026-06-05T13:53:01.707] [DEBUG] debug-file - Update task entry:default@CollectDebugSymbol output file:/Users/wangyifan/Downloads/harmonyOS/harmonychat-main/entry/build/default/outputs/default/symbol cache.
[2026-06-05T13:53:01.707] [DEBUG] debug-file - Incremental task entry:default@CollectDebugSymbol post-execution cost:1 ms .
[2026-06-05T13:53:01.713] [DEBUG] debug-file - Cleanup worker 8.
[2026-06-05T13:53:01.713] [DEBUG] debug-file - Worker 8 has been cleaned up.
[2026-06-05T13:53:01.713] [DEBUG] debug-file - Current idle worker size: 1.
[2026-06-05T13:53:01.713] [DEBUG] debug-file - Current resident worker size: 2.
[2026-06-05T13:53:01.713] [DEBUG] debug-file - hvigor build process will be closed.
[2026-06-05T13:53:01.717] [DEBUG] debug-file - session manager: send message to worker process.
[2026-06-05T13:53:01.717] [DEBUG] debug-file - session manager: send message to worker process.
[2026-06-05T13:53:01.717] [DEBUG] debug-file - watch worker: worker id should be larger than 0. Nothing will be sent to any worker thread.
[2026-06-05T13:53:01.718] [DEBUG] debug-file - watch worker: worker id should be larger than 0. Nothing will be sent to any worker thread.
[2026-06-05T13:53:01.718] [DEBUG] debug-file - worker[8] exits with exit code 1.
